URL,REDIRECTS_TO,TYPE,LANG,STATUS,CANONICAL,ROBOTS,INDEXABLE,TITLE,DESCRIPTION,H1,WORDS,INBOUND,ORPHAN,SCHEMA,HREFLANG,GRADE,ISSUES
https://ekgurulearning.github.io/EkGuru/404.html,https://ekguru.shop/404.html,404.html,en,,https://ekguru.shop/404.html,"noindex, follow",no,Page not found | EkGuru,"That page has moved or never existed. Find a Hindi tutor, a free guide, or an answer to a Hindi question on EkGuru.",Page not found,65,0,YES,,0,C,
https://ekgurulearning.github.io/EkGuru/about/index.html,https://ekguru.shop/about/,about,en,,https://ekguru.shop/about/,"index, follow, max-snippet:-1, max-image-preview:large",yes,About EkGuru — Who Runs This Site and Why | EkGuru,"EkGuru is a small Hindi tutoring site run by Prakash from Jaipur. Who is behind it, how it works, how it makes money, and what it will not do.",About EkGuru,641,551,no,WebPage WebSite Organization BreadcrumbList ListItem ListItem Organization Person CollegeOrUniversity,0,A,
https://ekgurulearning.github.io/EkGuru/admin.html,https://ekguru.shop/admin.html,admin.html,en,,,"noindex,nofollow,noarchive",no,EkGuru — bookings,,Admin unavailable,2342,0,YES,,0,C,
https://ekgurulearning.github.io/EkGuru/answers/best-hindi-movies-to-learn-hindi/index.html,https://ekguru.shop/answers/best-hindi-movies-to-learn-hindi/,answers,en,,https://ekguru.shop/answers/best-hindi-movies-to-learn-hindi/,"index, follow, max-snippet:-1, max-image-preview:large",yes,What are the best Hindi movies for learning Hindi? | EkGuru,"Pick films with ordinary conversation rather than poetry or heavy dialogue: 3 Idiots, Queen, Piku, Dangal and Chhichhore all use everyday spoken Hindi at a…",What are the best Hindi movies for learning Hindi?,449,5,no,QAPage Question Answer Organization BreadcrumbList ListItem ListItem ListItem,0,A,
https://ekgurulearning.github.io/EkGuru/answers/best-way-to-learn-hindi-as-a-beginner/index.html,https://ekguru.shop/answers/best-way-to-learn-hindi-as-a-beginner/,answers,en,,https://ekguru.shop/answers/best-way-to-learn-hindi-as-a-beginner/,"index, follow, max-snippet:-1, max-image-preview:large",yes,What is the best way to learn Hindi as a complete… | EkGuru,Learn Devanagari first — four to eight weeks at twenty minutes a day — then start speaking badly immediately rather than waiting until you feel ready. The…,What is the best way to learn Hindi as a complete beginner?,691,6,no,QAPage Question Answer Organization BreadcrumbList ListItem ListItem ListItem,0,A,
https://ekgurulearning.github.io/EkGuru/answers/can-i-learn-hindi-without-learning-the-script/index.html,https://ekguru.shop/answers/can-i-learn-hindi-without-learning-the-script/,answers,en,,https://ekguru.shop/answers/can-i-learn-hindi-without-learning-the-script/,"index, follow, max-snippet:-1, max-image-preview:large",yes,Can I learn Hindi without learning the Devanagari… | EkGuru,"Yes, and for some goals it is the right choice — if you only want to speak with family or handle a trip, spoken Hindi through romanisation is a legitimate…",Can I learn Hindi without learning the Devanagari script?,715,4,no,QAPage Question Answer Organization BreadcrumbList ListItem ListItem ListItem,0,A,
https://ekgurulearning.github.io/EkGuru/answers/difference-between-hindi-and-urdu/index.html,https://ekguru.shop/answers/difference-between-hindi-and-urdu/,answers,en,,https://ekguru.shop/answers/difference-between-hindi-and-urdu/,"index, follow, max-snippet:-1, max-image-preview:large",yes,What is the difference between Hindi and Urdu? | EkGuru,"In everyday speech there is almost none — a Hindi speaker and an Urdu speaker discussing food, family or the weather understand each other completely. The…",What is the difference between Hindi and Urdu?,605,6,no,QAPage Question Answer Organization BreadcrumbList ListItem ListItem ListItem,0,A,
https://ekgurulearning.github.io/EkGuru/answers/hindi-body-parts-vocabulary/index.html,https://ekguru.shop/answers/hindi-body-parts-vocabulary/,answers,en,,https://ekguru.shop/answers/hindi-body-parts-vocabulary/,"index, follow, max-snippet:-1, max-image-preview:large",yes,What are the body parts in Hindi? | EkGuru,"सिर sir (head), आँख aankh (eye), नाक naak (nose), कान kaan (ear), मुँह munh (mouth), हाथ haath (hand or arm), पैर pair (foot or leg), पेट pet (stomach), दिल…",What are the body parts in Hindi?,452,5,no,QAPage Question Answer Organization BreadcrumbList ListItem ListItem ListItem,0,A,
https://ekgurulearning.github.io/EkGuru/answers/hindi-colours-list/index.html,https://ekguru.shop/answers/hindi-colours-list/,answers,en,,https://ekguru.shop/answers/hindi-colours-list/,"index, follow, max-snippet:-1, max-image-preview:large",yes,What are the colours in Hindi? | EkGuru,"लाल laal (red), नीला neela (blue), हरा hara (green), पीला peela (yellow), काला kaala (black), सफ़ेद safed (white), नारंगी naarangi (orange), गुलाबी gulaabi…",What are the colours in Hindi?,411,5,no,QAPage Question Answer Organization BreadcrumbList ListItem ListItem ListItem,0,A,
https://ekgurulearning.github.io/EkGuru/answers/hindi-days-of-the-week/index.html,https://ekguru.shop/answers/hindi-days-of-the-week/,answers,en,,https://ekguru.shop/answers/hindi-days-of-the-week/,"index, follow, max-snippet:-1, max-image-preview:large",yes,What are the days of the week in Hindi? | EkGuru,"सोमवार somvaar (Monday), मंगलवार mangalvaar (Tuesday), बुधवार budhvaar (Wednesday), गुरुवार guruvaar (Thursday), शुक्रवार shukravaar (Friday), शनिवार…",What are the days of the week in Hindi?,445,6,no,QAPage Question Answer Organization BreadcrumbList ListItem ListItem ListItem,0,A,
https://ekgurulearning.github.io/EkGuru/answers/hindi-family-words/index.html,https://ekguru.shop/answers/hindi-family-words/,answers,en,,https://ekguru.shop/answers/hindi-family-words/,"index, follow, max-snippet:-1, max-image-preview:large",yes,What are the family words in Hindi? | EkGuru,"Hindi has a separate word for nearly every relative, because the relationship itself is built into the word. चाचा is your father's younger brother, ताऊ his…",What are the family words in Hindi?,466,8,no,QAPage Question Answer Organization BreadcrumbList ListItem ListItem ListItem,0,A,
https://ekgurulearning.github.io/EkGuru/answers/hindi-greetings-namaste-and-others/index.html,https://ekguru.shop/answers/hindi-greetings-namaste-and-others/,answers,en,,https://ekguru.shop/answers/hindi-greetings-namaste-and-others/,"index, follow, max-snippet:-1, max-image-preview:large",yes,What are the common Hindi greetings besides namaste? | EkGuru,"नमस्ते (namaste) works everywhere and at any time of day, which is why it is the one everyone learns. But Hindi speakers also use नमस्कार (namaskar) for…",What are the common Hindi greetings besides namaste?,629,4,no,QAPage Question Answer Organization BreadcrumbList ListItem ListItem ListItem,0,A,
https://ekgurulearning.github.io/EkGuru/answers/hindi-months-and-seasons/index.html,https://ekguru.shop/answers/hindi-months-and-seasons/,answers,en,,https://ekguru.shop/answers/hindi-months-and-seasons/,"index, follow, max-snippet:-1, max-image-preview:large",yes,What are the months and seasons in Hindi? | EkGuru,"Everyday Hindi uses the English month names, pronounced with Hindi sounds — जनवरी (janvari), फ़रवरी (farvari), मार्च (maarch). There is also a traditional…",What are the months and seasons in Hindi?,469,6,no,QAPage Question Answer Organization BreadcrumbList ListItem ListItem ListItem,0,A,
https://ekgurulearning.github.io/EkGuru/answers/hindi-numbers-1-to-100/index.html,https://ekguru.shop/answers/hindi-numbers-1-to-100/,answers,en,,https://ekguru.shop/answers/hindi-numbers-1-to-100/,"index, follow, max-snippet:-1, max-image-preview:large",yes,How do you count to 100 in Hindi? | EkGuru,"Hindi numbers are learnt, not built. English gives you twenty-one from &quot;twenty&quot; plus &quot;one&quot;; Hindi gives you इक्कीस (ikkis), which you simply have to know…",How do you count to 100 in Hindi?,480,5,no,QAPage Question Answer Organization BreadcrumbList ListItem ListItem ListItem,0,A,
https://ekgurulearning.github.io/EkGuru/answers/hindi-phrases-for-travelling-in-india/index.html,https://ekguru.shop/answers/hindi-phrases-for-travelling-in-india/,answers,en,,https://ekguru.shop/answers/hindi-phrases-for-travelling-in-india/,"index, follow, max-snippet:-1, max-image-preview:large",yes,What Hindi phrases do I need for travelling in India? | EkGuru,"About fifteen phrases cover most of a trip: a greeting, thank you, how much, where is, too expensive, I don't understand, and a handful of numbers. English…",What Hindi phrases do I need for travelling in India?,523,8,no,QAPage Question Answer Organization BreadcrumbList ListItem ListItem ListItem,0,A,
https://ekgurulearning.github.io/EkGuru/answers/hindi-postpositions-ka-ki-ke/index.html,https://ekguru.shop/answers/hindi-postpositions-ka-ki-ke/,answers,en,,https://ekguru.shop/answers/hindi-postpositions-ka-ki-ke/,"index, follow, max-snippet:-1, max-image-preview:large",yes,"When do you use ka, ki and ke in Hindi? | EkGuru","का, की and के all mean &quot;of&quot; or possessive 's — and which one you use depends on the gender and number of the thing being POSSESSED, not the owner. राम का…","When do you use ka, ki and ke in Hindi?",496,7,no,QAPage Question Answer Organization BreadcrumbList ListItem ListItem ListItem,0,A,
https://ekgurulearning.github.io/EkGuru/answers/hindi-pronouns-explained/index.html,https://ekguru.shop/answers/hindi-pronouns-explained/,answers,en,,https://ekguru.shop/answers/hindi-pronouns-explained/,"index, follow, max-snippet:-1, max-image-preview:large",yes,What are the Hindi pronouns and when do you use tu… | EkGuru,Hindi has three words for 'you' and choosing wrong is the fastest way to offend someone. आप (aap) is respectful and the safe default for any adult. तुम…,"What are the Hindi pronouns and when do you use tu, tum and aap?",678,7,no,QAPage Question Answer Organization BreadcrumbList ListItem ListItem ListItem,0,A,
https://ekgurulearning.github.io/EkGuru/answers/hindi-verb-hona-to-be/index.html,https://ekguru.shop/answers/hindi-verb-hona-to-be/,answers,en,,https://ekguru.shop/answers/hindi-verb-hona-to-be/,"index, follow, max-snippet:-1, max-image-preview:large",yes,How does the verb 'to be' work in Hindi? | EkGuru,"होना (hona) is the most important verb in Hindi and it is irregular. In the present tense it has five forms: हूँ (hoon) for I, है (hai) for he/she/it and…",How does the verb 'to be' work in Hindi?,653,5,no,QAPage Question Answer Organization BreadcrumbList ListItem ListItem ListItem,0,A,
https://ekgurulearning.github.io/EkGuru/answers/hindi-vs-punjabi-vs-bengali/index.html,https://ekguru.shop/answers/hindi-vs-punjabi-vs-bengali/,answers,en,,https://ekguru.shop/answers/hindi-vs-punjabi-vs-bengali/,"index, follow, max-snippet:-1, max-image-preview:large",yes,How is Hindi different from Punjabi and Bengali? | EkGuru,"All three are Indo-Aryan languages descended from Sanskrit, but they are separate languages, not dialects. Hindi uses Devanagari, Punjabi in India uses…",How is Hindi different from Punjabi and Bengali?,555,7,no,QAPage Question Answer Organization BreadcrumbList ListItem ListItem ListItem,0,A,
https://ekgurulearning.github.io/EkGuru/answers/hindi-vs-sanskrit-difference/index.html,https://ekguru.shop/answers/hindi-vs-sanskrit-difference/,answers,en,,https://ekguru.shop/answers/hindi-vs-sanskrit-difference/,"index, follow, max-snippet:-1, max-image-preview:large",yes,What is the difference between Hindi and Sanskrit? | EkGuru,"Sanskrit is the ancient classical language of India; Hindi is a modern language descended from it, roughly as Italian descends from Latin. They share the…",What is the difference between Hindi and Sanskrit?,536,7,no,QAPage Question Answer Organization BreadcrumbList ListItem ListItem ListItem,0,A,
https://ekgurulearning.github.io/EkGuru/answers/hindi-word-order-explained/index.html,https://ekguru.shop/answers/hindi-word-order-explained/,answers,en,,https://ekguru.shop/answers/hindi-word-order-explained/,"index, follow, max-snippet:-1, max-image-preview:large",yes,What is the word order in Hindi? | EkGuru,Hindi is subject-object-verb: the verb goes last. &quot;I eat rice&quot; is मैं चावल खाता हूँ — literally &quot;I rice eat&quot;. Adjectives come before nouns as in English…,What is the word order in Hindi?,539,6,no,QAPage Question Answer Organization BreadcrumbList ListItem ListItem ListItem,0,A,
https://ekgurulearning.github.io/EkGuru/answers/how-to-ask-for-directions-in-hindi/index.html,https://ekguru.shop/answers/how-to-ask-for-directions-in-hindi/,answers,en,,https://ekguru.shop/answers/how-to-ask-for-directions-in-hindi/,"index, follow, max-snippet:-1, max-image-preview:large",yes,How do you ask for directions in Hindi? | EkGuru,The one sentence to memorise is …कहाँ है? (…kahaan hai?) — where is…? Point at a map or say the place name in front of it: स्टेशन कहाँ है? The answers you…,How do you ask for directions in Hindi?,496,9,no,QAPage Question Answer Organization BreadcrumbList ListItem ListItem ListItem,0,A,
https://ekgurulearning.github.io/EkGuru/answers/how-to-order-food-in-hindi/index.html,https://ekguru.shop/answers/how-to-order-food-in-hindi/,answers,en,,https://ekguru.shop/answers/how-to-order-food-in-hindi/,"index, follow, max-snippet:-1, max-image-preview:large",yes,How do you order food in Hindi? | EkGuru,"…दीजिए (…deejiye) is the polite &quot;please give me&quot;: एक चाय दीजिए, one tea please. For the bill, बिल दीजिए. To ask the price, कितने का है? (kitne ka hai?). And…",How do you order food in Hindi?,481,8,no,QAPage Question Answer Organization BreadcrumbList ListItem ListItem ListItem,0,A,
https://ekgurulearning.github.io/EkGuru/answers/how-to-practice-hindi-speaking-alone/index.html,https://ekguru.shop/answers/how-to-practice-hindi-speaking-alone/,answers,en,,https://ekguru.shop/answers/how-to-practice-hindi-speaking-alone/,"index, follow, max-snippet:-1, max-image-preview:large",yes,How can I practise speaking Hindi alone? | EkGuru,"You can build a great deal alone: shadowing, recording yourself, narrating your day out loud, and talking to a phone's voice keyboard. What you cannot do…",How can I practise speaking Hindi alone?,564,5,no,QAPage Question Answer Organization BreadcrumbList ListItem ListItem ListItem,0,A,
https://ekgurulearning.github.io/EkGuru/answers/how-to-say-goodbye-in-hindi/index.html,https://ekguru.shop/answers/how-to-say-goodbye-in-hindi/,answers,en,,https://ekguru.shop/answers/how-to-say-goodbye-in-hindi/,"index, follow, max-snippet:-1, max-image-preview:large",yes,How do you say goodbye in Hindi? | EkGuru,"नमस्ते (namaste) is goodbye as well as hello — the same word does both, and it is never wrong. फिर मिलेंगे (phir milenge) means &quot;we will meet again&quot; and is…",How do you say goodbye in Hindi?,437,9,no,QAPage Question Answer Organization BreadcrumbList ListItem ListItem ListItem,0,A,
https://ekgurulearning.github.io/EkGuru/answers/how-to-say-i-am-hungry-in-hindi/index.html,https://ekguru.shop/answers/how-to-say-i-am-hungry-in-hindi/,answers,en,,https://ekguru.shop/answers/how-to-say-i-am-hungry-in-hindi/,"index, follow, max-snippet:-1, max-image-preview:large",yes,How do you say I am hungry in Hindi? | EkGuru,"मुझे भूख लगी है (mujhe bhookh lagi hai). Literally that is &quot;to me hunger has attached&quot; — Hindi treats hunger as something that happens to you, not something…",How do you say I am hungry in Hindi?,343,6,no,QAPage Question Answer Organization BreadcrumbList ListItem ListItem ListItem,0,A,
https://ekgurulearning.github.io/EkGuru/answers/how-to-say-i-am-learning-hindi/index.html,https://ekguru.shop/answers/how-to-say-i-am-learning-hindi/,answers,en,,https://ekguru.shop/answers/how-to-say-i-am-learning-hindi/,"index, follow, max-snippet:-1, max-image-preview:large",yes,How do you say &quot;I am learning Hindi&quot; in Hindi? | EkGuru,"मैं हिंदी सीख रहा हूँ (main hindi seekh raha hoon) if you are male, मैं हिंदी सीख रही हूँ (seekh rahi hoon) if you are female. The verb changes with the…",How do you say I am learning Hindi in Hindi?,554,4,no,QAPage Question Answer Organization BreadcrumbList ListItem ListItem ListItem,0,A,
https://ekgurulearning.github.io/EkGuru/answers/how-to-say-please-and-thank-you-in-hindi/index.html,https://ekguru.shop/answers/how-to-say-please-and-thank-you-in-hindi/,answers,en,,https://ekguru.shop/answers/how-to-say-please-and-thank-you-in-hindi/,"index, follow, max-snippet:-1, max-image-preview:large",yes,How do you say please and thank you in Hindi? | EkGuru,"Thank you is धन्यवाद (dhanyavaad) or the more everyday शुक्रिया (shukriya). Please is कृपया (kripaya), but in real speech Hindi rarely uses a separate word…",How do you say please and thank you in Hindi?,568,5,no,QAPage Question Answer Organization BreadcrumbList ListItem ListItem ListItem,0,A,
https://ekgurulearning.github.io/EkGuru/answers/how-to-tell-the-time-in-hindi/index.html,https://ekguru.shop/answers/how-to-tell-the-time-in-hindi/,answers,en,,https://ekguru.shop/answers/how-to-tell-the-time-in-hindi/,"index, follow, max-snippet:-1, max-image-preview:large",yes,How do you tell the time in Hindi? | EkGuru,Use बजे (baje) for the hour: तीन बजे (teen baje) is three o'clock. Half past is साढ़े (saadhe) before the hour — साढ़े तीन is 3:30 — but half past one and…,How do you tell the time in Hindi?,481,7,no,QAPage Question Answer Organization BreadcrumbList ListItem ListItem ListItem,0,A,
https://ekgurulearning.github.io/EkGuru/answers/how-to-type-hindi-on-phone/index.html,https://ekguru.shop/answers/how-to-type-hindi-on-phone/,answers,en,,https://ekguru.shop/answers/how-to-type-hindi-on-phone/,"index, follow, max-snippet:-1, max-image-preview:large",yes,How do you type in Hindi on a phone or computer? | EkGuru,"On a phone, add the Hindi keyboard in your settings and use the transliteration mode: type &quot;namaste&quot; and it offers नमस्ते. On Windows, add Hindi under…",How do you type in Hindi on a phone or computer?,502,7,no,QAPage Question Answer Organization BreadcrumbList ListItem ListItem ListItem,0,A,
https://ekgurulearning.github.io/EkGuru/answers/index.html,https://ekguru.shop/answers/,answers,en,,https://ekguru.shop/answers/,"index, follow, max-snippet:-1, max-image-preview:large",yes,Hindi Answers | EkGuru,"Straight answers to real questions about learning Hindi, written by native-speaking tutors.",Hindi answers,1344,257,no,CollectionPage Question Question Question Question Question Question Question Question Question Question Question Question Question Question Question Question Question Question Question Question Question Question Question Question Question Question Question Question BreadcrumbList ListItem ListItem,0,A,
https://ekgurulearning.github.io/EkGuru/answers/what-does-ji-mean-in-hindi/index.html,https://ekguru.shop/answers/what-does-ji-mean-in-hindi/,answers,en,,https://ekguru.shop/answers/what-does-ji-mean-in-hindi/,"index, follow, max-snippet:-1, max-image-preview:large",yes,What does &quot;ji&quot; mean in Hindi? | EkGuru,"जी (ji) is a respect marker with no English equivalent. Added after a name or title it makes it polite — नमस्ते जी, पापा जी, गांधी जी. On its own it means a…",What does ji mean in Hindi?,496,6,no,QAPage Question Answer Organization BreadcrumbList ListItem ListItem ListItem,0,A,
https://ekgurulearning.github.io/EkGuru/ar/find-tutors.html,https://ekguru.shop/ar/find-tutors.html,ar,ar,,https://ekguru.shop/ar/find-tutors.html,"index, follow, max-snippet:-1, max-image-preview:large",yes,ابحث عن معلم لغة هندية عبر الإنترنت | EkGuru,تصفح معلمي الهندية الموثوقين وصفِّ حسب المستوى والسعر والتقييم.,ابحث عن معلم الهندية,515,7,no,WebPage BreadcrumbList ListItem ListItem ItemList ListItem ListItem ListItem ListItem,15,A,
https://ekgurulearning.github.io/EkGuru/ar/hindi/index.html,https://ekguru.shop/ar/hindi/,ar,ar,,https://ekguru.shop/ar/hindi/,"index, follow, max-snippet:-1, max-image-preview:large",yes,تعلم اللغة الهندية — دليل شامل | EkGuru,كيف تتعلم الهندية من الصفر: أبجدية ديفاناغاري، النطق، أول العبارات، والمفردات التي تعرفها بالفعل من العربية.,تعلم الهندية من الصفر,724,43,no,Article Language Organization Organization FAQPage Question Answer Question Answer Question Answer BreadcrumbList ListItem ListItem,18,A,
https://ekgurulearning.github.io/EkGuru/ar/index.html,https://ekguru.shop/ar/,ar,ar,,https://ekguru.shop/ar/,"index, follow, max-snippet:-1, max-image-preview:large",yes,تعلم اللغة الهندية عبر الإنترنت مع معلم خاص | EkGuru,تعلم الهندية أونلاين مع معلمين ناطقين موثوقين. دروس فردية من 6 دولارات.,تعلّم الهندية مع معلمك الخاص,481,2,no,WebPage BreadcrumbList ListItem ListItem ItemList ListItem ListItem ListItem ListItem,15,A,
https://ekgurulearning.github.io/EkGuru/ar/join.html,https://ekguru.shop/ar/join.html,ar,ar,,https://ekguru.shop/ar/join.html,"index, follow, max-snippet:-1, max-image-preview:large",yes,كن معلم لغة هندية — درّس على EkGuru,درّس الهندية عبر الإنترنت مع EkGuru. إدراج مجاني، بدون عمولة.,كن معلماً في EkGuru,426,2,no,WebPage BreadcrumbList ListItem ListItem ItemList ListItem ListItem ListItem ListItem,15,A,
https://ekgurulearning.github.io/EkGuru/ask/best-way-to-learn-hindi-for-beginners/index.html,https://ekguru.shop/ask/best-way-to-learn-hindi-for-beginners/,ask,en,,https://ekguru.shop/ask/best-way-to-learn-hindi-for-beginners/,"index, follow, max-snippet:-1, max-image-preview:large",yes,What is the best way to learn Hindi for a complete… | EkGuru,"Learn the script in the first two weeks, learn 100 high-frequency words, and start speaking with a person before you feel ready. Apps are good for…",What is the best way to learn Hindi for a complete beginner?,725,44,no,QAPage Question Organization Answer Organization FAQPage Question Answer Question Answer Question Answer BreadcrumbList ListItem ListItem ListItem,0,A,
https://ekgurulearning.github.io/EkGuru/ask/can-i-learn-hindi-by-myself/index.html,https://ekguru.shop/ask/can-i-learn-hindi-by-myself/,ask,en,,https://ekguru.shop/ask/can-i-learn-hindi-by-myself/,"index, follow, max-snippet:-1, max-image-preview:large",yes,Can I learn Hindi by myself? | EkGuru,You can reach a good reading and listening level entirely alone — the free material is genuinely excellent. What you cannot do alone is learn to speak…,Can I learn Hindi by myself?,781,45,no,QAPage Question Organization Answer Organization FAQPage Question Answer Question Answer Question Answer BreadcrumbList ListItem ListItem ListItem,0,A,
https://ekgurulearning.github.io/EkGuru/ask/can-i-learn-hindi-from-bollywood-alone/index.html,https://ekguru.shop/ask/can-i-learn-hindi-from-bollywood-alone/,ask,en,,https://ekguru.shop/ask/can-i-learn-hindi-from-bollywood-alone/,"index, follow, max-snippet:-1, max-image-preview:large",yes,Can I learn Hindi just by watching Bollywood? | EkGuru,"You can build a very good ear and a large passive vocabulary. You cannot learn to speak, and you will pick up a register that sounds wrong in ordinary…",Can I learn Hindi just by watching Bollywood?,739,45,no,QAPage Question Organization Answer Organization FAQPage Question Answer BreadcrumbList ListItem ListItem ListItem,0,A,
https://ekgurulearning.github.io/EkGuru/ask/can-i-learn-hindi-in-3-months/index.html,https://ekguru.shop/ask/can-i-learn-hindi-in-3-months/,ask,en,,https://ekguru.shop/ask/can-i-learn-hindi-in-3-months/,"index, follow, max-snippet:-1, max-image-preview:large",yes,Can I learn Hindi in 3 months? | EkGuru,"You can reach useful conversational Hindi in three months — introducing yourself, shopping, directions, small talk — if you study most days and speak with a…",Can I learn Hindi in 3 months?,726,46,no,QAPage Question Organization Answer Organization FAQPage Question Answer Question Answer Question Answer BreadcrumbList ListItem ListItem ListItem,0,A,
https://ekgurulearning.github.io/EkGuru/ask/cheapest-way-to-learn-hindi/index.html,https://ekguru.shop/ask/cheapest-way-to-learn-hindi/,ask,en,,https://ekguru.shop/ask/cheapest-way-to-learn-hindi/,"index, follow, max-snippet:-1, max-image-preview:large",yes,What is the cheapest way to learn Hindi? | EkGuru,"Free resources cover most of it. Apps, YouTube and free guides cost nothing and will teach you vocabulary, script and listening. The one thing they cannot…",What is the cheapest way to learn Hindi?,800,44,no,QAPage Question Organization Answer Organization FAQPage Question Answer Question Answer Question Answer BreadcrumbList ListItem ListItem ListItem,0,A,
https://ekgurulearning.github.io/EkGuru/ask/do-hindi-speakers-mind-mistakes/index.html,https://ekguru.shop/ask/do-hindi-speakers-mind-mistakes/,ask,en,,https://ekguru.shop/ask/do-hindi-speakers-mind-mistakes/,"index, follow, max-snippet:-1, max-image-preview:large",yes,Will Hindi speakers mind if I make mistakes? | EkGuru,"Almost universally no — the reaction to a foreigner attempting Hindi is warmth, not correction. The bigger risk is being answered in English out of…",Will Hindi speakers mind if I make mistakes?,745,45,no,QAPage Question Organization Answer Organization FAQPage Question Answer BreadcrumbList ListItem ListItem ListItem,0,A,
https://ekgurulearning.github.io/EkGuru/ask/do-i-need-to-learn-devanagari/index.html,https://ekguru.shop/ask/do-i-need-to-learn-devanagari/,ask,en,,https://ekguru.shop/ask/do-i-need-to-learn-devanagari/,"index, follow, max-snippet:-1, max-image-preview:large",yes,Do I need to learn the Devanagari script to speak… | EkGuru,"Strictly no — you can learn to speak using romanised Hindi. But it is a false economy: Devanagari takes about two weeks, and skipping it makes everything…",Do I need to learn the Devanagari script to speak Hindi?,791,46,no,QAPage Question Organization Answer Organization FAQPage Question Answer Question Answer Question Answer BreadcrumbList ListItem ListItem ListItem,0,A,
https://ekgurulearning.github.io/EkGuru/ask/hindi-alphabet-question/index.html,https://ekguru.shop/ask/hindi-alphabet-question/,ask,en,,https://ekguru.shop/ask/hindi-alphabet-question/,"index, follow, max-snippet:-1, max-image-preview:large",yes,How many letters are in the Hindi alphabet? | EkGuru,"Hindi has 11 vowels and 33 consonants — 44 core letters. Counts of 46, 48 or 52 appear because some lists include extra vowels, conjunct letters like क्ष…",How many letters are in the Hindi alphabet?,748,45,no,QAPage Question Organization Answer Organization FAQPage Question Answer Question Answer Question Answer BreadcrumbList ListItem ListItem ListItem,0,A,
https://ekgurulearning.github.io/EkGuru/ask/hindi-family-question/index.html,https://ekguru.shop/ask/hindi-family-question/,ask,en,,https://ekguru.shop/ask/hindi-family-question/,"index, follow, max-snippet:-1, max-image-preview:large",yes,Why does Hindi have so many words for uncle? | EkGuru,"Because the relationship itself is part of the word. चाचा is your father's younger brother, ताऊ his elder brother, मामा your mother's brother, and फूफा your…",Why does Hindi have so many words for uncle?,700,44,no,QAPage Question Organization Answer Organization FAQPage Question Answer Question Answer Question Answer BreadcrumbList ListItem ListItem ListItem,0,A,
https://ekgurulearning.github.io/EkGuru/ask/hindi-for-kids-how-to-start/index.html,https://ekguru.shop/ask/hindi-for-kids-how-to-start/,ask,en,,https://ekguru.shop/ask/hindi-for-kids-how-to-start/,"index, follow, max-snippet:-1, max-image-preview:large",yes,How can I teach my child Hindi? | EkGuru,"Speak it at home from the start if you can, use songs and cartoons rather than lessons before about age seven, and add a tutor once they can already follow…",How can I teach my child Hindi?,728,45,no,QAPage Question Organization Answer Organization FAQPage Question Answer Question Answer Question Answer BreadcrumbList ListItem ListItem ListItem,0,A,
https://ekgurulearning.github.io/EkGuru/ask/hindi-or-urdu-question/index.html,https://ekguru.shop/ask/hindi-or-urdu-question/,ask,en,,https://ekguru.shop/ask/hindi-or-urdu-question/,"index, follow, max-snippet:-1, max-image-preview:large",yes,Are Hindi and Urdu the same language? | EkGuru,"In speech, largely yes — a Hindi speaker and an Urdu speaker understand each other completely. In writing, no: Hindi uses Devanagari left to right, Urdu…",Are Hindi and Urdu the same language?,671,44,no,QAPage Question Organization Answer Organization FAQPage Question Answer Question Answer Question Answer BreadcrumbList ListItem ListItem ListItem,0,A,
https://ekgurulearning.github.io/EkGuru/ask/hindi-or-urdu-which-to-learn/index.html,https://ekguru.shop/ask/hindi-or-urdu-which-to-learn/,ask,en,,https://ekguru.shop/ask/hindi-or-urdu-which-to-learn/,"index, follow, max-snippet:-1, max-image-preview:large",yes,Should I learn Hindi or Urdu? | EkGuru,"Spoken, they are close enough that learning one gives you most of the other. Choose by script and destination: Hindi uses Devanagari and is what you need…",Should I learn Hindi or Urdu?,704,44,no,QAPage Question Organization Answer Organization FAQPage Question Answer Question Answer Question Answer BreadcrumbList ListItem ListItem ListItem,0,A,
https://ekgurulearning.github.io/EkGuru/ask/hindi-words-every-beginner-should-know/index.html,https://ekguru.shop/ask/hindi-words-every-beginner-should-know/,ask,en,,https://ekguru.shop/ask/hindi-words-every-beginner-should-know/,"index, follow, max-snippet:-1, max-image-preview:large",yes,What are the most useful Hindi words for a beginner? | EkGuru,"About twenty words carry most everyday conversation: हाँ (yes), नहीं (no), क्या (what), कहाँ (where), कितना (how much), पानी (water), खाना (food), अच्छा…",What are the most useful Hindi words for a beginner?,708,47,no,QAPage Question Organization Answer Organization FAQPage Question Answer Question Answer Question Answer BreadcrumbList ListItem ListItem ListItem,0,A,
https://ekgurulearning.github.io/EkGuru/ask/how-long-to-learn-hindi/index.html,https://ekguru.shop/ask/how-long-to-learn-hindi/,ask,en,,https://ekguru.shop/ask/how-long-to-learn-hindi/,"index, follow, max-snippet:-1, max-image-preview:large",yes,How long does it take to learn Hindi? | EkGuru,"Around 4–6 months of consistent study for simple conversation, and 1–2 years for comfortable everyday fluency. The Foreign Service Institute's full-time…",How long does it take to learn Hindi?,683,45,no,QAPage Question Organization Answer Organization FAQPage Question Answer Question Answer Question Answer BreadcrumbList ListItem ListItem ListItem,0,A,
https://ekgurulearning.github.io/EkGuru/ask/how-long-to-read-hindi-script/index.html,https://ekguru.shop/ask/how-long-to-read-hindi-script/,ask,en,,https://ekguru.shop/ask/how-long-to-read-hindi-script/,"index, follow, max-snippet:-1, max-image-preview:large",yes,How long does it take to learn to read Devanagari? | EkGuru,"Most learners read simple words within four to six weeks of regular practice, and read fluently — without sounding out — in about six months.",How long does it take to learn to read Devanagari?,746,44,no,QAPage Question Organization Answer Organization FAQPage Question Answer BreadcrumbList ListItem ListItem ListItem,0,A,
https://ekgurulearning.github.io/EkGuru/ask/how-many-words-do-i-need-in-hindi/index.html,https://ekguru.shop/ask/how-many-words-do-i-need-in-hindi/,ask,en,,https://ekguru.shop/ask/how-many-words-do-i-need-in-hindi/,"index, follow, max-snippet:-1, max-image-preview:large",yes,How many Hindi words do I need to know? | EkGuru,"About 500 words for everyday survival, 1,500 for comfortable conversation, and around 3,000 to follow a film without subtitles. The first 200 do most of the…",How many Hindi words do I need to know?,712,43,no,QAPage Question Organization Answer Organization FAQPage Question Answer BreadcrumbList ListItem ListItem ListItem,0,A,
https://ekgurulearning.github.io/EkGuru/ask/how-much-does-a-hindi-tutor-cost/index.html,https://ekguru.shop/ask/how-much-does-a-hindi-tutor-cost/,ask,en,,https://ekguru.shop/ask/how-much-does-a-hindi-tutor-cost/,"index, follow, max-snippet:-1, max-image-preview:large",yes,How much does a Hindi tutor cost? | EkGuru,"Online Hindi tutors cost roughly $6 to $6 an hour. Tutors based in India typically charge $6–$6; tutors in the US, UK or Europe charge $6–$6 for the…",How much does a Hindi tutor cost?,718,44,no,QAPage Question Organization Answer Organization FAQPage Question Answer Question Answer Question Answer BreadcrumbList ListItem ListItem ListItem,0,A,
https://ekgurulearning.github.io/EkGuru/ask/how-to-count-1-to-10-in-hindi/index.html,https://ekguru.shop/ask/how-to-count-1-to-10-in-hindi/,ask,en,,https://ekguru.shop/ask/how-to-count-1-to-10-in-hindi/,"index, follow, max-snippet:-1, max-image-preview:large",yes,How do you count from 1 to 10 in Hindi? | EkGuru,"एक ek (1), दो do (2), तीन teen (3), चार chaar (4), पाँच paanch (5), छह chhah (6), सात saat (7), आठ aath (8), नौ nau (9), दस das (10).",How do you count from 1 to 10 in Hindi?,735,44,no,QAPage Question Organization Answer Organization FAQPage Question Answer Question Answer Question Answer BreadcrumbList ListItem ListItem ListItem,0,A,
https://ekgurulearning.github.io/EkGuru/ask/how-to-introduce-yourself-in-hindi/index.html,https://ekguru.shop/ask/how-to-introduce-yourself-in-hindi/,ask,en,,https://ekguru.shop/ask/how-to-introduce-yourself-in-hindi/,"index, follow, max-snippet:-1, max-image-preview:large",yes,How do you introduce yourself in Hindi? | EkGuru,"नमस्ते, मेरा नाम ___ है (namaste, mera naam ___ hai) — hello, my name is ___. Then मैं ___ से हूँ (main ___ se hoon) for where you are from.",How do you introduce yourself in Hindi?,743,44,no,QAPage Question Organization Answer Organization FAQPage Question Answer Question Answer Question Answer BreadcrumbList ListItem ListItem ListItem,0,A,
https://ekgurulearning.github.io/EkGuru/ask/how-to-practice-hindi-without-a-partner/index.html,https://ekguru.shop/ask/how-to-practice-hindi-without-a-partner/,ask,en,,https://ekguru.shop/ask/how-to-practice-hindi-without-a-partner/,"index, follow, max-snippet:-1, max-image-preview:large",yes,How can I practise speaking Hindi if I have nobody… | EkGuru,"Speak aloud anyway — narrate what you are doing, record sixty seconds and listen back. It is worth much less than a real conversation and much more than…",How can I practise speaking Hindi if I have nobody to talk to?,667,44,no,QAPage Question Organization Answer Organization FAQPage Question Answer BreadcrumbList ListItem ListItem ListItem,0,A,
https://ekgurulearning.github.io/EkGuru/ask/how-to-remember-hindi-genders/index.html,https://ekguru.shop/ask/how-to-remember-hindi-genders/,ask,en,,https://ekguru.shop/ask/how-to-remember-hindi-genders/,"index, follow, max-snippet:-1, max-image-preview:large",yes,How do I remember whether a Hindi noun is masculine… | EkGuru,"Learn the gender with the noun, never separately, and use the endings as a rough guide: most nouns ending in आ are masculine and most ending in ई are…",How do I remember whether a Hindi noun is masculine or feminine?,725,44,no,QAPage Question Organization Answer Organization FAQPage Question Answer BreadcrumbList ListItem ListItem ListItem,0,A,
https://ekgurulearning.github.io/EkGuru/ask/how-to-say-good-morning-in-hindi/index.html,https://ekguru.shop/ask/how-to-say-good-morning-in-hindi/,ask,en,,https://ekguru.shop/ask/how-to-say-good-morning-in-hindi/,"index, follow, max-snippet:-1, max-image-preview:large",yes,How do you say good morning in Hindi? | EkGuru,"सुप्रभात (suprabhaat) is the literal translation, but almost nobody says it in conversation. In real life people say नमस्ते (namaste) at any hour, or simply…",How do you say good morning in Hindi?,704,44,no,QAPage Question Organization Answer Organization FAQPage Question Answer Question Answer Question Answer BreadcrumbList ListItem ListItem ListItem,0,A,
https://ekgurulearning.github.io/EkGuru/ask/how-to-say-hello-in-hindi-question/index.html,https://ekguru.shop/ask/how-to-say-hello-in-hindi-question/,ask,en,,https://ekguru.shop/ask/how-to-say-hello-in-hindi-question/,"index, follow, max-snippet:-1, max-image-preview:large",yes,How do you say hello in Hindi? | EkGuru,"नमस्ते (namaste) works at any time of day and is never wrong. Press your palms together at chest height and dip your head slightly. Among friends, क्या हाल…",How do you say hello in Hindi?,676,44,no,QAPage Question Organization Answer Organization FAQPage Question Answer Question Answer Question Answer BreadcrumbList ListItem ListItem ListItem,0,A,
https://ekgurulearning.github.io/EkGuru/ask/how-to-say-how-are-you-in-hindi/index.html,https://ekguru.shop/ask/how-to-say-how-are-you-in-hindi/,ask,en,,https://ekguru.shop/ask/how-to-say-how-are-you-in-hindi/,"index, follow, max-snippet:-1, max-image-preview:large",yes,How do you say how are you in Hindi? | EkGuru,"आप कैसे हैं? (aap kaise hain?) to a man and आप कैसी हैं? (aap kaisi hain?) to a woman. To a friend, क्या हाल है? (kya haal hai?) — same phrase for everyone.",How do you say how are you in Hindi?,702,45,no,QAPage Question Organization Answer Organization FAQPage Question Answer Question Answer Question Answer BreadcrumbList ListItem ListItem ListItem,0,A,
https://ekgurulearning.github.io/EkGuru/ask/how-to-say-i-dont-understand-in-hindi/index.html,https://ekguru.shop/ask/how-to-say-i-dont-understand-in-hindi/,ask,en,,https://ekguru.shop/ask/how-to-say-i-dont-understand-in-hindi/,"index, follow, max-snippet:-1, max-image-preview:large",yes,How do you say I don't understand in Hindi? | EkGuru,"मुझे समझ नहीं आया (mujhe samajh nahin aaya) — I didn't understand. For &quot;I don't speak Hindi&quot;, say मुझे हिंदी नहीं आती (mujhe hindi nahin aati).",How do you say I don't understand in Hindi?,721,46,no,QAPage Question Organization Answer Organization FAQPage Question Answer Question Answer Question Answer BreadcrumbList ListItem ListItem ListItem,0,A,
https://ekgurulearning.github.io/EkGuru/ask/how-to-say-i-love-you-in-hindi/index.html,https://ekguru.shop/ask/how-to-say-i-love-you-in-hindi/,ask,en,,https://ekguru.shop/ask/how-to-say-i-love-you-in-hindi/,"index, follow, max-snippet:-1, max-image-preview:large",yes,How do you say I love you in Hindi? | EkGuru,"मैं तुमसे प्यार करता हूँ (main tumse pyaar karta hoon) if you are male, मैं तुमसे प्यार करती हूँ (main tumse pyaar karti hoon) if you are female. The verb…",How do you say I love you in Hindi?,769,44,no,QAPage Question Organization Answer Organization FAQPage Question Answer Question Answer Question Answer BreadcrumbList ListItem ListItem ListItem,0,A,
https://ekgurulearning.github.io/EkGuru/ask/how-to-say-please-in-hindi/index.html,https://ekguru.shop/ask/how-to-say-please-in-hindi/,ask,en,,https://ekguru.shop/ask/how-to-say-please-in-hindi/,"index, follow, max-snippet:-1, max-image-preview:large",yes,How do you say please in Hindi? | EkGuru,"कृपया (kripya) is the textbook word, but Hindi mostly conveys &quot;please&quot; through the polite verb form instead. बैठिए (baithiye) already means &quot;please sit&quot;…",How do you say please in Hindi?,721,44,no,QAPage Question Organization Answer Organization FAQPage Question Answer Question Answer Question Answer BreadcrumbList ListItem ListItem ListItem,0,A,
https://ekgurulearning.github.io/EkGuru/ask/how-to-say-sorry-in-hindi/index.html,https://ekguru.shop/ask/how-to-say-sorry-in-hindi/,ask,en,,https://ekguru.shop/ask/how-to-say-sorry-in-hindi/,"index, follow, max-snippet:-1, max-image-preview:large",yes,How do you say sorry in Hindi? | EkGuru,"माफ़ कीजिए (maaf kijiye) for a real apology, सॉरी (sorry) in English for small everyday things. Most Indians say the English word for bumping into someone…",How do you say sorry in Hindi?,687,44,no,QAPage Question Organization Answer Organization FAQPage Question Answer Question Answer Question Answer BreadcrumbList ListItem ListItem ListItem,0,A,
https://ekgurulearning.github.io/EkGuru/ask/how-to-say-sorry-in-hindi-properly/index.html,https://ekguru.shop/ask/how-to-say-sorry-in-hindi-properly/,ask,en,,https://ekguru.shop/ask/how-to-say-sorry-in-hindi-properly/,"index, follow, max-snippet:-1, max-image-preview:large",yes,How do you apologise in Hindi? | EkGuru,"माफ़ कीजिए (maaf keejiye) for a real apology, सॉरी — the English word — for a small everyday one. Hindi speakers use the English 'sorry' constantly and…",How do you apologise in Hindi?,726,44,no,QAPage Question Organization Answer Organization FAQPage Question Answer BreadcrumbList ListItem ListItem ListItem,0,A,
https://ekgurulearning.github.io/EkGuru/ask/how-to-say-thank-you-in-hindi/index.html,https://ekguru.shop/ask/how-to-say-thank-you-in-hindi/,ask,en,,https://ekguru.shop/ask/how-to-say-thank-you-in-hindi/,"index, follow, max-snippet:-1, max-image-preview:large",yes,How do you say thank you in Hindi? | EkGuru,The two everyday words are शुक्रिया (shukriya) and धन्यवाद (dhanyavaad). In ordinary conversation most people say shukriya; dhanyavaad is more formal and…,How do you say thank you in Hindi?,718,44,no,QAPage Question Organization Answer Organization FAQPage Question Answer Question Answer Question Answer BreadcrumbList ListItem ListItem ListItem,0,A,
https://ekgurulearning.github.io/EkGuru/ask/how-to-say-what-is-your-name-in-hindi/index.html,https://ekguru.shop/ask/how-to-say-what-is-your-name-in-hindi/,ask,en,,https://ekguru.shop/ask/how-to-say-what-is-your-name-in-hindi/,"index, follow, max-snippet:-1, max-image-preview:large",yes,How do you say what is your name in Hindi? | EkGuru,"आपका नाम क्या है? (aapka naam kya hai?) politely, or तुम्हारा नाम क्या है? (tumhara naam kya hai?) to a friend or a child.",How do you say what is your name in Hindi?,651,44,no,QAPage Question Organization Answer Organization FAQPage Question Answer Question Answer Question Answer BreadcrumbList ListItem ListItem ListItem,0,A,
https://ekgurulearning.github.io/EkGuru/ask/how-to-say-yes-and-no-in-hindi/index.html,https://ekguru.shop/ask/how-to-say-yes-and-no-in-hindi/,ask,en,,https://ekguru.shop/ask/how-to-say-yes-and-no-in-hindi/,"index, follow, max-snippet:-1, max-image-preview:large",yes,How do you say yes and no in Hindi? | EkGuru,"हाँ (haan) is yes and नहीं (nahin) is no. Politely, जी हाँ (ji haan) and जी नहीं (ji nahin) — adding ji is the easiest politeness upgrade in the language.",How do you say yes and no in Hindi?,712,44,no,QAPage Question Organization Answer Organization FAQPage Question Answer Question Answer Question Answer BreadcrumbList ListItem ListItem ListItem,0,A,
https://ekgurulearning.github.io/EkGuru/ask/how-to-write-name-hindi-question/index.html,https://ekguru.shop/ask/how-to-write-name-hindi-question/,ask,en,,https://ekguru.shop/ask/how-to-write-name-hindi-question/,"index, follow, max-snippet:-1, max-image-preview:large",yes,How do I write my name in Hindi? | EkGuru,"You transliterate it — write the same sounds using Devanagari letters — rather than translate it. Every consonant already contains a short 'a', so a…",How do I write my name in Hindi?,703,47,no,QAPage Question Organization Answer Organization FAQPage Question Answer Question Answer Question Answer BreadcrumbList ListItem ListItem ListItem,0,A,
https://ekgurulearning.github.io/EkGuru/ask/index.html,https://ekguru.shop/ask/,ask,en,,https://ekguru.shop/ask/,"index, follow, max-snippet:-1, max-image-preview:large",yes,"Hindi Questions, Answered Directly | EkGuru","Direct answers to the questions people actually ask about Hindi — thank you, hello, I love you, how hard it is, how long it takes, and what it costs.","Hindi questions, answered directly",1814,275,no,FAQPage Question Answer Question Answer Question Answer Question Answer Question Answer Question Answer Question Answer Question Answer Question Answer Question Answer Question Answer Question Answer Question Answer Question Answer Question Answer Question Answer Question Answer Question Answer Question Answer Question Answer Question Answer Question Answer Question Answer Question Answer Question Answer Question Answer Question Answer Question Answer Question Answer Question Answer Question Answer Question Answer Question Answer Question Answer Question Answer Question Answer Question Answer Question Answer Question Answer Question Answer Question Answer Question Answer Question Answer BreadcrumbList ListItem ListItem,0,A,
https://ekgurulearning.github.io/EkGuru/ask/is-duolingo-good-for-hindi/index.html,https://ekguru.shop/ask/is-duolingo-good-for-hindi/,ask,en,,https://ekguru.shop/ask/is-duolingo-good-for-hindi/,"index, follow, max-snippet:-1, max-image-preview:large",yes,Is Duolingo good for learning Hindi? | EkGuru,"It is good for the script and early vocabulary, and it will not make you able to speak. Duolingo's Hindi course is smaller than its Spanish or French…",Is Duolingo good for learning Hindi?,781,44,no,QAPage Question Organization Answer Organization FAQPage Question Answer Question Answer Question Answer BreadcrumbList ListItem ListItem ListItem,0,A,
https://ekgurulearning.github.io/EkGuru/ask/is-hindi-hard-to-learn/index.html,https://ekguru.shop/ask/is-hindi-hard-to-learn/,ask,en,,https://ekguru.shop/ask/is-hindi-hard-to-learn/,"index, follow, max-snippet:-1, max-image-preview:large",yes,Is Hindi hard to learn for English speakers? | EkGuru,"Moderately. The US Foreign Service Institute rates Hindi Category III — about 1,100 hours to professional proficiency, harder than Spanish or French but…",Is Hindi hard to learn for English speakers?,775,44,no,QAPage Question Organization Answer Organization FAQPage Question Answer Question Answer Question Answer BreadcrumbList ListItem ListItem ListItem,0,A,
https://ekgurulearning.github.io/EkGuru/ask/is-hindi-or-spanish-easier-to-learn/index.html,https://ekguru.shop/ask/is-hindi-or-spanish-easier-to-learn/,ask,en,,https://ekguru.shop/ask/is-hindi-or-spanish-easier-to-learn/,"index, follow, max-snippet:-1, max-image-preview:large",yes,Is Hindi harder than Spanish? | EkGuru,"For an English speaker, yes — noticeably. Spanish shares an alphabet, much vocabulary and a similar sentence order. Hindi shares none of those, though its…",Is Hindi harder than Spanish?,666,43,no,QAPage Question Organization Answer Organization FAQPage Question Answer BreadcrumbList ListItem ListItem ListItem,0,A,
https://ekgurulearning.github.io/EkGuru/ask/is-hindi-useful-to-learn/index.html,https://ekguru.shop/ask/is-hindi-useful-to-learn/,ask,en,,https://ekguru.shop/ask/is-hindi-useful-to-learn/,"index, follow, max-snippet:-1, max-image-preview:large",yes,Is Hindi actually useful to learn? | EkGuru,"For most people yes — around 600 million speakers, the working language of north India, and it unlocks a country of 1.4 billion. It is less useful if your…",Is Hindi actually useful to learn?,734,44,no,QAPage Question Organization Answer Organization FAQPage Question Answer Question Answer Question Answer BreadcrumbList ListItem ListItem ListItem,0,A,
https://ekgurulearning.github.io/EkGuru/ask/is-italki-or-preply-better-for-hindi/index.html,https://ekguru.shop/ask/is-italki-or-preply-better-for-hindi/,ask,en,,https://ekguru.shop/ask/is-italki-or-preply-better-for-hindi/,"index, follow, max-snippet:-1, max-image-preview:large",yes,Is italki or Preply better for learning Hindi? | EkGuru,"Both work. Preply has more Hindi tutors and a stricter scheduling system; italki takes a smaller cut and gives tutors more freedom, so prices are often…",Is italki or Preply better for learning Hindi?,699,44,no,QAPage Question Organization Answer Organization FAQPage Question Answer Question Answer Question Answer BreadcrumbList ListItem ListItem ListItem,0,A,
https://ekgurulearning.github.io/EkGuru/ask/what-does-acha-mean-in-hindi/index.html,https://ekguru.shop/ask/what-does-acha-mean-in-hindi/,ask,en,,https://ekguru.shop/ask/what-does-acha-mean-in-hindi/,"index, follow, max-snippet:-1, max-image-preview:large",yes,What does acha mean in Hindi? | EkGuru,"अच्छा (acha) literally means &quot;good&quot;, but in conversation it does far more work than that — it means &quot;okay&quot;, &quot;I see&quot;, &quot;really?&quot;, &quot;right then&quot;, and sometimes…",What does acha mean in Hindi?,713,45,no,QAPage Question Organization Answer Organization FAQPage Question Answer Question Answer Question Answer BreadcrumbList ListItem ListItem ListItem,0,A,
https://ekgurulearning.github.io/EkGuru/ask/what-does-namaste-really-mean/index.html,https://ekguru.shop/ask/what-does-namaste-really-mean/,ask,en,,https://ekguru.shop/ask/what-does-namaste-really-mean/,"index, follow, max-snippet:-1, max-image-preview:large",yes,What does namaste actually mean? | EkGuru,"Roughly &quot;I bow to you&quot; — नमः (a bow) plus ते (to you). In India it is an ordinary polite greeting, not the spiritual formula it has become in yoga studios…",What does namaste actually mean?,740,44,no,QAPage Question Organization Answer Organization FAQPage Question Answer BreadcrumbList ListItem ListItem ListItem,0,A,
https://ekgurulearning.github.io/EkGuru/ask/what-does-yaar-mean-in-hindi/index.html,https://ekguru.shop/ask/what-does-yaar-mean-in-hindi/,ask,en,,https://ekguru.shop/ask/what-does-yaar-mean-in-hindi/,"index, follow, max-snippet:-1, max-image-preview:large",yes,What does yaar mean in Hindi? | EkGuru,"यार (yaar) means &quot;mate&quot;, &quot;dude&quot; or &quot;buddy&quot;. It is thrown into sentences constantly between friends — arre yaar! is closer to &quot;oh come on!&quot; than to any…",What does yaar mean in Hindi?,754,45,no,QAPage Question Organization Answer Organization FAQPage Question Answer Question Answer Question Answer BreadcrumbList ListItem ListItem ListItem,0,A,
https://ekgurulearning.github.io/EkGuru/ask/what-is-the-best-age-to-learn-hindi/index.html,https://ekguru.shop/ask/what-is-the-best-age-to-learn-hindi/,ask,en,,https://ekguru.shop/ask/what-is-the-best-age-to-learn-hindi/,"index, follow, max-snippet:-1, max-image-preview:large",yes,Am I too old to learn Hindi? | EkGuru,"No. Adults learn grammar and vocabulary faster than children; children win only on accent, and even that gap is smaller than people think. Time on task…",Am I too old to learn Hindi?,651,43,no,QAPage Question Organization Answer Organization FAQPage Question Answer BreadcrumbList ListItem ListItem ListItem,0,A,
https://ekgurulearning.github.io/EkGuru/ask/what-is-the-hardest-part-of-hindi/index.html,https://ekguru.shop/ask/what-is-the-hardest-part-of-hindi/,ask,en,,https://ekguru.shop/ask/what-is-the-hardest-part-of-hindi/,"index, follow, max-snippet:-1, max-image-preview:large",yes,What is the hardest part of learning Hindi? | EkGuru,"For most learners it is grammatical gender — every noun is masculine or feminine, there is no reliable rule, and the verb agrees too. The pronunciation gets…",What is the hardest part of learning Hindi?,767,43,no,QAPage Question Organization Answer Organization FAQPage Question Answer BreadcrumbList ListItem ListItem ListItem,0,A,
https://ekgurulearning.github.io/EkGuru/bn/hindi/index.html,https://ekguru.shop/bn/hindi/,bn,bn,,https://ekguru.shop/bn/hindi/,"index, follow, max-snippet:-1, max-image-preview:large",yes,হিন্দি শেখা — সম্পূর্ণ নির্দেশিকা | EkGuru,"শূন্য থেকে হিন্দি শেখা: দেবনাগরী লিপি, উচ্চারণ, প্রথম বাক্য, এবং বাংলা আপনাকে যে সুবিধা আগে থেকেই দিয়ে রেখেছে।",শূন্য থেকে হিন্দি শিখুন,860,21,no,Article Language Organization Organization FAQPage Question Answer Question Answer Question Answer BreadcrumbList ListItem ListItem,18,A,
https://ekgurulearning.github.io/EkGuru/contact/index.html,https://ekguru.shop/contact/,contact,en,,https://ekguru.shop/contact/,"index, follow, max-snippet:-1, max-image-preview:large",yes,Contact EkGuru — Ask About Hindi Lessons or Report… | EkGuru,"Message EkGuru directly from the site. Ask about Hindi lessons, a booking or teaching with us, or report a mistake on a page. A person replies, usually…",Contact EkGuru,1143,551,no,ContactPage WebSite Organization ContactPoint FAQPage Question Answer Question Answer Question Answer Question Answer Question Answer Question Answer Question Answer Question Answer BreadcrumbList ListItem ListItem,0,A,
https://ekgurulearning.github.io/EkGuru/daily-hindi/day-1/index.html,https://ekguru.shop/daily-hindi/day-1/,daily-hindi,en,,https://ekguru.shop/daily-hindi/day-1/,"index, follow, max-snippet:-1, max-image-preview:large",yes,"Day 1: Namaste, and the sound of Hindi — Daily Hindi | EkGuru","Day 1 of a free 30-day Hindi course: namaste, and the sound of hindi. One idea, one task, 4 words, and the mistake to avoid.","Day 1 — Namaste, and the sound of Hindi",485,2,no,LearningResource Course Organization BreadcrumbList ListItem ListItem ListItem ListItem,0,A,
https://ekgurulearning.github.io/EkGuru/daily-hindi/day-10/index.html,https://ekguru.shop/daily-hindi/day-10/,daily-hindi,en,,https://ekguru.shop/daily-hindi/day-10/,"index, follow, max-snippet:-1, max-image-preview:large",yes,Day 10: Vowels and matras — Daily Hindi | EkGuru,"Day 10 of a free 30-day Hindi course: vowels and matras. One idea, one task, 6 words, and the mistake to avoid.",Day 10 — Vowels and matras,523,3,no,LearningResource Course Organization BreadcrumbList ListItem ListItem ListItem ListItem,0,A,
https://ekgurulearning.github.io/EkGuru/daily-hindi/day-11/index.html,https://ekguru.shop/daily-hindi/day-11/,daily-hindi,en,,https://ekguru.shop/daily-hindi/day-11/,"index, follow, max-snippet:-1, max-image-preview:large",yes,Day 11: I don't understand — Daily Hindi | EkGuru,"Day 11 of a free 30-day Hindi course: i don't understand. One idea, one task, 4 words, and the mistake to avoid.",Day 11 — I don't understand,457,3,no,LearningResource Course Organization BreadcrumbList ListItem ListItem ListItem ListItem,0,A,
https://ekgurulearning.github.io/EkGuru/daily-hindi/day-12/index.html,https://ekguru.shop/daily-hindi/day-12/,daily-hindi,en,,https://ekguru.shop/daily-hindi/day-12/,"index, follow, max-snippet:-1, max-image-preview:large",yes,Day 12: Reading your first words — Daily Hindi | EkGuru,"Day 12 of a free 30-day Hindi course: reading your first words. One idea, one task, 5 words, and the mistake to avoid.",Day 12 — Reading your first words,506,3,no,LearningResource Course Organization BreadcrumbList ListItem ListItem ListItem ListItem,0,A,
https://ekgurulearning.github.io/EkGuru/daily-hindi/day-13/index.html,https://ekguru.shop/daily-hindi/day-13/,daily-hindi,en,,https://ekguru.shop/daily-hindi/day-13/,"index, follow, max-snippet:-1, max-image-preview:large",yes,"Day 13: Numbers 11 to 20, and prices — Daily Hindi | EkGuru","Day 13 of a free 30-day Hindi course: numbers 11 to 20, and prices. One idea, one task, 10 words, and the mistake to avoid.","Day 13 — Numbers 11 to 20, and prices",496,3,no,LearningResource Course Organization BreadcrumbList ListItem ListItem ListItem ListItem,0,A,
https://ekgurulearning.github.io/EkGuru/daily-hindi/day-14/index.html,https://ekguru.shop/daily-hindi/day-14/,daily-hindi,en,,https://ekguru.shop/daily-hindi/day-14/,"index, follow, max-snippet:-1, max-image-preview:large",yes,"Day 14: This, that, here, there — Daily Hindi | EkGuru","Day 14 of a free 30-day Hindi course: this, that, here, there. One idea, one task, 5 words, and the mistake to avoid.","Day 14 — This, that, here, there",453,3,no,LearningResource Course Organization BreadcrumbList ListItem ListItem ListItem ListItem,0,A,
https://ekgurulearning.github.io/EkGuru/daily-hindi/day-15/index.html,https://ekguru.shop/daily-hindi/day-15/,daily-hindi,en,,https://ekguru.shop/daily-hindi/day-15/,"index, follow, max-snippet:-1, max-image-preview:large",yes,Day 15: Asking how much — Daily Hindi | EkGuru,"Day 15 of a free 30-day Hindi course: asking how much. One idea, one task, 3 words, and the mistake to avoid.",Day 15 — Asking how much,476,3,no,LearningResource Course Organization BreadcrumbList ListItem ListItem ListItem ListItem,0,A,
https://ekgurulearning.github.io/EkGuru/daily-hindi/day-16/index.html,https://ekguru.shop/daily-hindi/day-16/,daily-hindi,en,,https://ekguru.shop/daily-hindi/day-16/,"index, follow, max-snippet:-1, max-image-preview:large",yes,Day 16: Gender — the thing English did not prepare… | EkGuru,"Day 16 of a free 30-day Hindi course: gender — the thing english did not prepare you for. One idea, one task, 5 words, and the mistake to avoid.",Day 16 — Gender — the thing English did not prepare you for,476,3,no,LearningResource Course Organization BreadcrumbList ListItem ListItem ListItem ListItem,0,A,
https://ekgurulearning.github.io/EkGuru/daily-hindi/day-17/index.html,https://ekguru.shop/daily-hindi/day-17/,daily-hindi,en,,https://ekguru.shop/daily-hindi/day-17/,"index, follow, max-snippet:-1, max-image-preview:large",yes,Day 17: Your first verbs — Daily Hindi | EkGuru,"Day 17 of a free 30-day Hindi course: your first verbs. One idea, one task, 4 words, and the mistake to avoid.",Day 17 — Your first verbs,416,3,no,LearningResource Course Organization BreadcrumbList ListItem ListItem ListItem ListItem,0,A,
https://ekgurulearning.github.io/EkGuru/daily-hindi/day-18/index.html,https://ekguru.shop/daily-hindi/day-18/,daily-hindi,en,,https://ekguru.shop/daily-hindi/day-18/,"index, follow, max-snippet:-1, max-image-preview:large",yes,"Day 18: The present tense, and your own gender… | EkGuru","Day 18 of a free 30-day Hindi course: the present tense, and your own gender. One idea, one task, 4 words, and the mistake to avoid.","Day 18 — The present tense, and your own gender",461,3,no,LearningResource Course Organization BreadcrumbList ListItem ListItem ListItem ListItem,0,A,
https://ekgurulearning.github.io/EkGuru/daily-hindi/day-19/index.html,https://ekguru.shop/daily-hindi/day-19/,daily-hindi,en,,https://ekguru.shop/daily-hindi/day-19/,"index, follow, max-snippet:-1, max-image-preview:large",yes,Day 19: Directions — Daily Hindi | EkGuru,"Day 19 of a free 30-day Hindi course: directions. One idea, one task, 5 words, and the mistake to avoid.",Day 19 — Directions,464,3,no,LearningResource Course Organization BreadcrumbList ListItem ListItem ListItem ListItem,0,A,
https://ekgurulearning.github.io/EkGuru/daily-hindi/day-2/index.html,https://ekguru.shop/daily-hindi/day-2/,daily-hindi,en,,https://ekguru.shop/daily-hindi/day-2/,"index, follow, max-snippet:-1, max-image-preview:large",yes,"Day 2: Your name, and theirs — Daily Hindi | EkGuru","Day 2 of a free 30-day Hindi course: your name, and theirs. One idea, one task, 3 words, and the mistake to avoid.","Day 2 — Your name, and theirs",476,3,no,LearningResource Course Organization BreadcrumbList ListItem ListItem ListItem ListItem,0,A,
https://ekgurulearning.github.io/EkGuru/daily-hindi/day-20/index.html,https://ekguru.shop/daily-hindi/day-20/,daily-hindi,en,,https://ekguru.shop/daily-hindi/day-20/,"index, follow, max-snippet:-1, max-image-preview:large",yes,Day 20: Ordering food — Daily Hindi | EkGuru,"Day 20 of a free 30-day Hindi course: ordering food. One idea, one task, 5 words, and the mistake to avoid.",Day 20 — Ordering food,487,3,no,LearningResource Course Organization BreadcrumbList ListItem ListItem ListItem ListItem,0,A,
https://ekgurulearning.github.io/EkGuru/daily-hindi/day-21/index.html,https://ekguru.shop/daily-hindi/day-21/,daily-hindi,en,,https://ekguru.shop/daily-hindi/day-21/,"index, follow, max-snippet:-1, max-image-preview:large",yes,"Day 21: The past tense, part one — Daily Hindi | EkGuru","Day 21 of a free 30-day Hindi course: the past tense, part one. One idea, one task, 4 words, and the mistake to avoid.","Day 21 — The past tense, part one",448,3,no,LearningResource Course Organization BreadcrumbList ListItem ListItem ListItem ListItem,0,A,
https://ekgurulearning.github.io/EkGuru/daily-hindi/day-22/index.html,https://ekguru.shop/daily-hindi/day-22/,daily-hindi,en,,https://ekguru.shop/daily-hindi/day-22/,"index, follow, max-snippet:-1, max-image-preview:large",yes,Day 22: ने — the hardest thing in Hindi — Daily Hindi | EkGuru,"Day 22 of a free 30-day Hindi course: ने — the hardest thing in hindi. One idea, one task, 3 words, and the mistake to avoid.",Day 22 — ने — the hardest thing in Hindi,489,3,no,LearningResource Course Organization BreadcrumbList ListItem ListItem ListItem ListItem,0,A,
https://ekgurulearning.github.io/EkGuru/daily-hindi/day-23/index.html,https://ekguru.shop/daily-hindi/day-23/,daily-hindi,en,,https://ekguru.shop/daily-hindi/day-23/,"index, follow, max-snippet:-1, max-image-preview:large",yes,Day 23: The future — Daily Hindi | EkGuru,"Day 23 of a free 30-day Hindi course: the future. One idea, one task, 4 words, and the mistake to avoid.",Day 23 — The future,414,3,no,LearningResource Course Organization BreadcrumbList ListItem ListItem ListItem ListItem,0,A,
https://ekgurulearning.github.io/EkGuru/daily-hindi/day-24/index.html,https://ekguru.shop/daily-hindi/day-24/,daily-hindi,en,,https://ekguru.shop/daily-hindi/day-24/,"index, follow, max-snippet:-1, max-image-preview:large",yes,Day 24: Days and time — Daily Hindi | EkGuru,"Day 24 of a free 30-day Hindi course: days and time. One idea, one task, 5 words, and the mistake to avoid.",Day 24 — Days and time,485,3,no,LearningResource Course Organization BreadcrumbList ListItem ListItem ListItem ListItem,0,A,
https://ekgurulearning.github.io/EkGuru/daily-hindi/day-25/index.html,https://ekguru.shop/daily-hindi/day-25/,daily-hindi,en,,https://ekguru.shop/daily-hindi/day-25/,"index, follow, max-snippet:-1, max-image-preview:large",yes,Day 25: Family words — Daily Hindi | EkGuru,"Day 25 of a free 30-day Hindi course: family words. One idea, one task, 5 words, and the mistake to avoid.",Day 25 — Family words,466,3,no,LearningResource Course Organization BreadcrumbList ListItem ListItem ListItem ListItem,0,A,
https://ekgurulearning.github.io/EkGuru/daily-hindi/day-26/index.html,https://ekguru.shop/daily-hindi/day-26/,daily-hindi,en,,https://ekguru.shop/daily-hindi/day-26/,"index, follow, max-snippet:-1, max-image-preview:large",yes,Day 26: Likes and wants — Daily Hindi | EkGuru,"Day 26 of a free 30-day Hindi course: likes and wants. One idea, one task, 4 words, and the mistake to avoid.",Day 26 — Likes and wants,488,3,no,LearningResource Course Organization BreadcrumbList ListItem ListItem ListItem ListItem,0,A,
https://ekgurulearning.github.io/EkGuru/daily-hindi/day-27/index.html,https://ekguru.shop/daily-hindi/day-27/,daily-hindi,en,,https://ekguru.shop/daily-hindi/day-27/,"index, follow, max-snippet:-1, max-image-preview:large",yes,Day 27: Small talk that is not a phrasebook — Daily… | EkGuru,"Day 27 of a free 30-day Hindi course: small talk that is not a phrasebook. One idea, one task, 3 words, and the mistake to avoid.",Day 27 — Small talk that is not a phrasebook,498,3,no,LearningResource Course Organization BreadcrumbList ListItem ListItem ListItem ListItem,0,A,
https://ekgurulearning.github.io/EkGuru/daily-hindi/day-28/index.html,https://ekguru.shop/daily-hindi/day-28/,daily-hindi,en,,https://ekguru.shop/daily-hindi/day-28/,"index, follow, max-snippet:-1, max-image-preview:large",yes,Day 28: Listening at real speed — Daily Hindi | EkGuru,"Day 28 of a free 30-day Hindi course: listening at real speed. One idea, one task, 4 words, and the mistake to avoid.",Day 28 — Listening at real speed,450,3,no,LearningResource Course Organization BreadcrumbList ListItem ListItem ListItem ListItem,0,A,
https://ekgurulearning.github.io/EkGuru/daily-hindi/day-29/index.html,https://ekguru.shop/daily-hindi/day-29/,daily-hindi,en,,https://ekguru.shop/daily-hindi/day-29/,"index, follow, max-snippet:-1, max-image-preview:large",yes,Day 29: Writing your own sentences — Daily Hindi | EkGuru,"Day 29 of a free 30-day Hindi course: writing your own sentences. One idea, one task, 4 words, and the mistake to avoid.",Day 29 — Writing your own sentences,441,3,no,LearningResource Course Organization BreadcrumbList ListItem ListItem ListItem ListItem,0,A,
https://ekgurulearning.github.io/EkGuru/daily-hindi/day-3/index.html,https://ekguru.shop/daily-hindi/day-3/,daily-hindi,en,,https://ekguru.shop/daily-hindi/day-3/,"index, follow, max-snippet:-1, max-image-preview:large",yes,Day 3: Numbers 1 to 10 — Daily Hindi | EkGuru,"Day 3 of a free 30-day Hindi course: numbers 1 to 10. One idea, one task, 10 words, and the mistake to avoid.",Day 3 — Numbers 1 to 10,511,3,no,LearningResource Course Organization BreadcrumbList ListItem ListItem ListItem ListItem,0,A,
https://ekgurulearning.github.io/EkGuru/daily-hindi/day-30/index.html,https://ekguru.shop/daily-hindi/day-30/,daily-hindi,en,,https://ekguru.shop/daily-hindi/day-30/,"index, follow, max-snippet:-1, max-image-preview:large",yes,Day 30: What comes after thirty days — Daily Hindi | EkGuru,"Day 30 of a free 30-day Hindi course: what comes after thirty days. One idea, one task, 3 words, and the mistake to avoid.",Day 30 — What comes after thirty days,526,2,no,LearningResource Course Organization BreadcrumbList ListItem ListItem ListItem ListItem,0,A,
https://ekgurulearning.github.io/EkGuru/daily-hindi/day-4/index.html,https://ekguru.shop/daily-hindi/day-4/,daily-hindi,en,,https://ekguru.shop/daily-hindi/day-4/,"index, follow, max-snippet:-1, max-image-preview:large",yes,"Day 4: Thank you, sorry, please — Daily Hindi | EkGuru","Day 4 of a free 30-day Hindi course: thank you, sorry, please. One idea, one task, 4 words, and the mistake to avoid.","Day 4 — Thank you, sorry, please",435,3,no,LearningResource Course Organization BreadcrumbList ListItem ListItem ListItem ListItem,0,A,
https://ekgurulearning.github.io/EkGuru/daily-hindi/day-5/index.html,https://ekguru.shop/daily-hindi/day-5/,daily-hindi,en,,https://ekguru.shop/daily-hindi/day-5/,"index, follow, max-snippet:-1, max-image-preview:large",yes,Day 5: How are you — and the आप problem — Daily Hindi | EkGuru,"Day 5 of a free 30-day Hindi course: how are you — and the आप problem. One idea, one task, 4 words, and the mistake to avoid.",Day 5 — How are you — and the आप problem,459,3,no,LearningResource Course Organization BreadcrumbList ListItem ListItem ListItem ListItem,0,A,
https://ekgurulearning.github.io/EkGuru/daily-hindi/day-6/index.html,https://ekguru.shop/daily-hindi/day-6/,daily-hindi,en,,https://ekguru.shop/daily-hindi/day-6/,"index, follow, max-snippet:-1, max-image-preview:large",yes,Day 6: The alphabet — the back of the mouth — Daily… | EkGuru,"Day 6 of a free 30-day Hindi course: the alphabet — the back of the mouth. One idea, one task, 5 words, and the mistake to avoid.",Day 6 — The alphabet — the back of the mouth,532,3,no,LearningResource Course Organization BreadcrumbList ListItem ListItem ListItem ListItem,0,A,
https://ekgurulearning.github.io/EkGuru/daily-hindi/day-7/index.html,https://ekguru.shop/daily-hindi/day-7/,daily-hindi,en,,https://ekguru.shop/daily-hindi/day-7/,"index, follow, max-snippet:-1, max-image-preview:large",yes,Day 7: The alphabet — palate and retroflex — Daily… | EkGuru,"Day 7 of a free 30-day Hindi course: the alphabet — palate and retroflex. One idea, one task, 9 words, and the mistake to avoid.",Day 7 — The alphabet — palate and retroflex,593,3,no,LearningResource Course Organization BreadcrumbList ListItem ListItem ListItem ListItem,0,A,
https://ekgurulearning.github.io/EkGuru/daily-hindi/day-8/index.html,https://ekguru.shop/daily-hindi/day-8/,daily-hindi,en,,https://ekguru.shop/daily-hindi/day-8/,"index, follow, max-snippet:-1, max-image-preview:large",yes,Day 8: Where are you from — Daily Hindi | EkGuru,"Day 8 of a free 30-day Hindi course: where are you from. One idea, one task, 3 words, and the mistake to avoid.",Day 8 — Where are you from,465,3,no,LearningResource Course Organization BreadcrumbList ListItem ListItem ListItem ListItem,0,A,
https://ekgurulearning.github.io/EkGuru/daily-hindi/day-9/index.html,https://ekguru.shop/daily-hindi/day-9/,daily-hindi,en,,https://ekguru.shop/daily-hindi/day-9/,"index, follow, max-snippet:-1, max-image-preview:large",yes,Day 9: The alphabet — teeth and lips — Daily Hindi | EkGuru,"Day 9 of a free 30-day Hindi course: the alphabet — teeth and lips. One idea, one task, 11 words, and the mistake to avoid.",Day 9 — The alphabet — teeth and lips,603,3,no,LearningResource Course Organization BreadcrumbList ListItem ListItem ListItem ListItem,0,A,
https://ekgurulearning.github.io/EkGuru/daily-hindi/index.html,https://ekguru.shop/daily-hindi/,daily-hindi,en,,https://ekguru.shop/daily-hindi/,"index, follow, max-snippet:-1, max-image-preview:large",yes,Daily Hindi — Free 30-Day Beginner Course | EkGuru,"A free thirty-day Hindi path: one idea, one task and a short word list a day, about twenty minutes. No account, no email, progress saved in your browser.",Daily Hindi — thirty days,783,136,no,Course Organization CourseInstance Organization ItemList ListItem ListItem ListItem ListItem ListItem ListItem ListItem ListItem ListItem ListItem ListItem ListItem ListItem ListItem ListItem ListItem ListItem ListItem ListItem ListItem ListItem ListItem ListItem ListItem ListItem ListItem ListItem ListItem ListItem ListItem BreadcrumbList ListItem ListItem ListItem,0,A,
https://ekgurulearning.github.io/EkGuru/de/find-tutors.html,https://ekguru.shop/de/find-tutors.html,de,de,,https://ekguru.shop/de/find-tutors.html,"index, follow, max-snippet:-1, max-image-preview:large",yes,Hindi-Lehrer online finden | EkGuru,"Geprüfte Hindi-Lehrkräfte durchsuchen und nach Niveau, Preis und Bewertung filtern.",Finde deinen Hindi-Guru,526,7,no,WebPage BreadcrumbList ListItem ListItem ItemList ListItem ListItem ListItem ListItem,15,A,
https://ekgurulearning.github.io/EkGuru/de/hindi/index.html,https://ekguru.shop/de/hindi/,de,de,,https://ekguru.shop/de/hindi/,"index, follow, max-snippet:-1, max-image-preview:large",yes,Hindi lernen online — der komplette Leitfaden | EkGuru,"Hindi von Grund auf lernen: das Devanagari-Alphabet, die Aussprache, erste Sätze und welchen Vorsprung Ihnen Deutsch bereits verschafft.",Hindi lernen — von null an,817,25,no,Article Language Organization Organization FAQPage Question Answer Question Answer Question Answer BreadcrumbList ListItem ListItem,18,A,
https://ekgurulearning.github.io/EkGuru/de/index.html,https://ekguru.shop/de/,de,de,,https://ekguru.shop/de/,"index, follow, max-snippet:-1, max-image-preview:large",yes,Hindi online lernen mit Privatlehrer | EkGuru,Lerne Hindi online mit geprüften Muttersprachlern. Einzelunterricht ab 6 $.,Lerne Hindi mit deinem persönlichen Guru,463,2,no,WebPage BreadcrumbList ListItem ListItem ItemList ListItem ListItem ListItem ListItem,15,A,
https://ekgurulearning.github.io/EkGuru/de/join.html,https://ekguru.shop/de/join.html,de,de,,https://ekguru.shop/de/join.html,"index, follow, max-snippet:-1, max-image-preview:large",yes,Hindi-Lehrer werden — Unterrichte auf EkGuru,"Unterrichte Hindi online mit EkGuru. Kostenloses Profil, keine Provision.",Werde EkGuru-Lehrkraft,455,2,no,WebPage BreadcrumbList ListItem ListItem ItemList ListItem ListItem ListItem ListItem,15,A,
https://ekgurulearning.github.io/EkGuru/disclaimer/index.html,https://ekguru.shop/disclaimer/,disclaimer,en,,https://ekguru.shop/disclaimer/,"index, follow, max-snippet:-1, max-image-preview:large",yes,"Disclaimer — Accuracy, Prices and Advertising on… | EkGuru","The limits of what EkGuru's Hindi material, price conversions, tutor listings and adverts promise.",Disclaimer,477,551,no,WebPage WebSite Organization BreadcrumbList ListItem ListItem,0,A,
https://ekgurulearning.github.io/EkGuru/es/find-tutors.html,https://ekguru.shop/es/find-tutors.html,es,es,,https://ekguru.shop/es/find-tutors.html,"index, follow, max-snippet:-1, max-image-preview:large",yes,Encuentra un profesor de hindi online | EkGuru,"Explora profesores de hindi verificados y filtra por nivel, precio y valoración.",Encuentra tu Guru de hindi,595,7,no,WebPage BreadcrumbList ListItem ListItem ItemList ListItem ListItem ListItem ListItem,15,A,
https://ekgurulearning.github.io/EkGuru/es/hindi/index.html,https://ekguru.shop/es/hindi/,es,es,,https://ekguru.shop/es/hindi/,"index, follow, max-snippet:-1, max-image-preview:large",yes,Aprender hindi online — guía completa | EkGuru,"Cómo aprender hindi desde cero: el alfabeto devanagari, la pronunciación, las primeras frases y qué ventajas te da el español.",Aprende hindi desde cero,917,39,no,Article Language Organization Organization FAQPage Question Answer Question Answer Question Answer BreadcrumbList ListItem ListItem,18,A,
https://ekgurulearning.github.io/EkGuru/es/index.html,https://ekguru.shop/es/,es,es,,https://ekguru.shop/es/,"index, follow, max-snippet:-1, max-image-preview:large",yes,Aprende hindi online con un profesor particular | EkGuru,Aprende hindi online con profesores nativos verificados. Clases particulares desde 6 $.,Aprende hindi con tu propio Guru personal,513,2,no,WebPage BreadcrumbList ListItem ListItem ItemList ListItem ListItem ListItem ListItem,15,A,
https://ekgurulearning.github.io/EkGuru/es/join.html,https://ekguru.shop/es/join.html,es,es,,https://ekguru.shop/es/join.html,"index, follow, max-snippet:-1, max-image-preview:large",yes,Sé profesor de hindi — Enseña en EkGuru,"Enseña hindi online con EkGuru. Perfil gratuito, sin comisiones.",Sé profesor de EkGuru,519,2,no,WebPage BreadcrumbList ListItem ListItem ItemList ListItem ListItem ListItem ListItem,15,A,
https://ekgurulearning.github.io/EkGuru/find-tutors.html,https://ekguru.shop/find-tutors.html,find-tutors.html,en,,https://ekguru.shop/find-tutors.html,"index,follow",yes,Find a Hindi Tutor Online — Verified Native Teachers | EkGuru,"Browse verified native Hindi tutors and filter by level, price and rating. Private 1-on-1 online lessons from $3, with flexible timings for every timezone.",Find your Hindi Guru,870,542,no,Organization ImageObject Person CollegeOrUniversity ContactPoint BreadcrumbList ListItem ListItem ItemList ListItem ListItem ListItem ListItem,15,A,
https://ekgurulearning.github.io/EkGuru/fr/find-tutors.html,https://ekguru.shop/fr/find-tutors.html,fr,fr,,https://ekguru.shop/fr/find-tutors.html,"index, follow, max-snippet:-1, max-image-preview:large",yes,Trouvez un professeur d&#39;hindi en ligne | EkGuru,"Parcourez des professeurs d&#39;hindi vérifiés et filtrez par niveau, prix et note.",Trouvez votre Guru d hindi,565,7,no,WebPage BreadcrumbList ListItem ListItem ItemList ListItem ListItem ListItem ListItem,15,A,
https://ekgurulearning.github.io/EkGuru/fr/hindi/index.html,https://ekguru.shop/fr/hindi/,fr,fr,,https://ekguru.shop/fr/hindi/,"index, follow, max-snippet:-1, max-image-preview:large",yes,Apprendre l'hindi en ligne — le guide complet | EkGuru,"Comment apprendre l'hindi en partant de zéro : l'alphabet devanagari, la prononciation, les premières phrases et ce que le français vous donne déjà.",Apprendre l'hindi en partant de zéro,844,40,no,Article Language Organization Organization FAQPage Question Answer Question Answer Question Answer BreadcrumbList ListItem ListItem,18,A,
https://ekgurulearning.github.io/EkGuru/fr/index.html,https://ekguru.shop/fr/,fr,fr,,https://ekguru.shop/fr/,"index, follow, max-snippet:-1, max-image-preview:large",yes,Cours d&#39;hindi en ligne avec un professeur natif | EkGuru,Apprenez l&#39;hindi en ligne avec des professeurs natifs vérifiés. Cours particuliers dès 6 $.,Apprenez l hindi avec votre Guru personnel,513,2,no,WebPage BreadcrumbList ListItem ListItem ItemList ListItem ListItem ListItem ListItem,15,A,
https://ekgurulearning.github.io/EkGuru/fr/join.html,https://ekguru.shop/fr/join.html,fr,fr,,https://ekguru.shop/fr/join.html,"index, follow, max-snippet:-1, max-image-preview:large",yes,Devenez professeur d&#39;hindi — Enseignez sur EkGuru,"Enseignez l&#39;hindi en ligne avec EkGuru. Profil gratuit, aucune commission.",Devenez professeur EkGuru,521,2,no,WebPage BreadcrumbList ListItem ListItem ItemList ListItem ListItem ListItem ListItem,15,A,
https://ekgurulearning.github.io/EkGuru/googleb3b0e3defc1daa17.html,https://ekguru.shop/googleb3b0e3defc1daa17.html,googleb3b0e3defc1daa17.html,,,,"index,follow",no,,,,2,0,YES,,0,C,
https://ekgurulearning.github.io/EkGuru/hindi/alphabet/index.html,https://ekguru.shop/hindi/alphabet/,hindi,en,,https://ekguru.shop/hindi/alphabet/,"index, follow, max-snippet:-1, max-image-preview:large",yes,"Devanagari, letter by letter | EkGuru","44 letters, why they are ordered the way they are, and how the vowel marks work. Free, no sign-up.","Devanagari, letter by letter",438,7,no,Article Language Organization Organization ItemList ListItem ListItem ListItem ListItem ListItem ListItem ListItem BreadcrumbList ListItem ListItem ListItem ListItem,0,A,
https://ekgurulearning.github.io/EkGuru/hindi/beginners/index.html,https://ekguru.shop/hindi/beginners/,hindi,en,,https://ekguru.shop/hindi/beginners/,"index, follow, max-snippet:-1, max-image-preview:large",yes,Learning Hindi from absolutely nothing | EkGuru,"Where to start, in what order, and what to ignore for now. Free, no sign-up.",Learning Hindi from absolutely nothing,450,16,no,Article Language Organization Organization ItemList ListItem ListItem ListItem ListItem ListItem ListItem ListItem ListItem BreadcrumbList ListItem ListItem ListItem ListItem,0,A,
https://ekgurulearning.github.io/EkGuru/hindi/bollywood/index.html,https://ekguru.shop/hindi/bollywood/,hindi,en,,https://ekguru.shop/hindi/bollywood/,"index, follow, max-snippet:-1, max-image-preview:large",yes,Hindi through Bollywood | EkGuru,"What films are genuinely good for, what they are bad for, and how to use them without wasting hours. Free, no sign-up.",Hindi through Bollywood,372,3,no,Article Language Organization Organization ItemList ListItem ListItem ListItem BreadcrumbList ListItem ListItem ListItem ListItem,0,A,
https://ekgurulearning.github.io/EkGuru/hindi/business/index.html,https://ekguru.shop/hindi/business/,hindi,en,,https://ekguru.shop/hindi/business/,"index, follow, max-snippet:-1, max-image-preview:large",yes,Professional Hindi | EkGuru,"What is actually spoken in an Indian workplace, and why the textbook register is the wrong one. Free, no sign-up.",Professional Hindi,349,3,no,Article Language Organization Organization ItemList ListItem BreadcrumbList ListItem ListItem ListItem ListItem,0,A,
https://ekgurulearning.github.io/EkGuru/hindi/conversation/index.html,https://ekguru.shop/hindi/conversation/,hindi,en,,https://ekguru.shop/hindi/conversation/,"index, follow, max-snippet:-1, max-image-preview:large",yes,Actually talking to someone | EkGuru,"What a real conversation needs that a phrasebook cannot give you, and how to survive your first one. Free, no sign-up.",Actually talking to someone,637,19,no,Article Language Organization Organization ItemList ListItem ListItem ListItem ListItem ListItem BreadcrumbList ListItem ListItem ListItem ListItem,0,A,
https://ekgurulearning.github.io/EkGuru/hindi/emergency/index.html,https://ekguru.shop/hindi/emergency/,hindi,en,,https://ekguru.shop/hindi/emergency/,"index, follow, max-snippet:-1, max-image-preview:large",yes,The Hindi you hope not to need | EkGuru,"Short, unambiguous phrases for medical, police and lost-and-stranded situations. Free, no sign-up.",The Hindi you hope not to need,545,3,no,Article Language Organization Organization ItemList ListItem ListItem BreadcrumbList ListItem ListItem ListItem ListItem,0,A,
https://ekgurulearning.github.io/EkGuru/hindi/family/index.html,https://ekguru.shop/hindi/family/,hindi,en,,https://ekguru.shop/hindi/family/,"index, follow, max-snippet:-1, max-image-preview:large",yes,"Kinship terms, and why there are so many | EkGuru","Hindi has separate words for relations English lumps together — and there is a reason. Free, no sign-up.","Kinship terms, and why there are so many",488,5,no,Article Language Organization Organization ItemList ListItem ListItem ListItem BreadcrumbList ListItem ListItem ListItem ListItem,0,A,
https://ekgurulearning.github.io/EkGuru/hindi/flashcards-topic/index.html,https://ekguru.shop/hindi/flashcards-topic/,hindi,en,,https://ekguru.shop/hindi/flashcards-topic/,"index, follow, max-snippet:-1, max-image-preview:large",yes,How to actually remember words | EkGuru,"Spaced repetition, what it is good at, and the point at which it stops helping. Free, no sign-up.",How to actually remember words,395,3,no,Article Language Organization Organization ItemList ListItem ListItem ListItem ListItem ListItem BreadcrumbList ListItem ListItem ListItem ListItem,0,A,
https://ekgurulearning.github.io/EkGuru/hindi/for-kids/index.html,https://ekguru.shop/hindi/for-kids/,hindi,en,,https://ekguru.shop/hindi/for-kids/,"index, follow, max-snippet:-1, max-image-preview:large",yes,Teaching Hindi to a child | EkGuru,"What works at different ages, and the reason a bilingual child answers you in English. Free, no sign-up.",Teaching Hindi to a child,365,3,no,Article Language Organization Organization ItemList ListItem BreadcrumbList ListItem ListItem ListItem ListItem,0,A,
https://ekgurulearning.github.io/EkGuru/hindi/formal-informal/index.html,https://ekguru.shop/hindi/formal-informal/,hindi,en,,https://ekguru.shop/hindi/formal-informal/,"index, follow, max-snippet:-1, max-image-preview:large",yes,"आप, तुम and तू | EkGuru","Three levels of 'you', and the cost of choosing wrong. Free, no sign-up.","आप, तुम and तू",537,35,no,Article Language Organization Organization ItemList ListItem ListItem ListItem ListItem ListItem BreadcrumbList ListItem ListItem ListItem ListItem,0,A,
https://ekgurulearning.github.io/EkGuru/hindi/grammar/index.html,https://ekguru.shop/hindi/grammar/,hindi,en,,https://ekguru.shop/hindi/grammar/,"index, follow, max-snippet:-1, max-image-preview:large",yes,How Hindi is put together | EkGuru,"Word order, postpositions, gender agreement and the one construction that defeats self-study. Free, no sign-up.",How Hindi is put together,443,37,no,Article Language Organization Organization ItemList ListItem ListItem ListItem ListItem ListItem ListItem BreadcrumbList ListItem ListItem ListItem ListItem,0,A,
https://ekgurulearning.github.io/EkGuru/hindi/greetings/index.html,https://ekguru.shop/hindi/greetings/,hindi,en,,https://ekguru.shop/hindi/greetings/,"index, follow, max-snippet:-1, max-image-preview:large",yes,Saying hello properly | EkGuru,"When namaste is right, when it is oddly formal, and what people actually say. Free, no sign-up.",Saying hello properly,612,3,no,Article Language Organization Organization ItemList ListItem ListItem ListItem ListItem ListItem ListItem ListItem ListItem ListItem ListItem BreadcrumbList ListItem ListItem ListItem ListItem,0,A,
https://ekgurulearning.github.io/EkGuru/hindi/heritage/index.html,https://ekguru.shop/hindi/heritage/,hindi,en,,https://ekguru.shop/hindi/heritage/,"index, follow, max-snippet:-1, max-image-preview:large",yes,When you grew up hearing it | EkGuru,"Why you are not a beginner, and why being taught as one wastes months. Free, no sign-up.",When you grew up hearing it,392,4,no,Article Language Organization Organization ItemList ListItem ListItem ListItem ListItem BreadcrumbList ListItem ListItem ListItem ListItem,0,A,
https://ekgurulearning.github.io/EkGuru/hindi/hindi-vs-urdu/index.html,https://ekguru.shop/hindi/hindi-vs-urdu/,hindi,en,,https://ekguru.shop/hindi/hindi-vs-urdu/,"index, follow, max-snippet:-1, max-image-preview:large",yes,"Hindi and Urdu: one spoken language, two scripts | EkGuru","Two scripts, two vocabularies, one spoken language. Free, no sign-up.","Hindi and Urdu: one spoken language, two scripts",375,3,no,Article Language Organization Organization ItemList ListItem ListItem ListItem ListItem BreadcrumbList ListItem ListItem ListItem ListItem,0,A,
https://ekgurulearning.github.io/EkGuru/hindi/hinglish/index.html,https://ekguru.shop/hindi/hinglish/,hindi,en,,https://ekguru.shop/hindi/hinglish/,"index, follow, max-snippet:-1, max-image-preview:large",yes,The way Hindi is actually spoken in cities | EkGuru,"Code-switching is not broken Hindi, and pretending otherwise makes you harder to understand. Free, no sign-up.",The way Hindi is actually spoken in cities,380,4,no,Article Language Organization Organization ItemList ListItem ListItem ListItem BreadcrumbList ListItem ListItem ListItem ListItem,0,A,
https://ekgurulearning.github.io/EkGuru/hindi/how-long/index.html,https://ekguru.shop/hindi/how-long/,hindi,en,,https://ekguru.shop/hindi/how-long/,"index, follow, max-snippet:-1, max-image-preview:large",yes,How long Hindi takes to learn — the honest answer | EkGuru,"Why nobody can give you an honest single number, and what actually determines it. Free, no sign-up.",How long Hindi takes to learn — the honest answer,456,3,no,Article Language Organization Organization ItemList ListItem ListItem ListItem ListItem ListItem ListItem ListItem ListItem ListItem BreadcrumbList ListItem ListItem ListItem ListItem,0,A,
https://ekgurulearning.github.io/EkGuru/hindi/index.html,https://ekguru.shop/hindi/,hindi,en,,https://ekguru.shop/hindi/,"index, follow, max-snippet:-1, max-image-preview:large",yes,Every Hindi Topic — The Complete Learning Map | EkGuru,"34 Hindi topics from the alphabet to slang, each explained properly and linked to every guide, question and tool on the subject. Free.","Every Hindi topic, mapped",1235,62,no,CollectionPage ItemList ListItem ListItem ListItem ListItem ListItem ListItem ListItem ListItem ListItem ListItem ListItem ListItem ListItem ListItem ListItem ListItem ListItem ListItem ListItem ListItem ListItem ListItem ListItem ListItem ListItem ListItem ListItem ListItem ListItem ListItem ListItem ListItem ListItem ListItem BreadcrumbList ListItem ListItem ListItem,0,A,
https://ekgurulearning.github.io/EkGuru/hindi/indian-languages/index.html,https://ekguru.shop/hindi/indian-languages/,hindi,en,,https://ekguru.shop/hindi/indian-languages/,"index, follow, max-snippet:-1, max-image-preview:large",yes,"Hindi vs Punjabi, Bengali, Tamil, Sanskrit and the… | EkGuru","Which Indian languages are close relatives, which are not related at all, and what that means for a learner. Free, no sign-up.","Hindi vs Punjabi, Bengali, Tamil, Sanskrit and the rest",385,3,no,Article Language Organization Organization ItemList ListItem ListItem BreadcrumbList ListItem ListItem ListItem ListItem,0,A,
https://ekgurulearning.github.io/EkGuru/hindi/listening/index.html,https://ekguru.shop/hindi/listening/,hindi,en,,https://ekguru.shop/hindi/listening/,"index, follow, max-snippet:-1, max-image-preview:large",yes,Understanding Hindi at real speed | EkGuru,"Why comprehension lags behind everything else, and the only thing that fixes it. Free, no sign-up.",Understanding Hindi at real speed,384,5,no,Article Language Organization Organization ItemList ListItem ListItem ListItem BreadcrumbList ListItem ListItem ListItem ListItem,0,A,
https://ekgurulearning.github.io/EkGuru/hindi/mistakes/index.html,https://ekguru.shop/hindi/mistakes/,hindi,en,,https://ekguru.shop/hindi/mistakes/,"index, follow, max-snippet:-1, max-image-preview:large",yes,The errors learners actually make | EkGuru,"The ones that fossilise, in the order they cost you most. Free, no sign-up.",The errors learners actually make,354,33,no,Article Language Organization Organization ItemList ListItem ListItem ListItem BreadcrumbList ListItem ListItem ListItem ListItem,0,A,
https://ekgurulearning.github.io/EkGuru/hindi/name-topic/index.html,https://ekguru.shop/hindi/name-topic/,hindi,en,,https://ekguru.shop/hindi/name-topic/,"index, follow, max-snippet:-1, max-image-preview:large",yes,Writing a name in Devanagari | EkGuru,"Transliteration, not translation — and why there is often more than one correct answer. Free, no sign-up.",Writing a name in Devanagari,394,3,no,Article Language Organization Organization ItemList ListItem ListItem ListItem BreadcrumbList ListItem ListItem ListItem ListItem,0,A,
https://ekgurulearning.github.io/EkGuru/hindi/numbers/index.html,https://ekguru.shop/hindi/numbers/,hindi,en,,https://ekguru.shop/hindi/numbers/,"index, follow, max-snippet:-1, max-image-preview:large",yes,Counting in Hindi | EkGuru,"Why they are harder than they look, the pattern that saves you, and lakh and crore. Free, no sign-up.",Counting in Hindi,392,4,no,Article Language Organization Organization ItemList ListItem ListItem ListItem ListItem BreadcrumbList ListItem ListItem ListItem ListItem,0,A,
https://ekgurulearning.github.io/EkGuru/hindi/phrases-food/index.html,https://ekguru.shop/hindi/phrases-food/,hindi,en,,https://ekguru.shop/hindi/phrases-food/,"index, follow, max-snippet:-1, max-image-preview:large",yes,"Ordering, refusing and enjoying food in Hindi | EkGuru","The two spice words that are not the same, and why refusing food once does not work. Free, no sign-up.","Ordering, refusing and enjoying food in Hindi",533,4,no,Article Language Organization Organization ItemList ListItem ListItem BreadcrumbList ListItem ListItem ListItem ListItem,0,A,
https://ekgurulearning.github.io/EkGuru/hindi/phrases-travel/index.html,https://ekguru.shop/hindi/phrases-travel/,hindi,en,,https://ekguru.shop/hindi/phrases-travel/,"index, follow, max-snippet:-1, max-image-preview:large",yes,The Hindi that actually helps on a trip | EkGuru,"Autos, trains, bargaining and the phrases that change how you are treated. Free, no sign-up.",The Hindi that actually helps on a trip,609,5,no,Article Language Organization Organization ItemList ListItem ListItem ListItem BreadcrumbList ListItem ListItem ListItem ListItem,0,A,
https://ekgurulearning.github.io/EkGuru/hindi/pronunciation/index.html,https://ekguru.shop/hindi/pronunciation/,hindi,en,,https://ekguru.shop/hindi/pronunciation/,"index, follow, max-snippet:-1, max-image-preview:large",yes,How Hindi actually sounds | EkGuru,"Aspiration, retroflex consonants, and the four-way distinctions English speakers cannot hear at first. Free, no sign-up.",How Hindi actually sounds,405,38,no,Article Language Organization Organization ItemList ListItem ListItem ListItem BreadcrumbList ListItem ListItem ListItem ListItem,0,A,
https://ekgurulearning.github.io/EkGuru/hindi/reading/index.html,https://ekguru.shop/hindi/reading/,hindi,en,,https://ekguru.shop/hindi/reading/,"index, follow, max-snippet:-1, max-image-preview:large",yes,From sounding out to actually reading | EkGuru,"The stages between knowing the letters and reading a sentence without effort. Free, no sign-up.",From sounding out to actually reading,394,3,no,Article Language Organization Organization ItemList ListItem ListItem ListItem ListItem BreadcrumbList ListItem ListItem ListItem ListItem,0,A,
https://ekgurulearning.github.io/EkGuru/hindi/relationships/index.html,https://ekguru.shop/hindi/relationships/,hindi,en,,https://ekguru.shop/hindi/relationships/,"index, follow, max-snippet:-1, max-image-preview:large",yes,"Talking to a partner, and to their family | EkGuru","The register question, meeting parents, and why the film version is not the spoken one. Free, no sign-up.","Talking to a partner, and to their family",525,3,no,Article Language Organization Organization ItemList ListItem ListItem BreadcrumbList ListItem ListItem ListItem ListItem,0,A,
https://ekgurulearning.github.io/EkGuru/hindi/sentence-structure/index.html,https://ekguru.shop/hindi/sentence-structure/,hindi,en,,https://ekguru.shop/hindi/sentence-structure/,"index, follow, max-snippet:-1, max-image-preview:large",yes,Building a Hindi sentence | EkGuru,"Verb last, postpositions after, and how to stop translating from English in your head. Free, no sign-up.",Building a Hindi sentence,371,33,no,Article Language Organization Organization ItemList ListItem ListItem ListItem BreadcrumbList ListItem ListItem ListItem ListItem,0,A,
https://ekgurulearning.github.io/EkGuru/hindi/shopping/index.html,https://ekguru.shop/hindi/shopping/,hindi,en,,https://ekguru.shop/hindi/shopping/,"index, follow, max-snippet:-1, max-image-preview:large",yes,"Prices, bargaining and Indian numbers | EkGuru","Catching a price said at speed, and knowing when bargaining is expected. Free, no sign-up.","Prices, bargaining and Indian numbers",354,3,no,Article Language Organization Organization ItemList ListItem ListItem BreadcrumbList ListItem ListItem ListItem ListItem,0,A,
https://ekgurulearning.github.io/EkGuru/hindi/slang/index.html,https://ekguru.shop/hindi/slang/,hindi,en,,https://ekguru.shop/hindi/slang/,"index, follow, max-snippet:-1, max-image-preview:large",yes,The words nobody teaches you | EkGuru,"यार, अच्छा, बस and the small words that carry a conversation. Free, no sign-up.",The words nobody teaches you,385,3,no,Article Language Organization Organization ItemList ListItem ListItem ListItem BreadcrumbList ListItem ListItem ListItem ListItem,0,A,
https://ekgurulearning.github.io/EkGuru/hindi/speaking/index.html,https://ekguru.shop/hindi/speaking/,hindi,en,,https://ekguru.shop/hindi/speaking/,"index, follow, max-snippet:-1, max-image-preview:large",yes,Getting words out of your mouth | EkGuru,"Why production is the bottleneck, and why it is the one thing you cannot do alone. Free, no sign-up.",Getting words out of your mouth,387,8,no,Article Language Organization Organization ItemList ListItem ListItem ListItem BreadcrumbList ListItem ListItem ListItem ListItem,0,A,
https://ekgurulearning.github.io/EkGuru/hindi/time-date/index.html,https://ekguru.shop/hindi/time-date/,hindi,en,,https://ekguru.shop/hindi/time-date/,"index, follow, max-snippet:-1, max-image-preview:large",yes,"Days, months and telling the time | EkGuru","The seven days and their planets, the month names, and the two clock times that follow no rule. Free, no sign-up.","Days, months and telling the time",422,3,no,Article Language Organization Organization ItemList ListItem ListItem ListItem ListItem ListItem ListItem ListItem BreadcrumbList ListItem ListItem ListItem ListItem,0,A,
https://ekgurulearning.github.io/EkGuru/hindi/verbs/index.html,https://ekguru.shop/hindi/verbs/,hindi,en,,https://ekguru.shop/hindi/verbs/,"index, follow, max-snippet:-1, max-image-preview:large",yes,"The verb system, without the fog | EkGuru","Three tenses, gender agreement, and the noun-plus-करना trick that gives you hundreds of expressions free. Free, no sign-up.","The verb system, without the fog",367,32,no,Article Language Organization Organization ItemList ListItem ListItem ListItem BreadcrumbList ListItem ListItem ListItem ListItem,0,A,
https://ekgurulearning.github.io/EkGuru/hindi/vocabulary/index.html,https://ekguru.shop/hindi/vocabulary/,hindi,en,,https://ekguru.shop/hindi/vocabulary/,"index, follow, max-snippet:-1, max-image-preview:large",yes,"Which words to learn, and in what order | EkGuru","The first thousand words, where they come from, and the free vocabulary your own language may already give you. Free, no sign-up.","Which words to learn, and in what order",537,38,no,Article Language Organization Organization ItemList ListItem ListItem ListItem ListItem ListItem ListItem ListItem BreadcrumbList ListItem ListItem ListItem ListItem,0,A,
https://ekgurulearning.github.io/EkGuru/hindi/writing/index.html,https://ekguru.shop/hindi/writing/,hindi,en,,https://ekguru.shop/hindi/writing/,"index, follow, max-snippet:-1, max-image-preview:large",yes,Handwriting and typing Devanagari | EkGuru,"Stroke order, the top line, and why typing is not the same as writing. Free, no sign-up.",Handwriting and typing Devanagari,411,4,no,Article Language Organization Organization ItemList ListItem ListItem ListItem ListItem BreadcrumbList ListItem ListItem ListItem ListItem,0,A,
https://ekgurulearning.github.io/EkGuru/hindi-tutor/ahmedabad/index.html,https://ekguru.shop/hindi-tutor/ahmedabad/,hindi-tutor,en,,https://ekguru.shop/hindi-tutor/ahmedabad/,"index, follow, max-snippet:-1, max-image-preview:large",yes,Hindi Tutors in Ahmedabad — Online Lessons | EkGuru,"Learn Hindi one to one with native-speaking tutors, online from Ahmedabad. Lessons 09:00–22:00 your local time. From $6 a lesson, trial available.",Hindi tutors for students in Ahmedabad,601,15,no,Service Organization City PostalAddress ServiceChannel Offer FAQPage Question Answer Question Answer Question Answer Question Answer BreadcrumbList ListItem ListItem ListItem,0,A,
https://ekgurulearning.github.io/EkGuru/hindi-tutor/australia/index.html,https://ekguru.shop/hindi-tutor/australia/,hindi-tutor,en,,https://ekguru.shop/hindi-tutor/australia/,"index, follow, max-snippet:-1, max-image-preview:large",yes,Hindi Tutors in Australia — Online Lessons | EkGuru,"Learn Hindi one to one with native-speaking tutors, online from Australia. Lessons 14:30–03:30 (next day) your local time. From $6 a lesson, trial available.",Hindi tutors for students in Australia,609,15,no,Service Organization Country PostalAddress ServiceChannel Offer FAQPage Question Answer Question Answer Question Answer Question Answer BreadcrumbList ListItem ListItem ListItem,0,A,
https://ekgurulearning.github.io/EkGuru/hindi-tutor/bangalore/index.html,https://ekguru.shop/hindi-tutor/bangalore/,hindi-tutor,en,,https://ekguru.shop/hindi-tutor/bangalore/,"index, follow, max-snippet:-1, max-image-preview:large",yes,Hindi Tutors in Bangalore — Online Lessons | EkGuru,"Learn Hindi one to one with native-speaking tutors, online from Bangalore. Lessons 09:00–22:00 your local time. From $6 a lesson, trial available.",Hindi tutors for students in Bangalore,610,15,no,Service Organization City PostalAddress ServiceChannel Offer FAQPage Question Answer Question Answer Question Answer Question Answer BreadcrumbList ListItem ListItem ListItem,0,A,
https://ekgurulearning.github.io/EkGuru/hindi-tutor/canada/index.html,https://ekguru.shop/hindi-tutor/canada/,hindi-tutor,en,,https://ekguru.shop/hindi-tutor/canada/,"index, follow, max-snippet:-1, max-image-preview:large",yes,Hindi Tutors in Canada — Online Lessons | EkGuru,"Learn Hindi one to one with native-speaking tutors, online from Canada. Lessons 22:30 (previous day)–11:30 your local time. From $6 a lesson, trial available.",Hindi tutors for students in Canada,606,15,no,Service Organization Country PostalAddress ServiceChannel Offer FAQPage Question Answer Question Answer Question Answer Question Answer BreadcrumbList ListItem ListItem ListItem,0,A,
https://ekgurulearning.github.io/EkGuru/hindi-tutor/chandigarh/index.html,https://ekguru.shop/hindi-tutor/chandigarh/,hindi-tutor,en,,https://ekguru.shop/hindi-tutor/chandigarh/,"index, follow, max-snippet:-1, max-image-preview:large",yes,Hindi Tutors in Chandigarh — Online Lessons | EkGuru,"Learn Hindi one to one with native-speaking tutors, online from Chandigarh. Lessons 09:00–22:00 your local time. From $6 a lesson, trial available.",Hindi tutors for students in Chandigarh,608,15,no,Service Organization City PostalAddress ServiceChannel Offer FAQPage Question Answer Question Answer Question Answer Question Answer BreadcrumbList ListItem ListItem ListItem,0,A,
https://ekgurulearning.github.io/EkGuru/hindi-tutor/chennai/index.html,https://ekguru.shop/hindi-tutor/chennai/,hindi-tutor,en,,https://ekguru.shop/hindi-tutor/chennai/,"index, follow, max-snippet:-1, max-image-preview:large",yes,Hindi Tutors in Chennai — Online Lessons | EkGuru,"Learn Hindi one to one with native-speaking tutors, online from Chennai. Lessons 09:00–22:00 your local time. From $6 a lesson, trial available.",Hindi tutors for students in Chennai,618,15,no,Service Organization City PostalAddress ServiceChannel Offer FAQPage Question Answer Question Answer Question Answer Question Answer BreadcrumbList ListItem ListItem ListItem,0,A,
https://ekgurulearning.github.io/EkGuru/hindi-tutor/delhi/index.html,https://ekguru.shop/hindi-tutor/delhi/,hindi-tutor,en,,https://ekguru.shop/hindi-tutor/delhi/,"index, follow, max-snippet:-1, max-image-preview:large",yes,Hindi Tutors in Delhi — Online Lessons | EkGuru,"Learn Hindi one to one with native-speaking tutors, online from Delhi. Lessons 09:00–22:00 your local time. From $6 a lesson, trial available.",Hindi tutors for students in Delhi,634,15,no,Service Organization City PostalAddress ServiceChannel Offer FAQPage Question Answer Question Answer Question Answer Question Answer BreadcrumbList ListItem ListItem ListItem,0,A,
https://ekgurulearning.github.io/EkGuru/hindi-tutor/dubai/index.html,https://ekguru.shop/hindi-tutor/dubai/,hindi-tutor,en,,https://ekguru.shop/hindi-tutor/dubai/,"index, follow, max-snippet:-1, max-image-preview:large",yes,Hindi Tutors in Dubai — Online Lessons | EkGuru,"Learn Hindi one to one with native-speaking tutors, online from Dubai. Lessons 07:30–20:30 your local time. From $6 a lesson, trial available.",Hindi tutors for students in Dubai,676,15,no,Service Organization City PostalAddress ServiceChannel Offer FAQPage Question Answer Question Answer Question Answer Question Answer BreadcrumbList ListItem ListItem ListItem,0,A,
https://ekgurulearning.github.io/EkGuru/hindi-tutor/germany/index.html,https://ekguru.shop/hindi-tutor/germany/,hindi-tutor,en,,https://ekguru.shop/hindi-tutor/germany/,"index, follow, max-snippet:-1, max-image-preview:large",yes,Hindi Tutors in Germany — Online Lessons | EkGuru,"Learn Hindi one to one with native-speaking tutors, online from Germany. Lessons 04:30–17:30 your local time. From $6 a lesson, trial available.",Hindi tutors for students in Germany,610,15,no,Service Organization Country PostalAddress ServiceChannel Offer FAQPage Question Answer Question Answer Question Answer Question Answer BreadcrumbList ListItem ListItem ListItem,0,A,
https://ekgurulearning.github.io/EkGuru/hindi-tutor/houston/index.html,https://ekguru.shop/hindi-tutor/houston/,hindi-tutor,en,,https://ekguru.shop/hindi-tutor/houston/,"index, follow, max-snippet:-1, max-image-preview:large",yes,Hindi Tutors in Houston — Online Lessons | EkGuru,"Learn Hindi one to one with native-speaking tutors, online from Houston. Lessons 21:30 (previous day)–10:30 your local time. From $6 a lesson, trial…",Hindi tutors for students in Houston,651,15,no,Service Organization City PostalAddress ServiceChannel Offer FAQPage Question Answer Question Answer Question Answer Question Answer BreadcrumbList ListItem ListItem ListItem,0,A,
https://ekgurulearning.github.io/EkGuru/hindi-tutor/hyderabad/index.html,https://ekguru.shop/hindi-tutor/hyderabad/,hindi-tutor,en,,https://ekguru.shop/hindi-tutor/hyderabad/,"index, follow, max-snippet:-1, max-image-preview:large",yes,Hindi Tutors in Hyderabad — Online Lessons | EkGuru,"Learn Hindi one to one with native-speaking tutors, online from Hyderabad. Lessons 09:00–22:00 your local time. From $6 a lesson, trial available.",Hindi tutors for students in Hyderabad,619,15,no,Service Organization City PostalAddress ServiceChannel Offer FAQPage Question Answer Question Answer Question Answer Question Answer BreadcrumbList ListItem ListItem ListItem,0,A,
https://ekgurulearning.github.io/EkGuru/hindi-tutor/index.html,https://ekguru.shop/hindi-tutor/,hindi-tutor,en,,https://ekguru.shop/hindi-tutor/,"index, follow, max-snippet:-1, max-image-preview:large",yes,Hindi Tutors by Location — India and Worldwide | EkGuru,"Online Hindi lessons wherever you are — Delhi, Mumbai, London, New York, Dubai, Sydney and more. Local lesson times, local currency, native tutors.","Hindi tutors, wherever you are",585,69,no,CollectionPage ItemList ListItem ListItem ListItem ListItem ListItem ListItem ListItem ListItem ListItem ListItem ListItem ListItem ListItem ListItem ListItem ListItem ListItem ListItem ListItem ListItem ListItem ListItem ListItem ListItem ListItem ListItem ListItem ListItem ListItem ListItem ListItem ListItem,0,A,
https://ekgurulearning.github.io/EkGuru/hindi-tutor/jaipur/index.html,https://ekguru.shop/hindi-tutor/jaipur/,hindi-tutor,en,,https://ekguru.shop/hindi-tutor/jaipur/,"index, follow, max-snippet:-1, max-image-preview:large",yes,Hindi Tutors in Jaipur — Online Lessons | EkGuru,"Learn Hindi one to one with native-speaking tutors, online from Jaipur. Lessons 09:00–22:00 your local time. From $6 a lesson, trial available.",Hindi tutors for students in Jaipur,617,15,no,Service Organization City PostalAddress ServiceChannel Offer FAQPage Question Answer Question Answer Question Answer Question Answer BreadcrumbList ListItem ListItem ListItem,0,A,
https://ekgurulearning.github.io/EkGuru/hindi-tutor/japan/index.html,https://ekguru.shop/hindi-tutor/japan/,hindi-tutor,en,,https://ekguru.shop/hindi-tutor/japan/,"index, follow, max-snippet:-1, max-image-preview:large",yes,Hindi Tutors in Japan — Online Lessons | EkGuru,"Learn Hindi one to one with native-speaking tutors, online from Japan. Lessons 12:30–01:30 (next day) your local time. From $6 a lesson, trial available.",Hindi tutors for students in Japan,620,15,no,Service Organization Country PostalAddress ServiceChannel Offer FAQPage Question Answer Question Answer Question Answer Question Answer BreadcrumbList ListItem ListItem ListItem,0,A,
https://ekgurulearning.github.io/EkGuru/hindi-tutor/kolkata/index.html,https://ekguru.shop/hindi-tutor/kolkata/,hindi-tutor,en,,https://ekguru.shop/hindi-tutor/kolkata/,"index, follow, max-snippet:-1, max-image-preview:large",yes,Hindi Tutors in Kolkata — Online Lessons | EkGuru,"Learn Hindi one to one with native-speaking tutors, online from Kolkata. Lessons 09:00–22:00 your local time. From $6 a lesson, trial available.",Hindi tutors for students in Kolkata,616,15,no,Service Organization City PostalAddress ServiceChannel Offer FAQPage Question Answer Question Answer Question Answer Question Answer BreadcrumbList ListItem ListItem ListItem,0,A,
https://ekgurulearning.github.io/EkGuru/hindi-tutor/london/index.html,https://ekguru.shop/hindi-tutor/london/,hindi-tutor,en,,https://ekguru.shop/hindi-tutor/london/,"index, follow, max-snippet:-1, max-image-preview:large",yes,Hindi Tutors in London — Online Lessons | EkGuru,"Learn Hindi one to one with native-speaking tutors, online from London. Lessons 03:30–16:30 your local time. From $6 a lesson, trial available.",Hindi tutors for students in London,676,15,no,Service Organization City PostalAddress ServiceChannel Offer FAQPage Question Answer Question Answer Question Answer Question Answer BreadcrumbList ListItem ListItem ListItem,0,A,
https://ekgurulearning.github.io/EkGuru/hindi-tutor/lucknow/index.html,https://ekguru.shop/hindi-tutor/lucknow/,hindi-tutor,en,,https://ekguru.shop/hindi-tutor/lucknow/,"index, follow, max-snippet:-1, max-image-preview:large",yes,Hindi Tutors in Lucknow — Online Lessons | EkGuru,"Learn Hindi one to one with native-speaking tutors, online from Lucknow. Lessons 09:00–22:00 your local time. From $6 a lesson, trial available.",Hindi tutors for students in Lucknow,606,15,no,Service Organization City PostalAddress ServiceChannel Offer FAQPage Question Answer Question Answer Question Answer Question Answer BreadcrumbList ListItem ListItem ListItem,0,A,
https://ekgurulearning.github.io/EkGuru/hindi-tutor/melbourne/index.html,https://ekguru.shop/hindi-tutor/melbourne/,hindi-tutor,en,,https://ekguru.shop/hindi-tutor/melbourne/,"index, follow, max-snippet:-1, max-image-preview:large",yes,Hindi Tutors in Melbourne — Online Lessons | EkGuru,"Learn Hindi one to one with native-speaking tutors, online from Melbourne. Lessons 14:30–03:30 (next day) your local time. From $6 a lesson, trial available.",Hindi tutors for students in Melbourne,645,15,no,Service Organization City PostalAddress ServiceChannel Offer FAQPage Question Answer Question Answer Question Answer Question Answer BreadcrumbList ListItem ListItem ListItem,0,A,
https://ekgurulearning.github.io/EkGuru/hindi-tutor/mumbai/index.html,https://ekguru.shop/hindi-tutor/mumbai/,hindi-tutor,en,,https://ekguru.shop/hindi-tutor/mumbai/,"index, follow, max-snippet:-1, max-image-preview:large",yes,Hindi Tutors in Mumbai — Online Lessons | EkGuru,"Learn Hindi one to one with native-speaking tutors, online from Mumbai. Lessons 09:00–22:00 your local time. From $6 a lesson, trial available.",Hindi tutors for students in Mumbai,612,15,no,Service Organization City PostalAddress ServiceChannel Offer FAQPage Question Answer Question Answer Question Answer Question Answer BreadcrumbList ListItem ListItem ListItem,0,A,
https://ekgurulearning.github.io/EkGuru/hindi-tutor/nepal/index.html,https://ekguru.shop/hindi-tutor/nepal/,hindi-tutor,en,,https://ekguru.shop/hindi-tutor/nepal/,"index, follow, max-snippet:-1, max-image-preview:large",yes,Hindi Tutors in Nepal — Online Lessons | EkGuru,"Learn Hindi one to one with native-speaking tutors, online from Nepal. Lessons 09:15–22:15 your local time. From $6 a lesson, trial available.",Hindi tutors for students in Nepal,615,15,no,Service Organization Country PostalAddress ServiceChannel Offer FAQPage Question Answer Question Answer Question Answer Question Answer BreadcrumbList ListItem ListItem ListItem,0,A,
https://ekgurulearning.github.io/EkGuru/hindi-tutor/new-york/index.html,https://ekguru.shop/hindi-tutor/new-york/,hindi-tutor,en,,https://ekguru.shop/hindi-tutor/new-york/,"index, follow, max-snippet:-1, max-image-preview:large",yes,Hindi Tutors in New York — Online Lessons | EkGuru,"Learn Hindi one to one with native-speaking tutors, online from New York. Lessons 22:30 (previous day)–11:30 your local time. From $6 a lesson, trial…",Hindi tutors for students in New York,669,15,no,Service Organization City PostalAddress ServiceChannel Offer FAQPage Question Answer Question Answer Question Answer Question Answer BreadcrumbList ListItem ListItem ListItem,0,A,
https://ekgurulearning.github.io/EkGuru/hindi-tutor/patna/index.html,https://ekguru.shop/hindi-tutor/patna/,hindi-tutor,en,,https://ekguru.shop/hindi-tutor/patna/,"index, follow, max-snippet:-1, max-image-preview:large",yes,Hindi Tutors in Patna — Online Lessons | EkGuru,"Learn Hindi one to one with native-speaking tutors, online from Patna. Lessons 09:00–22:00 your local time. From $6 a lesson, trial available.",Hindi tutors for students in Patna,600,15,no,Service Organization City PostalAddress ServiceChannel Offer FAQPage Question Answer Question Answer Question Answer Question Answer BreadcrumbList ListItem ListItem ListItem,0,A,
https://ekgurulearning.github.io/EkGuru/hindi-tutor/pune/index.html,https://ekguru.shop/hindi-tutor/pune/,hindi-tutor,en,,https://ekguru.shop/hindi-tutor/pune/,"index, follow, max-snippet:-1, max-image-preview:large",yes,Hindi Tutors in Pune — Online Lessons | EkGuru,"Learn Hindi one to one with native-speaking tutors, online from Pune. Lessons 09:00–22:00 your local time. From $6 a lesson, trial available.",Hindi tutors for students in Pune,609,15,no,Service Organization City PostalAddress ServiceChannel Offer FAQPage Question Answer Question Answer Question Answer Question Answer BreadcrumbList ListItem ListItem ListItem,0,A,
https://ekgurulearning.github.io/EkGuru/hindi-tutor/san-francisco/index.html,https://ekguru.shop/hindi-tutor/san-francisco/,hindi-tutor,en,,https://ekguru.shop/hindi-tutor/san-francisco/,"index, follow, max-snippet:-1, max-image-preview:large",yes,Hindi Tutors in San Francisco Bay Area — Online… | EkGuru,"Learn Hindi one to one with native-speaking tutors, online from San Francisco Bay Area. Lessons 19:30 (previous day)–08:30 your local time. From $6 a…",Hindi tutors for students in San Francisco Bay Area,688,15,no,Service Organization City PostalAddress ServiceChannel Offer FAQPage Question Answer Question Answer Question Answer Question Answer BreadcrumbList ListItem ListItem ListItem,0,A,
https://ekgurulearning.github.io/EkGuru/hindi-tutor/singapore/index.html,https://ekguru.shop/hindi-tutor/singapore/,hindi-tutor,en,,https://ekguru.shop/hindi-tutor/singapore/,"index, follow, max-snippet:-1, max-image-preview:large",yes,Hindi Tutors in Singapore — Online Lessons | EkGuru,"Learn Hindi one to one with native-speaking tutors, online from Singapore. Lessons 11:30–00:30 (next day) your local time. From $6 a lesson, trial available.",Hindi tutors for students in Singapore,614,15,no,Service Organization Country PostalAddress ServiceChannel Offer FAQPage Question Answer Question Answer Question Answer Question Answer BreadcrumbList ListItem ListItem ListItem,0,A,
https://ekgurulearning.github.io/EkGuru/hindi-tutor/south-africa/index.html,https://ekguru.shop/hindi-tutor/south-africa/,hindi-tutor,en,,https://ekguru.shop/hindi-tutor/south-africa/,"index, follow, max-snippet:-1, max-image-preview:large",yes,Hindi Tutors in South Africa — Online Lessons | EkGuru,"Learn Hindi one to one with native-speaking tutors, online from South Africa. Lessons 05:30–18:30 your local time. From $6 a lesson, trial available.",Hindi tutors for students in South Africa,617,15,no,Service Organization Country PostalAddress ServiceChannel Offer FAQPage Question Answer Question Answer Question Answer Question Answer BreadcrumbList ListItem ListItem ListItem,0,A,
https://ekgurulearning.github.io/EkGuru/hindi-tutor/spain/index.html,https://ekguru.shop/hindi-tutor/spain/,hindi-tutor,en,,https://ekguru.shop/hindi-tutor/spain/,"index, follow, max-snippet:-1, max-image-preview:large",yes,Hindi Tutors in Spain — Online Lessons | EkGuru,"Learn Hindi one to one with native-speaking tutors, online from Spain. Lessons 04:30–17:30 your local time. From $6 a lesson, trial available.",Hindi tutors for students in Spain,614,15,no,Service Organization Country PostalAddress ServiceChannel Offer FAQPage Question Answer Question Answer Question Answer Question Answer BreadcrumbList ListItem ListItem ListItem,0,A,
https://ekgurulearning.github.io/EkGuru/hindi-tutor/sydney/index.html,https://ekguru.shop/hindi-tutor/sydney/,hindi-tutor,en,,https://ekguru.shop/hindi-tutor/sydney/,"index, follow, max-snippet:-1, max-image-preview:large",yes,Hindi Tutors in Sydney — Online Lessons | EkGuru,"Learn Hindi one to one with native-speaking tutors, online from Sydney. Lessons 14:30–03:30 (next day) your local time. From $6 a lesson, trial available.",Hindi tutors for students in Sydney,660,15,no,Service Organization City PostalAddress ServiceChannel Offer FAQPage Question Answer Question Answer Question Answer Question Answer BreadcrumbList ListItem ListItem ListItem,0,A,
https://ekgurulearning.github.io/EkGuru/hindi-tutor/toronto/index.html,https://ekguru.shop/hindi-tutor/toronto/,hindi-tutor,en,,https://ekguru.shop/hindi-tutor/toronto/,"index, follow, max-snippet:-1, max-image-preview:large",yes,Hindi Tutors in Toronto — Online Lessons | EkGuru,"Learn Hindi one to one with native-speaking tutors, online from Toronto. Lessons 22:30 (previous day)–11:30 your local time. From $6 a lesson, trial…",Hindi tutors for students in Toronto,660,15,no,Service Organization City PostalAddress ServiceChannel Offer FAQPage Question Answer Question Answer Question Answer Question Answer BreadcrumbList ListItem ListItem ListItem,0,A,
https://ekgurulearning.github.io/EkGuru/hindi-tutor/united-arab-emirates/index.html,https://ekguru.shop/hindi-tutor/united-arab-emirates/,hindi-tutor,en,,https://ekguru.shop/hindi-tutor/united-arab-emirates/,"index, follow, max-snippet:-1, max-image-preview:large",yes,Hindi Tutors in UAE — Online Lessons | EkGuru,"Learn Hindi one to one with native-speaking tutors, online from UAE. Lessons 07:30–20:30 your local time. From $6 a lesson, trial available.",Hindi tutors for students in UAE,614,15,no,Service Organization Country PostalAddress ServiceChannel Offer FAQPage Question Answer Question Answer Question Answer Question Answer BreadcrumbList ListItem ListItem ListItem,0,A,
https://ekgurulearning.github.io/EkGuru/hindi-tutor/united-kingdom/index.html,https://ekguru.shop/hindi-tutor/united-kingdom/,hindi-tutor,en,,https://ekguru.shop/hindi-tutor/united-kingdom/,"index, follow, max-snippet:-1, max-image-preview:large",yes,Hindi Tutors in United Kingdom — Online Lessons | EkGuru,"Learn Hindi one to one with native-speaking tutors, online from United Kingdom. Lessons 03:30–16:30 your local time. From $6 a lesson, trial available.",Hindi tutors for students in United Kingdom,634,15,no,Service Organization Country PostalAddress ServiceChannel Offer FAQPage Question Answer Question Answer Question Answer Question Answer BreadcrumbList ListItem ListItem ListItem,0,A,
https://ekgurulearning.github.io/EkGuru/hindi-tutor/united-states/index.html,https://ekguru.shop/hindi-tutor/united-states/,hindi-tutor,en,,https://ekguru.shop/hindi-tutor/united-states/,"index, follow, max-snippet:-1, max-image-preview:large",yes,Hindi Tutors in United States — Online Lessons | EkGuru,"Learn Hindi one to one with native-speaking tutors, online from United States. Lessons 22:30 (previous day)–11:30 your local time. From $6 a lesson, trial…",Hindi tutors for students in United States,628,15,no,Service Organization Country PostalAddress ServiceChannel Offer FAQPage Question Answer Question Answer Question Answer Question Answer BreadcrumbList ListItem ListItem ListItem,0,A,
https://ekgurulearning.github.io/EkGuru/hindi-tutor/worldwide/index.html,https://ekguru.shop/hindi-tutor/worldwide/,hindi-tutor,en,,https://ekguru.shop/hindi-tutor/worldwide/,"index, follow, max-snippet:-1, max-image-preview:large",yes,Hindi Tutors in Anywhere in the World — Online… | EkGuru,"Learn Hindi one to one with native-speaking tutors, online from Anywhere in the World. Lessons 03:30–16:30 your local time. From $6 a lesson, trial available.",Hindi tutors for students in Anywhere in the World,622,15,no,Service Organization Place ServiceChannel Offer FAQPage Question Answer Question Answer Question Answer Question Answer BreadcrumbList ListItem ListItem ListItem,0,A,
https://ekgurulearning.github.io/EkGuru/id/hindi/index.html,https://ekguru.shop/id/hindi/,id,id,,https://ekguru.shop/id/hindi/,"index, follow, max-snippet:-1, max-image-preview:large",yes,Belajar bahasa Hindi — panduan lengkap | EkGuru,"Cara belajar bahasa Hindi dari nol: aksara Devanagari, pelafalan, kalimat pertama, dan ratusan kata yang sudah Anda kenali dari bahasa Indonesia.",Belajar bahasa Hindi dari nol,837,21,no,Article Language Organization Organization FAQPage Question Answer Question Answer Question Answer BreadcrumbList ListItem ListItem,18,A,
https://ekgurulearning.github.io/EkGuru/index.html,https://ekguru.shop/,index.html,en,,https://ekguru.shop/,"index,follow",yes,Learn Hindi Online with a Private Tutor | EkGuru,"Learn Hindi online with verified native tutors. Private 1-on-1 lessons from $6 covering speaking, reading, writing and Devanagari. Book a trial lesson today.",Learn Hindi with your own personal Guru,693,551,no,Organization ImageObject Person CollegeOrUniversity ContactPoint WebSite SearchAction EntryPoint,15,A,
https://ekgurulearning.github.io/EkGuru/it/hindi/index.html,https://ekguru.shop/it/hindi/,it,it,,https://ekguru.shop/it/hindi/,"index, follow, max-snippet:-1, max-image-preview:large",yes,Imparare l'hindi — la guida completa | EkGuru,"Come imparare l'hindi da zero: l'alfabeto devanagari, la pronuncia, le prime frasi e il vantaggio che l'italiano ti dà già.",Imparare l'hindi da zero,845,22,no,Article Language Organization Organization FAQPage Question Answer Question Answer Question Answer BreadcrumbList ListItem ListItem,18,A,
https://ekgurulearning.github.io/EkGuru/ja/find-tutors.html,https://ekguru.shop/ja/find-tutors.html,ja,ja,,https://ekguru.shop/ja/find-tutors.html,"index, follow, max-snippet:-1, max-image-preview:large",yes,ヒンディー語講師を探す | EkGuru,認証済みのヒンディー語講師をレベル・価格・評価で絞り込み。,ヒンディー語講師を探す,649,7,no,WebPage BreadcrumbList ListItem ListItem ItemList ListItem ListItem ListItem ListItem,15,A,
https://ekgurulearning.github.io/EkGuru/ja/hindi/index.html,https://ekguru.shop/ja/hindi/,ja,ja,,https://ekguru.shop/ja/hindi/,"index, follow, max-snippet:-1, max-image-preview:large",yes,ヒンディー語を学ぶ — 完全ガイド | EkGuru,ゼロから始めるヒンディー語。デーヴァナーガリー文字、発音、最初のフレーズ、そして日本語話者だけが持つ構造上の強みについて。,ヒンディー語をゼロから学ぶ,1085,21,no,Article Language Organization Organization FAQPage Question Answer Question Answer Question Answer BreadcrumbList ListItem ListItem,18,A,
https://ekgurulearning.github.io/EkGuru/ja/index.html,https://ekguru.shop/ja/,ja,ja,,https://ekguru.shop/ja/,"index, follow, max-snippet:-1, max-image-preview:large",yes,オンラインでヒンディー語を学ぶ | EkGuru マンツーマンレッスン,認証済みネイティブ講師とオンラインでヒンディー語を学習。1レッスン6ドルから。,あなただけの 専属グルとヒンディー語を,608,2,no,WebPage BreadcrumbList ListItem ListItem ItemList ListItem ListItem ListItem ListItem,15,A,
https://ekgurulearning.github.io/EkGuru/ja/join.html,https://ekguru.shop/ja/join.html,ja,ja,,https://ekguru.shop/ja/join.html,"index, follow, max-snippet:-1, max-image-preview:large",yes,ヒンディー語講師になる — EkGuruで教える,EkGuruでヒンディー語をオンライン指導。掲載無料、手数料なし。,EkGuruの講師になる,634,2,no,WebPage BreadcrumbList ListItem ListItem ItemList ListItem ListItem ListItem ListItem,15,A,
https://ekgurulearning.github.io/EkGuru/join.html,https://ekguru.shop/join.html,join.html,en,,https://ekguru.shop/join.html,"index,follow",yes,Become a Hindi Tutor — Free Listing | EkGuru,"Teach Hindi online with EkGuru. Free profile listing, no commission, and students contact you directly. Send your bio, photo, intro video and rates to apply.",Become an EkGuru tutor,800,14,no,Organization ImageObject Person CollegeOrUniversity ContactPoint BreadcrumbList ListItem ListItem,15,A,
https://ekgurulearning.github.io/EkGuru/ko/hindi/index.html,https://ekguru.shop/ko/hindi/,ko,ko,,https://ekguru.shop/ko/hindi/,"index, follow, max-snippet:-1, max-image-preview:large",yes,힌디어 배우기 — 한국어 화자를 위한 완전 가이드 | EkGuru,"한국어 화자가 힌디어를 배울 때 유리한 점과 어려운 점. 데바나가리 문자, 발음, 첫 문장, 그리고 현실적인 30일 학습 순서.",힌디어를 처음부터 배우기,1439,21,no,Article Language Organization Organization FAQPage Question Answer Question Answer Question Answer BreadcrumbList ListItem ListItem,18,A,
https://ekgurulearning.github.io/EkGuru/learn/aap-tum-tu-hindi/index.html,https://ekguru.shop/learn/aap-tum-tu-hindi/,learn,en,,https://ekguru.shop/learn/aap-tum-tu-hindi/,"index, follow, max-snippet:-1, max-image-preview:large",yes,"Aap, Tum or Tu — Getting Politeness Right in Hindi | EkGuru","Hindi has three words for you, and choosing wrong can be genuinely rude. Who gets which, how the verb changes with each, and the safe default when you are…","Aap, Tum or Tu — Getting Politeness Right in Hindi",1016,101,no,Article Organization Organization ImageObject Thing BreadcrumbList ListItem ListItem ListItem LearningResource Organization,0,A,
https://ekgurulearning.github.io/EkGuru/learn/common-hindi-mistakes/index.html,https://ekguru.shop/learn/common-hindi-mistakes/,learn,en,,https://ekguru.shop/learn/common-hindi-mistakes/,"index, follow, max-snippet:-1, max-image-preview:large",yes,10 Common Hindi Learner Mistakes | EkGuru,"The errors that mark you out as a learner, why each one happens, and the fix. Written from what actually goes wrong in lessons, not from a textbook.",10 Mistakes Every Hindi Learner Makes — And How to Stop,1120,124,no,Article Organization Organization ImageObject Thing BreadcrumbList ListItem ListItem ListItem LearningResource Organization,0,A,
https://ekgurulearning.github.io/EkGuru/learn/hindi-alphabet-for-beginners/index.html,https://ekguru.shop/learn/hindi-alphabet-for-beginners/,learn,en,,https://ekguru.shop/learn/hindi-alphabet-for-beginners/,"index, follow, max-snippet:-1, max-image-preview:large",yes,The Hindi Alphabet — A Beginner's Guide | EkGuru,"Learn every Hindi letter with its sound and an English example. Vowels, consonants and matras explained simply, with a printable chart and the order to…",The Hindi Alphabet: A Complete Beginner's Guide to Devanagari,1258,162,no,Article Organization Organization ImageObject Thing BreadcrumbList ListItem ListItem ListItem LearningResource Organization,0,A,
https://ekgurulearning.github.io/EkGuru/learn/hindi-days-months-time/index.html,https://ekguru.shop/learn/hindi-days-months-time/,learn,en,,https://ekguru.shop/learn/hindi-days-months-time/,"index, follow, max-snippet:-1, max-image-preview:large",yes,"Days, Months and Telling the Time in Hindi | EkGuru","The days of the week, the months, and how to tell the time in Hindi — including dhai and saadhe, the half-hour words that confuse every learner.","Days, Months and Telling the Time in Hindi",1078,17,no,Article Organization Organization ImageObject Thing BreadcrumbList ListItem ListItem ListItem LearningResource Organization,0,A,
https://ekgurulearning.github.io/EkGuru/learn/hindi-family-words/index.html,https://ekguru.shop/learn/hindi-family-words/,learn,en,,https://ekguru.shop/learn/hindi-family-words/,"index, follow, max-snippet:-1, max-image-preview:large",yes,Hindi Family Words Explained | EkGuru,"Every Hindi family relation with pronunciation, and the logic behind why Hindi has separate words for your father's brother and your mother's brother when…",Hindi Family Words — Why There Are Twelve Words for Cousin,1053,19,no,Article Organization Organization ImageObject Thing BreadcrumbList ListItem ListItem ListItem LearningResource Organization,0,A,
https://ekgurulearning.github.io/EkGuru/learn/hindi-gender-masculine-feminine/index.html,https://ekguru.shop/learn/hindi-gender-masculine-feminine/,learn,en,,https://ekguru.shop/learn/hindi-gender-masculine-feminine/,"index, follow, max-snippet:-1, max-image-preview:large",yes,Hindi Gender — Masculine and Feminine | EkGuru,"Every Hindi noun is masculine or feminine, and the verb changes with the speaker's own gender. The rules, the patterns that let you guess, and the…",Hindi Gender — Why Your Verb Changes Depending on Who Is Speaking,1084,129,no,Article Organization Organization ImageObject Thing BreadcrumbList ListItem ListItem ListItem LearningResource Organization,0,A,
https://ekgurulearning.github.io/EkGuru/learn/hindi-numbers-1-to-100/index.html,https://ekguru.shop/learn/hindi-numbers-1-to-100/,learn,en,,https://ekguru.shop/learn/hindi-numbers-1-to-100/,"index, follow, max-snippet:-1, max-image-preview:large",yes,Hindi Numbers 1 to 100 | EkGuru,"Hindi numbers are genuinely irregular, unlike most languages. Here is the full 1–100 list with pronunciation, plus the pattern that makes them learnable and…","Hindi Numbers 1 to 100 — Why They Are Hard, and How to Learn Them Anyway",1119,130,no,Article Organization Organization ImageObject Thing BreadcrumbList ListItem ListItem ListItem LearningResource Organization,0,A,
https://ekgurulearning.github.io/EkGuru/learn/hindi-or-urdu-difference/index.html,https://ekguru.shop/learn/hindi-or-urdu-difference/,learn,en,,https://ekguru.shop/learn/hindi-or-urdu-difference/,"index, follow, max-snippet:-1, max-image-preview:large",yes,Hindi vs Urdu — The Real Difference | EkGuru,"Hindi and Urdu speakers understand each other completely, yet the languages are treated as separate. A clear explanation of the script, vocabulary and…","Hindi vs Urdu — What Is Actually Different, and What Is Not",1112,95,no,Article Organization Organization ImageObject Thing BreadcrumbList ListItem ListItem ListItem LearningResource Organization,0,A,
https://ekgurulearning.github.io/EkGuru/learn/hindi-phrases-for-travel/index.html,https://ekguru.shop/learn/hindi-phrases-for-travel/,learn,en,,https://ekguru.shop/learn/hindi-phrases-for-travel/,"index, follow, max-snippet:-1, max-image-preview:large",yes,50 Hindi Phrases for Travel in India | EkGuru,"The Hindi phrases that genuinely matter when travelling in India: bargaining, autos, trains, food and being unwell. Written by people who use them, not…",50 Hindi Phrases for Travelling in India — What You Will Actually Use,1200,129,no,Article Organization Organization ImageObject Thing BreadcrumbList ListItem ListItem ListItem LearningResource Organization,0,A,
https://ekgurulearning.github.io/EkGuru/learn/hindi-sentence-structure/index.html,https://ekguru.shop/learn/hindi-sentence-structure/,learn,en,,https://ekguru.shop/learn/hindi-sentence-structure/,"index, follow, max-snippet:-1, max-image-preview:large",yes,Hindi Word Order — Why the Verb Goes Last | EkGuru,"Hindi puts the verb at the end and postpositions after the noun. Once you see the pattern, sentences stop feeling backwards. With worked examples and the…",Hindi Word Order — Why the Verb Goes Last,1043,207,no,Article Organization Organization ImageObject Thing BreadcrumbList ListItem ListItem ListItem LearningResource Organization,0,A,
https://ekgurulearning.github.io/EkGuru/learn/hindi-verbs-present-past-future/index.html,https://ekguru.shop/learn/hindi-verbs-present-past-future/,learn,en,,https://ekguru.shop/learn/hindi-verbs-present-past-future/,"index, follow, max-snippet:-1, max-image-preview:large",yes,"Hindi Verbs — Present, Past and Future in One Page | EkGuru","Every Hindi tense you need to hold a conversation, with the endings laid out plainly. Includes the ne rule that catches everyone and the honest shortcut for…","Hindi Verbs — Present, Past and Future in One Page",1061,96,no,Article Organization Organization ImageObject Thing BreadcrumbList ListItem ListItem ListItem LearningResource Organization,0,A,
https://ekgurulearning.github.io/EkGuru/learn/how-to-say-hello-in-hindi/index.html,https://ekguru.shop/learn/how-to-say-hello-in-hindi/,learn,en,,https://ekguru.shop/learn/how-to-say-hello-in-hindi/,"index, follow, max-snippet:-1, max-image-preview:large",yes,How to Say Hello in Hindi | EkGuru,"Namaste is not the only Hindi greeting, and sometimes it is the wrong one. A practical guide to greeting people in Hindi by time, age, religion and situation.",How to Say Hello in Hindi — And When Namaste Is the Wrong Word,1069,128,no,Article Organization Organization ImageObject Thing BreadcrumbList ListItem ListItem ListItem LearningResource Organization,0,A,
https://ekgurulearning.github.io/EkGuru/learn/index.html,https://ekguru.shop/learn/,learn,en,,https://ekguru.shop/learn/,"index, follow, max-snippet:-1, max-image-preview:large",yes,Learn Hindi — Free Guides for Beginners | EkGuru,"Free guides to learning Hindi: the Devanagari alphabet, greetings, numbers 1-100, travel phrases, and an honest comparison of every way to learn.",Learn Hindi — free guides,1159,525,no,CollectionPage ItemList ListItem ListItem ListItem ListItem ListItem ListItem ListItem ListItem ListItem ListItem ListItem ListItem ListItem ListItem ListItem Course Organization CourseInstance,0,A,
https://ekgurulearning.github.io/EkGuru/learn/learn-hindi-from-bollywood/index.html,https://ekguru.shop/learn/learn-hindi-from-bollywood/,learn,en,,https://ekguru.shop/learn/learn-hindi-from-bollywood/,"index, follow, max-snippet:-1, max-image-preview:large",yes,Learning Hindi from Bollywood | EkGuru,"Films are a genuinely good way to learn Hindi, if you pick the right ones and use them properly. Recommendations by level, plus an honest list of what film…","Learning Hindi from Bollywood — Which Films, and What It Will Not Teach You",976,95,no,Article Organization Organization ImageObject Thing BreadcrumbList ListItem ListItem ListItem LearningResource Organization,0,A,
https://ekgurulearning.github.io/EkGuru/learn/learn-hindi-online-guide/index.html,https://ekguru.shop/learn/learn-hindi-online-guide/,learn,en,,https://ekguru.shop/learn/learn-hindi-online-guide/,"index, follow, max-snippet:-1, max-image-preview:large",yes,How to Learn Hindi Online in 2026 | EkGuru,"Apps, YouTube, textbooks or a tutor? A frank comparison of every way to learn Hindi online, what each one is genuinely good for, and roughly how long…",How to Actually Learn Hindi Online in 2026 — An Honest Guide,1205,16,no,Article Organization Organization ImageObject Thing BreadcrumbList ListItem ListItem ListItem LearningResource Organization,0,A,
https://ekgurulearning.github.io/EkGuru/learn/write-your-name-in-hindi/index.html,https://ekguru.shop/learn/write-your-name-in-hindi/,learn,en,,https://ekguru.shop/learn/write-your-name-in-hindi/,"index, follow, max-snippet:-1, max-image-preview:large",yes,How to Write Your Name in Hindi | EkGuru,"Write any English name in Devanagari, letter by letter. A complete sound-to-letter table, worked examples for common names, and the four mistakes everyone…",How to Write Your Name in Hindi — With the Full Letter Guide,1184,131,no,Article Organization Organization ImageObject Thing BreadcrumbList ListItem ListItem ListItem LearningResource Organization,0,A,
https://ekgurulearning.github.io/EkGuru/learn-hindi-by-country/index.html,https://ekguru.shop/learn-hindi-by-country/,learn-hindi-by-country,en,,https://ekguru.shop/learn-hindi-by-country/,"index, follow, max-snippet:-1, max-image-preview:large",yes,"Learn Hindi by Country — Times, Prices, What Helps | EkGuru","Country-by-country guidance for learning Hindi online: local lesson times, prices in your currency, and what your own language gives you for free.","Learn Hindi, from wherever you are",826,205,no,CollectionPage ItemList ListItem ListItem ListItem ListItem ListItem ListItem ListItem ListItem ListItem ListItem ListItem ListItem ListItem ListItem ListItem ListItem ListItem ListItem ListItem ListItem ListItem ListItem ListItem ListItem ListItem ListItem ListItem ListItem ListItem ListItem ListItem ListItem ListItem ListItem ListItem ListItem ListItem ListItem ListItem ListItem ListItem ListItem ListItem ListItem ListItem ListItem ListItem ListItem ListItem ListItem ListItem ListItem ListItem ListItem ListItem ListItem ListItem ListItem ListItem ListItem ListItem ListItem ListItem ListItem ListItem ListItem ListItem ListItem ListItem ListItem ListItem ListItem ListItem ListItem ListItem ListItem ListItem ListItem ListItem ListItem ListItem ListItem ListItem ListItem ListItem ListItem ListItem ListItem ListItem ListItem ListItem ListItem ListItem ListItem ListItem ListItem ListItem ListItem ListItem ListItem ListItem ListItem ListItem ListItem ListItem ListItem ListItem ListItem ListItem ListItem ListItem ListItem ListItem ListItem ListItem ListItem ListItem ListItem ListItem ListItem ListItem ListItem ListItem ListItem ListItem ListItem ListItem ListItem ListItem ListItem ListItem ListItem ListItem ListItem ListItem ListItem ListItem ListItem ListItem ListItem ListItem ListItem ListItem ListItem ListItem ListItem ListItem ListItem ListItem ListItem ListItem ListItem ListItem ListItem ListItem ListItem ListItem ListItem BreadcrumbList ListItem ListItem ListItem,0,A,
https://ekgurulearning.github.io/EkGuru/learn-hindi-for-arabic-speakers/first-words/index.html,https://ekguru.shop/learn-hindi-for-arabic-speakers/first-words/,learn-hindi-for-arabic-speakers,en,,https://ekguru.shop/learn-hindi-for-arabic-speakers/first-words/,"index, follow, max-snippet:-1, max-image-preview:large",yes,The First 100 Hindi Words for Arabic Speakers | EkGuru,Where to start with Hindi vocabulary as a Arabic speaker — including the words you may already recognise.,"The first 100 Hindi words, for Arabic speakers",979,4,no,Article Language Organization Organization FAQPage Question Answer Question Answer Question Answer BreadcrumbList ListItem ListItem ListItem ListItem ListItem,0,A,
https://ekgurulearning.github.io/EkGuru/learn-hindi-for-arabic-speakers/grammar/index.html,https://ekguru.shop/learn-hindi-for-arabic-speakers/grammar/,learn-hindi-for-arabic-speakers,en,,https://ekguru.shop/learn-hindi-for-arabic-speakers/grammar/,"index, follow, max-snippet:-1, max-image-preview:large",yes,Hindi Grammar for Arabic Speakers | EkGuru,"Hindi grammar compared with Arabic: what transfers directly, what is genuinely new, and what to learn in which order.",Hindi grammar for Arabic speakers,978,4,no,Article Language Organization Organization FAQPage Question Answer Question Answer Question Answer BreadcrumbList ListItem ListItem ListItem ListItem ListItem,0,A,
https://ekgurulearning.github.io/EkGuru/learn-hindi-for-arabic-speakers/index.html,https://ekguru.shop/learn-hindi-for-arabic-speakers/,learn-hindi-for-arabic-speakers,en,,https://ekguru.shop/learn-hindi-for-arabic-speakers/,"index, follow, max-snippet:-1, max-image-preview:large",yes,Learn Hindi for Arabic Speakers | EkGuru,"What Arabic gives you for free when learning Hindi, what it does not, the sounds to watch, and a realistic first thirty days.",Learn Hindi for Arabic speakers,1202,36,no,Article Language Organization Organization FAQPage Question Answer Question Answer Question Answer Question Answer BreadcrumbList ListItem ListItem ListItem ListItem,0,A,
https://ekgurulearning.github.io/EkGuru/learn-hindi-for-arabic-speakers/mistakes/index.html,https://ekguru.shop/learn-hindi-for-arabic-speakers/mistakes/,learn-hindi-for-arabic-speakers,en,,https://ekguru.shop/learn-hindi-for-arabic-speakers/mistakes/,"index, follow, max-snippet:-1, max-image-preview:large",yes,Hindi Mistakes Arabic Speakers Make | EkGuru,"The errors that come specifically from speaking Arabic — which ones fossilise, and how to catch them early.",Hindi mistakes Arabic speakers make,888,4,no,Article Language Organization Organization FAQPage Question Answer Question Answer Question Answer BreadcrumbList ListItem ListItem ListItem ListItem ListItem,0,A,
https://ekgurulearning.github.io/EkGuru/learn-hindi-for-arabic-speakers/pronunciation/index.html,https://ekguru.shop/learn-hindi-for-arabic-speakers/pronunciation/,learn-hindi-for-arabic-speakers,en,,https://ekguru.shop/learn-hindi-for-arabic-speakers/pronunciation/,"index, follow, max-snippet:-1, max-image-preview:large",yes,Hindi Pronunciation for Arabic Speakers | EkGuru,"The Hindi sounds a Arabic speaker gets free, the ones that need work, and a drill order that starts with your specific problem.",Hindi pronunciation for Arabic speakers,942,4,no,Article Language Organization Organization FAQPage Question Answer Question Answer Question Answer BreadcrumbList ListItem ListItem ListItem ListItem ListItem,0,A,
https://ekgurulearning.github.io/EkGuru/learn-hindi-for-bengali-speakers/first-words/index.html,https://ekguru.shop/learn-hindi-for-bengali-speakers/first-words/,learn-hindi-for-bengali-speakers,en,,https://ekguru.shop/learn-hindi-for-bengali-speakers/first-words/,"index, follow, max-snippet:-1, max-image-preview:large",yes,The First 100 Hindi Words for Bengali Speakers | EkGuru,Where to start with Hindi vocabulary as a Bengali speaker — including the words you may already recognise.,"The first 100 Hindi words, for Bengali speakers",964,4,no,Article Language Organization Organization FAQPage Question Answer Question Answer Question Answer BreadcrumbList ListItem ListItem ListItem ListItem ListItem,0,A,
https://ekgurulearning.github.io/EkGuru/learn-hindi-for-bengali-speakers/grammar/index.html,https://ekguru.shop/learn-hindi-for-bengali-speakers/grammar/,learn-hindi-for-bengali-speakers,en,,https://ekguru.shop/learn-hindi-for-bengali-speakers/grammar/,"index, follow, max-snippet:-1, max-image-preview:large",yes,Hindi Grammar for Bengali Speakers | EkGuru,"Hindi grammar compared with Bengali: what transfers directly, what is genuinely new, and what to learn in which order.",Hindi grammar for Bengali speakers,897,4,no,Article Language Organization Organization FAQPage Question Answer Question Answer Question Answer BreadcrumbList ListItem ListItem ListItem ListItem ListItem,0,A,
https://ekgurulearning.github.io/EkGuru/learn-hindi-for-bengali-speakers/index.html,https://ekguru.shop/learn-hindi-for-bengali-speakers/,learn-hindi-for-bengali-speakers,en,,https://ekguru.shop/learn-hindi-for-bengali-speakers/,"index, follow, max-snippet:-1, max-image-preview:large",yes,Learn Hindi for Bengali Speakers | EkGuru,"What Bengali gives you for free when learning Hindi, what it does not, the sounds to watch, and a realistic first thirty days.",Learn Hindi for Bengali speakers,1035,14,no,Article Language Organization Organization FAQPage Question Answer Question Answer Question Answer Question Answer BreadcrumbList ListItem ListItem ListItem ListItem,0,A,
https://ekgurulearning.github.io/EkGuru/learn-hindi-for-bengali-speakers/mistakes/index.html,https://ekguru.shop/learn-hindi-for-bengali-speakers/mistakes/,learn-hindi-for-bengali-speakers,en,,https://ekguru.shop/learn-hindi-for-bengali-speakers/mistakes/,"index, follow, max-snippet:-1, max-image-preview:large",yes,Hindi Mistakes Bengali Speakers Make | EkGuru,"The errors that come specifically from speaking Bengali — which ones fossilise, and how to catch them early.",Hindi mistakes Bengali speakers make,852,4,no,Article Language Organization Organization FAQPage Question Answer Question Answer Question Answer BreadcrumbList ListItem ListItem ListItem ListItem ListItem,0,A,
https://ekgurulearning.github.io/EkGuru/learn-hindi-for-bengali-speakers/pronunciation/index.html,https://ekguru.shop/learn-hindi-for-bengali-speakers/pronunciation/,learn-hindi-for-bengali-speakers,en,,https://ekguru.shop/learn-hindi-for-bengali-speakers/pronunciation/,"index, follow, max-snippet:-1, max-image-preview:large",yes,Hindi Pronunciation for Bengali Speakers | EkGuru,"The Hindi sounds a Bengali speaker gets free, the ones that need work, and a drill order that starts with your specific problem.",Hindi pronunciation for Bengali speakers,872,4,no,Article Language Organization Organization FAQPage Question Answer Question Answer Question Answer BreadcrumbList ListItem ListItem ListItem ListItem ListItem,0,A,
https://ekgurulearning.github.io/EkGuru/learn-hindi-for-chinese-speakers/grammar/index.html,https://ekguru.shop/learn-hindi-for-chinese-speakers/grammar/,learn-hindi-for-chinese-speakers,en,,https://ekguru.shop/learn-hindi-for-chinese-speakers/grammar/,"index, follow, max-snippet:-1, max-image-preview:large",yes,Hindi Grammar for Chinese Speakers | EkGuru,"Hindi grammar compared with Chinese: what transfers directly, what is genuinely new, and what to learn in which order.",Hindi grammar for Chinese speakers,946,3,no,Article Language Organization Organization FAQPage Question Answer Question Answer Question Answer BreadcrumbList ListItem ListItem ListItem ListItem ListItem,0,A,
https://ekgurulearning.github.io/EkGuru/learn-hindi-for-chinese-speakers/index.html,https://ekguru.shop/learn-hindi-for-chinese-speakers/,learn-hindi-for-chinese-speakers,en,,https://ekguru.shop/learn-hindi-for-chinese-speakers/,"index, follow, max-snippet:-1, max-image-preview:large",yes,Learn Hindi for Chinese Speakers | EkGuru,"What Chinese gives you for free when learning Hindi, what it does not, the sounds to watch, and a realistic first thirty days.",Learn Hindi for Chinese speakers,1088,14,no,Article Language Organization Organization FAQPage Question Answer Question Answer Question Answer Question Answer BreadcrumbList ListItem ListItem ListItem ListItem,0,A,
https://ekgurulearning.github.io/EkGuru/learn-hindi-for-chinese-speakers/mistakes/index.html,https://ekguru.shop/learn-hindi-for-chinese-speakers/mistakes/,learn-hindi-for-chinese-speakers,en,,https://ekguru.shop/learn-hindi-for-chinese-speakers/mistakes/,"index, follow, max-snippet:-1, max-image-preview:large",yes,Hindi Mistakes Chinese Speakers Make | EkGuru,"The errors that come specifically from speaking Chinese — which ones fossilise, and how to catch them early.",Hindi mistakes Chinese speakers make,892,3,no,Article Language Organization Organization FAQPage Question Answer Question Answer Question Answer BreadcrumbList ListItem ListItem ListItem ListItem ListItem,0,A,
https://ekgurulearning.github.io/EkGuru/learn-hindi-for-chinese-speakers/pronunciation/index.html,https://ekguru.shop/learn-hindi-for-chinese-speakers/pronunciation/,learn-hindi-for-chinese-speakers,en,,https://ekguru.shop/learn-hindi-for-chinese-speakers/pronunciation/,"index, follow, max-snippet:-1, max-image-preview:large",yes,Hindi Pronunciation for Chinese Speakers | EkGuru,"The Hindi sounds a Chinese speaker gets free, the ones that need work, and a drill order that starts with your specific problem.",Hindi pronunciation for Chinese speakers,948,3,no,Article Language Organization Organization FAQPage Question Answer Question Answer Question Answer BreadcrumbList ListItem ListItem ListItem ListItem ListItem,0,A,
https://ekgurulearning.github.io/EkGuru/learn-hindi-for-dutch-speakers/grammar/index.html,https://ekguru.shop/learn-hindi-for-dutch-speakers/grammar/,learn-hindi-for-dutch-speakers,en,,https://ekguru.shop/learn-hindi-for-dutch-speakers/grammar/,"index, follow, max-snippet:-1, max-image-preview:large",yes,Hindi Grammar for Dutch Speakers | EkGuru,"Hindi grammar compared with Dutch: what transfers directly, what is genuinely new, and what to learn in which order.",Hindi grammar for Dutch speakers,894,3,no,Article Language Organization Organization FAQPage Question Answer Question Answer Question Answer BreadcrumbList ListItem ListItem ListItem ListItem ListItem,0,A,
https://ekgurulearning.github.io/EkGuru/learn-hindi-for-dutch-speakers/index.html,https://ekguru.shop/learn-hindi-for-dutch-speakers/,learn-hindi-for-dutch-speakers,en,,https://ekguru.shop/learn-hindi-for-dutch-speakers/,"index, follow, max-snippet:-1, max-image-preview:large",yes,Learn Hindi for Dutch Speakers | EkGuru,"What Dutch gives you for free when learning Hindi, what it does not, the sounds to watch, and a realistic first thirty days.",Learn Hindi for Dutch speakers,1045,15,no,Article Language Organization Organization FAQPage Question Answer Question Answer Question Answer Question Answer BreadcrumbList ListItem ListItem ListItem ListItem,0,A,
https://ekgurulearning.github.io/EkGuru/learn-hindi-for-dutch-speakers/mistakes/index.html,https://ekguru.shop/learn-hindi-for-dutch-speakers/mistakes/,learn-hindi-for-dutch-speakers,en,,https://ekguru.shop/learn-hindi-for-dutch-speakers/mistakes/,"index, follow, max-snippet:-1, max-image-preview:large",yes,Hindi Mistakes Dutch Speakers Make | EkGuru,"The errors that come specifically from speaking Dutch — which ones fossilise, and how to catch them early.",Hindi mistakes Dutch speakers make,837,3,no,Article Language Organization Organization FAQPage Question Answer Question Answer Question Answer BreadcrumbList ListItem ListItem ListItem ListItem ListItem,0,A,
https://ekgurulearning.github.io/EkGuru/learn-hindi-for-dutch-speakers/pronunciation/index.html,https://ekguru.shop/learn-hindi-for-dutch-speakers/pronunciation/,learn-hindi-for-dutch-speakers,en,,https://ekguru.shop/learn-hindi-for-dutch-speakers/pronunciation/,"index, follow, max-snippet:-1, max-image-preview:large",yes,Hindi Pronunciation for Dutch Speakers | EkGuru,"The Hindi sounds a Dutch speaker gets free, the ones that need work, and a drill order that starts with your specific problem.",Hindi pronunciation for Dutch speakers,937,3,no,Article Language Organization Organization FAQPage Question Answer Question Answer Question Answer BreadcrumbList ListItem ListItem ListItem ListItem ListItem,0,A,
https://ekgurulearning.github.io/EkGuru/learn-hindi-for-english-speakers/first-words/index.html,https://ekguru.shop/learn-hindi-for-english-speakers/first-words/,learn-hindi-for-english-speakers,en,,https://ekguru.shop/learn-hindi-for-english-speakers/first-words/,"index, follow, max-snippet:-1, max-image-preview:large",yes,The First 100 Hindi Words for English Speakers | EkGuru,Where to start with Hindi vocabulary as a English speaker — including the words you may already recognise.,"The first 100 Hindi words, for English speakers",961,4,no,Article Language Organization Organization FAQPage Question Answer Question Answer Question Answer BreadcrumbList ListItem ListItem ListItem ListItem ListItem,0,A,
https://ekgurulearning.github.io/EkGuru/learn-hindi-for-english-speakers/grammar/index.html,https://ekguru.shop/learn-hindi-for-english-speakers/grammar/,learn-hindi-for-english-speakers,en,,https://ekguru.shop/learn-hindi-for-english-speakers/grammar/,"index, follow, max-snippet:-1, max-image-preview:large",yes,Hindi Grammar for English Speakers | EkGuru,"Hindi grammar compared with English: what transfers directly, what is genuinely new, and what to learn in which order.",Hindi grammar for English speakers,1089,4,no,Article Language Organization Organization FAQPage Question Answer Question Answer Question Answer BreadcrumbList ListItem ListItem ListItem ListItem ListItem,0,A,
https://ekgurulearning.github.io/EkGuru/learn-hindi-for-english-speakers/index.html,https://ekguru.shop/learn-hindi-for-english-speakers/,learn-hindi-for-english-speakers,en,,https://ekguru.shop/learn-hindi-for-english-speakers/,"index, follow, max-snippet:-1, max-image-preview:large",yes,Learn Hindi for English Speakers | EkGuru,"What English gives you for free when learning Hindi, what it does not, the sounds to watch, and a realistic first thirty days.",Learn Hindi for English speakers,1352,52,no,Article Language Organization Organization FAQPage Question Answer Question Answer Question Answer Question Answer BreadcrumbList ListItem ListItem ListItem ListItem,0,A,
https://ekgurulearning.github.io/EkGuru/learn-hindi-for-english-speakers/mistakes/index.html,https://ekguru.shop/learn-hindi-for-english-speakers/mistakes/,learn-hindi-for-english-speakers,en,,https://ekguru.shop/learn-hindi-for-english-speakers/mistakes/,"index, follow, max-snippet:-1, max-image-preview:large",yes,Hindi Mistakes English Speakers Make | EkGuru,"The errors that come specifically from speaking English — which ones fossilise, and how to catch them early.",Hindi mistakes English speakers make,1041,4,no,Article Language Organization Organization FAQPage Question Answer Question Answer Question Answer BreadcrumbList ListItem ListItem ListItem ListItem ListItem,0,A,
https://ekgurulearning.github.io/EkGuru/learn-hindi-for-english-speakers/pronunciation/index.html,https://ekguru.shop/learn-hindi-for-english-speakers/pronunciation/,learn-hindi-for-english-speakers,en,,https://ekguru.shop/learn-hindi-for-english-speakers/pronunciation/,"index, follow, max-snippet:-1, max-image-preview:large",yes,Hindi Pronunciation for English Speakers | EkGuru,"The Hindi sounds a English speaker gets free, the ones that need work, and a drill order that starts with your specific problem.",Hindi pronunciation for English speakers,992,4,no,Article Language Organization Organization FAQPage Question Answer Question Answer Question Answer BreadcrumbList ListItem ListItem ListItem ListItem ListItem,0,A,
https://ekgurulearning.github.io/EkGuru/learn-hindi-for-french-speakers/first-words/index.html,https://ekguru.shop/learn-hindi-for-french-speakers/first-words/,learn-hindi-for-french-speakers,en,,https://ekguru.shop/learn-hindi-for-french-speakers/first-words/,"index, follow, max-snippet:-1, max-image-preview:large",yes,The First 100 Hindi Words for French Speakers | EkGuru,Where to start with Hindi vocabulary as a French speaker — including the words you may already recognise.,"The first 100 Hindi words, for French speakers",996,4,no,Article Language Organization Organization FAQPage Question Answer Question Answer Question Answer BreadcrumbList ListItem ListItem ListItem ListItem ListItem,0,A,
https://ekgurulearning.github.io/EkGuru/learn-hindi-for-french-speakers/grammar/index.html,https://ekguru.shop/learn-hindi-for-french-speakers/grammar/,learn-hindi-for-french-speakers,en,,https://ekguru.shop/learn-hindi-for-french-speakers/grammar/,"index, follow, max-snippet:-1, max-image-preview:large",yes,Hindi Grammar for French Speakers | EkGuru,"Hindi grammar compared with French: what transfers directly, what is genuinely new, and what to learn in which order.",Hindi grammar for French speakers,928,4,no,Article Language Organization Organization FAQPage Question Answer Question Answer Question Answer BreadcrumbList ListItem ListItem ListItem ListItem ListItem,0,A,
https://ekgurulearning.github.io/EkGuru/learn-hindi-for-french-speakers/index.html,https://ekguru.shop/learn-hindi-for-french-speakers/,learn-hindi-for-french-speakers,en,,https://ekguru.shop/learn-hindi-for-french-speakers/,"index, follow, max-snippet:-1, max-image-preview:large",yes,Learn Hindi for French Speakers | EkGuru,"What French gives you for free when learning Hindi, what it does not, the sounds to watch, and a realistic first thirty days.",Learn Hindi for French speakers,1190,33,no,Article Language Organization Organization FAQPage Question Answer Question Answer Question Answer Question Answer BreadcrumbList ListItem ListItem ListItem ListItem,0,A,
https://ekgurulearning.github.io/EkGuru/learn-hindi-for-french-speakers/mistakes/index.html,https://ekguru.shop/learn-hindi-for-french-speakers/mistakes/,learn-hindi-for-french-speakers,en,,https://ekguru.shop/learn-hindi-for-french-speakers/mistakes/,"index, follow, max-snippet:-1, max-image-preview:large",yes,Hindi Mistakes French Speakers Make | EkGuru,"The errors that come specifically from speaking French — which ones fossilise, and how to catch them early.",Hindi mistakes French speakers make,915,4,no,Article Language Organization Organization FAQPage Question Answer Question Answer Question Answer BreadcrumbList ListItem ListItem ListItem ListItem ListItem,0,A,
https://ekgurulearning.github.io/EkGuru/learn-hindi-for-french-speakers/pronunciation/index.html,https://ekguru.shop/learn-hindi-for-french-speakers/pronunciation/,learn-hindi-for-french-speakers,en,,https://ekguru.shop/learn-hindi-for-french-speakers/pronunciation/,"index, follow, max-snippet:-1, max-image-preview:large",yes,Hindi Pronunciation for French Speakers | EkGuru,"The Hindi sounds a French speaker gets free, the ones that need work, and a drill order that starts with your specific problem.",Hindi pronunciation for French speakers,982,4,no,Article Language Organization Organization FAQPage Question Answer Question Answer Question Answer BreadcrumbList ListItem ListItem ListItem ListItem ListItem,0,A,
https://ekgurulearning.github.io/EkGuru/learn-hindi-for-german-speakers/first-words/index.html,https://ekguru.shop/learn-hindi-for-german-speakers/first-words/,learn-hindi-for-german-speakers,en,,https://ekguru.shop/learn-hindi-for-german-speakers/first-words/,"index, follow, max-snippet:-1, max-image-preview:large",yes,The First 100 Hindi Words for German Speakers | EkGuru,Where to start with Hindi vocabulary as a German speaker — including the words you may already recognise.,"The first 100 Hindi words, for German speakers",977,4,no,Article Language Organization Organization FAQPage Question Answer Question Answer Question Answer BreadcrumbList ListItem ListItem ListItem ListItem ListItem,0,A,
https://ekgurulearning.github.io/EkGuru/learn-hindi-for-german-speakers/grammar/index.html,https://ekguru.shop/learn-hindi-for-german-speakers/grammar/,learn-hindi-for-german-speakers,en,,https://ekguru.shop/learn-hindi-for-german-speakers/grammar/,"index, follow, max-snippet:-1, max-image-preview:large",yes,Hindi Grammar for German Speakers | EkGuru,"Hindi grammar compared with German: what transfers directly, what is genuinely new, and what to learn in which order.",Hindi grammar for German speakers,1031,4,no,Article Language Organization Organization FAQPage Question Answer Question Answer Question Answer BreadcrumbList ListItem ListItem ListItem ListItem ListItem,0,A,
https://ekgurulearning.github.io/EkGuru/learn-hindi-for-german-speakers/index.html,https://ekguru.shop/learn-hindi-for-german-speakers/,learn-hindi-for-german-speakers,en,,https://ekguru.shop/learn-hindi-for-german-speakers/,"index, follow, max-snippet:-1, max-image-preview:large",yes,Learn Hindi for German Speakers | EkGuru,"What German gives you for free when learning Hindi, what it does not, the sounds to watch, and a realistic first thirty days.",Learn Hindi for German speakers,1222,18,no,Article Language Organization Organization FAQPage Question Answer Question Answer Question Answer Question Answer BreadcrumbList ListItem ListItem ListItem ListItem,0,A,
https://ekgurulearning.github.io/EkGuru/learn-hindi-for-german-speakers/mistakes/index.html,https://ekguru.shop/learn-hindi-for-german-speakers/mistakes/,learn-hindi-for-german-speakers,en,,https://ekguru.shop/learn-hindi-for-german-speakers/mistakes/,"index, follow, max-snippet:-1, max-image-preview:large",yes,Hindi Mistakes German Speakers Make | EkGuru,"The errors that come specifically from speaking German — which ones fossilise, and how to catch them early.",Hindi mistakes German speakers make,916,4,no,Article Language Organization Organization FAQPage Question Answer Question Answer Question Answer BreadcrumbList ListItem ListItem ListItem ListItem ListItem,0,A,
https://ekgurulearning.github.io/EkGuru/learn-hindi-for-german-speakers/pronunciation/index.html,https://ekguru.shop/learn-hindi-for-german-speakers/pronunciation/,learn-hindi-for-german-speakers,en,,https://ekguru.shop/learn-hindi-for-german-speakers/pronunciation/,"index, follow, max-snippet:-1, max-image-preview:large",yes,Hindi Pronunciation for German Speakers | EkGuru,"The Hindi sounds a German speaker gets free, the ones that need work, and a drill order that starts with your specific problem.",Hindi pronunciation for German speakers,960,4,no,Article Language Organization Organization FAQPage Question Answer Question Answer Question Answer BreadcrumbList ListItem ListItem ListItem ListItem ListItem,0,A,
https://ekgurulearning.github.io/EkGuru/learn-hindi-for-gujarati-speakers/first-words/index.html,https://ekguru.shop/learn-hindi-for-gujarati-speakers/first-words/,learn-hindi-for-gujarati-speakers,en,,https://ekguru.shop/learn-hindi-for-gujarati-speakers/first-words/,"index, follow, max-snippet:-1, max-image-preview:large",yes,The First 100 Hindi Words for Gujarati Speakers | EkGuru,Where to start with Hindi vocabulary as a Gujarati speaker — including the words you may already recognise.,"The first 100 Hindi words, for Gujarati speakers",934,4,no,Article Language Organization Organization FAQPage Question Answer Question Answer Question Answer BreadcrumbList ListItem ListItem ListItem ListItem ListItem,0,A,
https://ekgurulearning.github.io/EkGuru/learn-hindi-for-gujarati-speakers/grammar/index.html,https://ekguru.shop/learn-hindi-for-gujarati-speakers/grammar/,learn-hindi-for-gujarati-speakers,en,,https://ekguru.shop/learn-hindi-for-gujarati-speakers/grammar/,"index, follow, max-snippet:-1, max-image-preview:large",yes,Hindi Grammar for Gujarati Speakers | EkGuru,"Hindi grammar compared with Gujarati: what transfers directly, what is genuinely new, and what to learn in which order.",Hindi grammar for Gujarati speakers,848,4,no,Article Language Organization Organization FAQPage Question Answer Question Answer Question Answer BreadcrumbList ListItem ListItem ListItem ListItem ListItem,0,A,
https://ekgurulearning.github.io/EkGuru/learn-hindi-for-gujarati-speakers/index.html,https://ekguru.shop/learn-hindi-for-gujarati-speakers/,learn-hindi-for-gujarati-speakers,en,,https://ekguru.shop/learn-hindi-for-gujarati-speakers/,"index, follow, max-snippet:-1, max-image-preview:large",yes,Learn Hindi for Gujarati Speakers | EkGuru,"What Gujarati gives you for free when learning Hindi, what it does not, the sounds to watch, and a realistic first thirty days.",Learn Hindi for Gujarati speakers,1018,13,no,Article Language Organization Organization FAQPage Question Answer Question Answer Question Answer Question Answer BreadcrumbList ListItem ListItem ListItem ListItem,0,A,
https://ekgurulearning.github.io/EkGuru/learn-hindi-for-gujarati-speakers/mistakes/index.html,https://ekguru.shop/learn-hindi-for-gujarati-speakers/mistakes/,learn-hindi-for-gujarati-speakers,en,,https://ekguru.shop/learn-hindi-for-gujarati-speakers/mistakes/,"index, follow, max-snippet:-1, max-image-preview:large",yes,Hindi Mistakes Gujarati Speakers Make | EkGuru,"The errors that come specifically from speaking Gujarati — which ones fossilise, and how to catch them early.",Hindi mistakes Gujarati speakers make,818,4,no,Article Language Organization Organization FAQPage Question Answer Question Answer Question Answer BreadcrumbList ListItem ListItem ListItem ListItem ListItem,0,A,
https://ekgurulearning.github.io/EkGuru/learn-hindi-for-gujarati-speakers/pronunciation/index.html,https://ekguru.shop/learn-hindi-for-gujarati-speakers/pronunciation/,learn-hindi-for-gujarati-speakers,en,,https://ekguru.shop/learn-hindi-for-gujarati-speakers/pronunciation/,"index, follow, max-snippet:-1, max-image-preview:large",yes,Hindi Pronunciation for Gujarati Speakers | EkGuru,"The Hindi sounds a Gujarati speaker gets free, the ones that need work, and a drill order that starts with your specific problem.",Hindi pronunciation for Gujarati speakers,875,4,no,Article Language Organization Organization FAQPage Question Answer Question Answer Question Answer BreadcrumbList ListItem ListItem ListItem ListItem ListItem,0,A,
https://ekgurulearning.github.io/EkGuru/learn-hindi-for-hebrew-speakers/grammar/index.html,https://ekguru.shop/learn-hindi-for-hebrew-speakers/grammar/,learn-hindi-for-hebrew-speakers,en,,https://ekguru.shop/learn-hindi-for-hebrew-speakers/grammar/,"index, follow, max-snippet:-1, max-image-preview:large",yes,Hindi Grammar for Hebrew Speakers | EkGuru,"Hindi grammar compared with Hebrew: what transfers directly, what is genuinely new, and what to learn in which order.",Hindi grammar for Hebrew speakers,811,3,no,Article Language Organization Organization FAQPage Question Answer Question Answer Question Answer BreadcrumbList ListItem ListItem ListItem ListItem ListItem,0,A,
https://ekgurulearning.github.io/EkGuru/learn-hindi-for-hebrew-speakers/index.html,https://ekguru.shop/learn-hindi-for-hebrew-speakers/,learn-hindi-for-hebrew-speakers,en,,https://ekguru.shop/learn-hindi-for-hebrew-speakers/,"index, follow, max-snippet:-1, max-image-preview:large",yes,Learn Hindi for Hebrew Speakers | EkGuru,"What Hebrew gives you for free when learning Hindi, what it does not, the sounds to watch, and a realistic first thirty days.",Learn Hindi for Hebrew speakers,986,13,no,Article Language Organization Organization FAQPage Question Answer Question Answer Question Answer Question Answer BreadcrumbList ListItem ListItem ListItem ListItem,0,A,
https://ekgurulearning.github.io/EkGuru/learn-hindi-for-hebrew-speakers/mistakes/index.html,https://ekguru.shop/learn-hindi-for-hebrew-speakers/mistakes/,learn-hindi-for-hebrew-speakers,en,,https://ekguru.shop/learn-hindi-for-hebrew-speakers/mistakes/,"index, follow, max-snippet:-1, max-image-preview:large",yes,Hindi Mistakes Hebrew Speakers Make | EkGuru,"The errors that come specifically from speaking Hebrew — which ones fossilise, and how to catch them early.",Hindi mistakes Hebrew speakers make,811,3,no,Article Language Organization Organization FAQPage Question Answer Question Answer Question Answer BreadcrumbList ListItem ListItem ListItem ListItem ListItem,0,A,
https://ekgurulearning.github.io/EkGuru/learn-hindi-for-hebrew-speakers/pronunciation/index.html,https://ekguru.shop/learn-hindi-for-hebrew-speakers/pronunciation/,learn-hindi-for-hebrew-speakers,en,,https://ekguru.shop/learn-hindi-for-hebrew-speakers/pronunciation/,"index, follow, max-snippet:-1, max-image-preview:large",yes,Hindi Pronunciation for Hebrew Speakers | EkGuru,"The Hindi sounds a Hebrew speaker gets free, the ones that need work, and a drill order that starts with your specific problem.",Hindi pronunciation for Hebrew speakers,925,3,no,Article Language Organization Organization FAQPage Question Answer Question Answer Question Answer BreadcrumbList ListItem ListItem ListItem ListItem ListItem,0,A,
https://ekgurulearning.github.io/EkGuru/learn-hindi-for-indonesian-speakers/first-words/index.html,https://ekguru.shop/learn-hindi-for-indonesian-speakers/first-words/,learn-hindi-for-indonesian-speakers,en,,https://ekguru.shop/learn-hindi-for-indonesian-speakers/first-words/,"index, follow, max-snippet:-1, max-image-preview:large",yes,The First 100 Hindi Words for Indonesian Speakers | EkGuru,Where to start with Hindi vocabulary as a Indonesian speaker — including the words you may already recognise.,"The first 100 Hindi words, for Indonesian speakers",989,4,no,Article Language Organization Organization FAQPage Question Answer Question Answer Question Answer BreadcrumbList ListItem ListItem ListItem ListItem ListItem,0,A,
https://ekgurulearning.github.io/EkGuru/learn-hindi-for-indonesian-speakers/grammar/index.html,https://ekguru.shop/learn-hindi-for-indonesian-speakers/grammar/,learn-hindi-for-indonesian-speakers,en,,https://ekguru.shop/learn-hindi-for-indonesian-speakers/grammar/,"index, follow, max-snippet:-1, max-image-preview:large",yes,Hindi Grammar for Indonesian Speakers | EkGuru,"Hindi grammar compared with Indonesian: what transfers directly, what is genuinely new, and what to learn in which order.",Hindi grammar for Indonesian speakers,881,4,no,Article Language Organization Organization FAQPage Question Answer Question Answer Question Answer BreadcrumbList ListItem ListItem ListItem ListItem ListItem,0,A,
https://ekgurulearning.github.io/EkGuru/learn-hindi-for-indonesian-speakers/index.html,https://ekguru.shop/learn-hindi-for-indonesian-speakers/,learn-hindi-for-indonesian-speakers,en,,https://ekguru.shop/learn-hindi-for-indonesian-speakers/,"index, follow, max-snippet:-1, max-image-preview:large",yes,Learn Hindi for Indonesian Speakers | EkGuru,"What Indonesian gives you for free when learning Hindi, what it does not, the sounds to watch, and a realistic first thirty days.",Learn Hindi for Indonesian speakers,1067,14,no,Article Language Organization Organization FAQPage Question Answer Question Answer Question Answer Question Answer BreadcrumbList ListItem ListItem ListItem ListItem,0,A,
https://ekgurulearning.github.io/EkGuru/learn-hindi-for-indonesian-speakers/mistakes/index.html,https://ekguru.shop/learn-hindi-for-indonesian-speakers/mistakes/,learn-hindi-for-indonesian-speakers,en,,https://ekguru.shop/learn-hindi-for-indonesian-speakers/mistakes/,"index, follow, max-snippet:-1, max-image-preview:large",yes,Hindi Mistakes Indonesian Speakers Make | EkGuru,"The errors that come specifically from speaking Indonesian — which ones fossilise, and how to catch them early.",Hindi mistakes Indonesian speakers make,811,4,no,Article Language Organization Organization FAQPage Question Answer Question Answer Question Answer BreadcrumbList ListItem ListItem ListItem ListItem ListItem,0,A,
https://ekgurulearning.github.io/EkGuru/learn-hindi-for-indonesian-speakers/pronunciation/index.html,https://ekguru.shop/learn-hindi-for-indonesian-speakers/pronunciation/,learn-hindi-for-indonesian-speakers,en,,https://ekguru.shop/learn-hindi-for-indonesian-speakers/pronunciation/,"index, follow, max-snippet:-1, max-image-preview:large",yes,Hindi Pronunciation for Indonesian Speakers | EkGuru,"The Hindi sounds a Indonesian speaker gets free, the ones that need work, and a drill order that starts with your specific problem.",Hindi pronunciation for Indonesian speakers,916,4,no,Article Language Organization Organization FAQPage Question Answer Question Answer Question Answer BreadcrumbList ListItem ListItem ListItem ListItem ListItem,0,A,
https://ekgurulearning.github.io/EkGuru/learn-hindi-for-italian-speakers/first-words/index.html,https://ekguru.shop/learn-hindi-for-italian-speakers/first-words/,learn-hindi-for-italian-speakers,en,,https://ekguru.shop/learn-hindi-for-italian-speakers/first-words/,"index, follow, max-snippet:-1, max-image-preview:large",yes,The First 100 Hindi Words for Italian Speakers | EkGuru,Where to start with Hindi vocabulary as a Italian speaker — including the words you may already recognise.,"The first 100 Hindi words, for Italian speakers",999,4,no,Article Language Organization Organization FAQPage Question Answer Question Answer Question Answer BreadcrumbList ListItem ListItem ListItem ListItem ListItem,0,A,
https://ekgurulearning.github.io/EkGuru/learn-hindi-for-italian-speakers/grammar/index.html,https://ekguru.shop/learn-hindi-for-italian-speakers/grammar/,learn-hindi-for-italian-speakers,en,,https://ekguru.shop/learn-hindi-for-italian-speakers/grammar/,"index, follow, max-snippet:-1, max-image-preview:large",yes,Hindi Grammar for Italian Speakers | EkGuru,"Hindi grammar compared with Italian: what transfers directly, what is genuinely new, and what to learn in which order.",Hindi grammar for Italian speakers,944,4,no,Article Language Organization Organization FAQPage Question Answer Question Answer Question Answer BreadcrumbList ListItem ListItem ListItem ListItem ListItem,0,A,
https://ekgurulearning.github.io/EkGuru/learn-hindi-for-italian-speakers/index.html,https://ekguru.shop/learn-hindi-for-italian-speakers/,learn-hindi-for-italian-speakers,en,,https://ekguru.shop/learn-hindi-for-italian-speakers/,"index, follow, max-snippet:-1, max-image-preview:large",yes,Learn Hindi for Italian Speakers | EkGuru,"What Italian gives you for free when learning Hindi, what it does not, the sounds to watch, and a realistic first thirty days.",Learn Hindi for Italian speakers,1194,15,no,Article Language Organization Organization FAQPage Question Answer Question Answer Question Answer Question Answer BreadcrumbList ListItem ListItem ListItem ListItem,0,A,
https://ekgurulearning.github.io/EkGuru/learn-hindi-for-italian-speakers/mistakes/index.html,https://ekguru.shop/learn-hindi-for-italian-speakers/mistakes/,learn-hindi-for-italian-speakers,en,,https://ekguru.shop/learn-hindi-for-italian-speakers/mistakes/,"index, follow, max-snippet:-1, max-image-preview:large",yes,Hindi Mistakes Italian Speakers Make | EkGuru,"The errors that come specifically from speaking Italian — which ones fossilise, and how to catch them early.",Hindi mistakes Italian speakers make,883,4,no,Article Language Organization Organization FAQPage Question Answer Question Answer Question Answer BreadcrumbList ListItem ListItem ListItem ListItem ListItem,0,A,
https://ekgurulearning.github.io/EkGuru/learn-hindi-for-italian-speakers/pronunciation/index.html,https://ekguru.shop/learn-hindi-for-italian-speakers/pronunciation/,learn-hindi-for-italian-speakers,en,,https://ekguru.shop/learn-hindi-for-italian-speakers/pronunciation/,"index, follow, max-snippet:-1, max-image-preview:large",yes,Hindi Pronunciation for Italian Speakers | EkGuru,"The Hindi sounds a Italian speaker gets free, the ones that need work, and a drill order that starts with your specific problem.",Hindi pronunciation for Italian speakers,975,4,no,Article Language Organization Organization FAQPage Question Answer Question Answer Question Answer BreadcrumbList ListItem ListItem ListItem ListItem ListItem,0,A,
https://ekgurulearning.github.io/EkGuru/learn-hindi-for-japanese-speakers/first-words/index.html,https://ekguru.shop/learn-hindi-for-japanese-speakers/first-words/,learn-hindi-for-japanese-speakers,en,,https://ekguru.shop/learn-hindi-for-japanese-speakers/first-words/,"index, follow, max-snippet:-1, max-image-preview:large",yes,The First 100 Hindi Words for Japanese Speakers | EkGuru,Where to start with Hindi vocabulary as a Japanese speaker — including the words you may already recognise.,"The first 100 Hindi words, for Japanese speakers",985,4,no,Article Language Organization Organization FAQPage Question Answer Question Answer Question Answer BreadcrumbList ListItem ListItem ListItem ListItem ListItem,0,A,
https://ekgurulearning.github.io/EkGuru/learn-hindi-for-japanese-speakers/grammar/index.html,https://ekguru.shop/learn-hindi-for-japanese-speakers/grammar/,learn-hindi-for-japanese-speakers,en,,https://ekguru.shop/learn-hindi-for-japanese-speakers/grammar/,"index, follow, max-snippet:-1, max-image-preview:large",yes,Hindi Grammar for Japanese Speakers | EkGuru,"Hindi grammar compared with Japanese: what transfers directly, what is genuinely new, and what to learn in which order.",Hindi grammar for Japanese speakers,1002,4,no,Article Language Organization Organization FAQPage Question Answer Question Answer Question Answer BreadcrumbList ListItem ListItem ListItem ListItem ListItem,0,A,
https://ekgurulearning.github.io/EkGuru/learn-hindi-for-japanese-speakers/index.html,https://ekguru.shop/learn-hindi-for-japanese-speakers/,learn-hindi-for-japanese-speakers,en,,https://ekguru.shop/learn-hindi-for-japanese-speakers/,"index, follow, max-snippet:-1, max-image-preview:large",yes,Learn Hindi for Japanese Speakers | EkGuru,"What Japanese gives you for free when learning Hindi, what it does not, the sounds to watch, and a realistic first thirty days.",Learn Hindi for Japanese speakers,1206,14,no,Article Language Organization Organization FAQPage Question Answer Question Answer Question Answer Question Answer BreadcrumbList ListItem ListItem ListItem ListItem,0,A,
https://ekgurulearning.github.io/EkGuru/learn-hindi-for-japanese-speakers/mistakes/index.html,https://ekguru.shop/learn-hindi-for-japanese-speakers/mistakes/,learn-hindi-for-japanese-speakers,en,,https://ekguru.shop/learn-hindi-for-japanese-speakers/mistakes/,"index, follow, max-snippet:-1, max-image-preview:large",yes,Hindi Mistakes Japanese Speakers Make | EkGuru,"The errors that come specifically from speaking Japanese — which ones fossilise, and how to catch them early.",Hindi mistakes Japanese speakers make,914,4,no,Article Language Organization Organization FAQPage Question Answer Question Answer Question Answer BreadcrumbList ListItem ListItem ListItem ListItem ListItem,0,A,
https://ekgurulearning.github.io/EkGuru/learn-hindi-for-japanese-speakers/pronunciation/index.html,https://ekguru.shop/learn-hindi-for-japanese-speakers/pronunciation/,learn-hindi-for-japanese-speakers,en,,https://ekguru.shop/learn-hindi-for-japanese-speakers/pronunciation/,"index, follow, max-snippet:-1, max-image-preview:large",yes,Hindi Pronunciation for Japanese Speakers | EkGuru,"The Hindi sounds a Japanese speaker gets free, the ones that need work, and a drill order that starts with your specific problem.",Hindi pronunciation for Japanese speakers,969,4,no,Article Language Organization Organization FAQPage Question Answer Question Answer Question Answer BreadcrumbList ListItem ListItem ListItem ListItem ListItem,0,A,
https://ekgurulearning.github.io/EkGuru/learn-hindi-for-korean-speakers/first-words/index.html,https://ekguru.shop/learn-hindi-for-korean-speakers/first-words/,learn-hindi-for-korean-speakers,en,,https://ekguru.shop/learn-hindi-for-korean-speakers/first-words/,"index, follow, max-snippet:-1, max-image-preview:large",yes,The First 100 Hindi Words for Korean Speakers | EkGuru,Where to start with Hindi vocabulary as a Korean speaker — including the words you may already recognise.,"The first 100 Hindi words, for Korean speakers",1011,4,no,Article Language Organization Organization FAQPage Question Answer Question Answer Question Answer BreadcrumbList ListItem ListItem ListItem ListItem ListItem,0,A,
https://ekgurulearning.github.io/EkGuru/learn-hindi-for-korean-speakers/grammar/index.html,https://ekguru.shop/learn-hindi-for-korean-speakers/grammar/,learn-hindi-for-korean-speakers,en,,https://ekguru.shop/learn-hindi-for-korean-speakers/grammar/,"index, follow, max-snippet:-1, max-image-preview:large",yes,Hindi Grammar for Korean Speakers | EkGuru,"Hindi grammar compared with Korean: what transfers directly, what is genuinely new, and what to learn in which order.",Hindi grammar for Korean speakers,1002,4,no,Article Language Organization Organization FAQPage Question Answer Question Answer Question Answer BreadcrumbList ListItem ListItem ListItem ListItem ListItem,0,A,
https://ekgurulearning.github.io/EkGuru/learn-hindi-for-korean-speakers/index.html,https://ekguru.shop/learn-hindi-for-korean-speakers/,learn-hindi-for-korean-speakers,en,,https://ekguru.shop/learn-hindi-for-korean-speakers/,"index, follow, max-snippet:-1, max-image-preview:large",yes,Learn Hindi for Korean Speakers | EkGuru,"What Korean gives you for free when learning Hindi, what it does not, the sounds to watch, and a realistic first thirty days.",Learn Hindi for Korean speakers,1255,14,no,Article Language Organization Organization FAQPage Question Answer Question Answer Question Answer Question Answer BreadcrumbList ListItem ListItem ListItem ListItem,0,A,
https://ekgurulearning.github.io/EkGuru/learn-hindi-for-korean-speakers/mistakes/index.html,https://ekguru.shop/learn-hindi-for-korean-speakers/mistakes/,learn-hindi-for-korean-speakers,en,,https://ekguru.shop/learn-hindi-for-korean-speakers/mistakes/,"index, follow, max-snippet:-1, max-image-preview:large",yes,Hindi Mistakes Korean Speakers Make | EkGuru,"The errors that come specifically from speaking Korean — which ones fossilise, and how to catch them early.",Hindi mistakes Korean speakers make,911,4,no,Article Language Organization Organization FAQPage Question Answer Question Answer Question Answer BreadcrumbList ListItem ListItem ListItem ListItem ListItem,0,A,
https://ekgurulearning.github.io/EkGuru/learn-hindi-for-korean-speakers/pronunciation/index.html,https://ekguru.shop/learn-hindi-for-korean-speakers/pronunciation/,learn-hindi-for-korean-speakers,en,,https://ekguru.shop/learn-hindi-for-korean-speakers/pronunciation/,"index, follow, max-snippet:-1, max-image-preview:large",yes,Hindi Pronunciation for Korean Speakers | EkGuru,"The Hindi sounds a Korean speaker gets free, the ones that need work, and a drill order that starts with your specific problem.",Hindi pronunciation for Korean speakers,992,4,no,Article Language Organization Organization FAQPage Question Answer Question Answer Question Answer BreadcrumbList ListItem ListItem ListItem ListItem ListItem,0,A,
https://ekgurulearning.github.io/EkGuru/learn-hindi-for-malay-speakers/first-words/index.html,https://ekguru.shop/learn-hindi-for-malay-speakers/first-words/,learn-hindi-for-malay-speakers,en,,https://ekguru.shop/learn-hindi-for-malay-speakers/first-words/,"index, follow, max-snippet:-1, max-image-preview:large",yes,The First 100 Hindi Words for Malay Speakers | EkGuru,Where to start with Hindi vocabulary as a Malay speaker — including the words you may already recognise.,"The first 100 Hindi words, for Malay speakers",966,4,no,Article Language Organization Organization FAQPage Question Answer Question Answer Question Answer BreadcrumbList ListItem ListItem ListItem ListItem ListItem,0,A,
https://ekgurulearning.github.io/EkGuru/learn-hindi-for-malay-speakers/grammar/index.html,https://ekguru.shop/learn-hindi-for-malay-speakers/grammar/,learn-hindi-for-malay-speakers,en,,https://ekguru.shop/learn-hindi-for-malay-speakers/grammar/,"index, follow, max-snippet:-1, max-image-preview:large",yes,Hindi Grammar for Malay Speakers | EkGuru,"Hindi grammar compared with Malay: what transfers directly, what is genuinely new, and what to learn in which order.",Hindi grammar for Malay speakers,795,4,no,Article Language Organization Organization FAQPage Question Answer Question Answer Question Answer BreadcrumbList ListItem ListItem ListItem ListItem ListItem,0,A,
https://ekgurulearning.github.io/EkGuru/learn-hindi-for-malay-speakers/index.html,https://ekguru.shop/learn-hindi-for-malay-speakers/,learn-hindi-for-malay-speakers,en,,https://ekguru.shop/learn-hindi-for-malay-speakers/,"index, follow, max-snippet:-1, max-image-preview:large",yes,Learn Hindi for Malay Speakers | EkGuru,"What Malay gives you for free when learning Hindi, what it does not, the sounds to watch, and a realistic first thirty days.",Learn Hindi for Malay speakers,972,16,no,Article Language Organization Organization FAQPage Question Answer Question Answer Question Answer Question Answer BreadcrumbList ListItem ListItem ListItem ListItem,0,A,
https://ekgurulearning.github.io/EkGuru/learn-hindi-for-malay-speakers/mistakes/index.html,https://ekguru.shop/learn-hindi-for-malay-speakers/mistakes/,learn-hindi-for-malay-speakers,en,,https://ekguru.shop/learn-hindi-for-malay-speakers/mistakes/,"index, follow, max-snippet:-1, max-image-preview:large",yes,Hindi Mistakes Malay Speakers Make | EkGuru,"The errors that come specifically from speaking Malay — which ones fossilise, and how to catch them early.",Hindi mistakes Malay speakers make,784,4,no,Article Language Organization Organization FAQPage Question Answer Question Answer Question Answer BreadcrumbList ListItem ListItem ListItem ListItem ListItem,0,A,
https://ekgurulearning.github.io/EkGuru/learn-hindi-for-malay-speakers/pronunciation/index.html,https://ekguru.shop/learn-hindi-for-malay-speakers/pronunciation/,learn-hindi-for-malay-speakers,en,,https://ekguru.shop/learn-hindi-for-malay-speakers/pronunciation/,"index, follow, max-snippet:-1, max-image-preview:large",yes,Hindi Pronunciation for Malay Speakers | EkGuru,"The Hindi sounds a Malay speaker gets free, the ones that need work, and a drill order that starts with your specific problem.",Hindi pronunciation for Malay speakers,897,4,no,Article Language Organization Organization FAQPage Question Answer Question Answer Question Answer BreadcrumbList ListItem ListItem ListItem ListItem ListItem,0,A,
https://ekgurulearning.github.io/EkGuru/learn-hindi-for-marathi-speakers/first-words/index.html,https://ekguru.shop/learn-hindi-for-marathi-speakers/first-words/,learn-hindi-for-marathi-speakers,en,,https://ekguru.shop/learn-hindi-for-marathi-speakers/first-words/,"index, follow, max-snippet:-1, max-image-preview:large",yes,The First 100 Hindi Words for Marathi Speakers | EkGuru,Where to start with Hindi vocabulary as a Marathi speaker — including the words you may already recognise.,"The first 100 Hindi words, for Marathi speakers",974,4,no,Article Language Organization Organization FAQPage Question Answer Question Answer Question Answer BreadcrumbList ListItem ListItem ListItem ListItem ListItem,0,A,
https://ekgurulearning.github.io/EkGuru/learn-hindi-for-marathi-speakers/grammar/index.html,https://ekguru.shop/learn-hindi-for-marathi-speakers/grammar/,learn-hindi-for-marathi-speakers,en,,https://ekguru.shop/learn-hindi-for-marathi-speakers/grammar/,"index, follow, max-snippet:-1, max-image-preview:large",yes,Hindi Grammar for Marathi Speakers | EkGuru,"Hindi grammar compared with Marathi: what transfers directly, what is genuinely new, and what to learn in which order.",Hindi grammar for Marathi speakers,931,4,no,Article Language Organization Organization FAQPage Question Answer Question Answer Question Answer BreadcrumbList ListItem ListItem ListItem ListItem ListItem,0,A,
https://ekgurulearning.github.io/EkGuru/learn-hindi-for-marathi-speakers/index.html,https://ekguru.shop/learn-hindi-for-marathi-speakers/,learn-hindi-for-marathi-speakers,en,,https://ekguru.shop/learn-hindi-for-marathi-speakers/,"index, follow, max-snippet:-1, max-image-preview:large",yes,Learn Hindi for Marathi Speakers | EkGuru,"What Marathi gives you for free when learning Hindi, what it does not, the sounds to watch, and a realistic first thirty days.",Learn Hindi for Marathi speakers,1079,13,no,Article Language Organization Organization FAQPage Question Answer Question Answer Question Answer Question Answer BreadcrumbList ListItem ListItem ListItem ListItem,0,A,
https://ekgurulearning.github.io/EkGuru/learn-hindi-for-marathi-speakers/mistakes/index.html,https://ekguru.shop/learn-hindi-for-marathi-speakers/mistakes/,learn-hindi-for-marathi-speakers,en,,https://ekguru.shop/learn-hindi-for-marathi-speakers/mistakes/,"index, follow, max-snippet:-1, max-image-preview:large",yes,Hindi Mistakes Marathi Speakers Make | EkGuru,"The errors that come specifically from speaking Marathi — which ones fossilise, and how to catch them early.",Hindi mistakes Marathi speakers make,814,4,no,Article Language Organization Organization FAQPage Question Answer Question Answer Question Answer BreadcrumbList ListItem ListItem ListItem ListItem ListItem,0,A,
https://ekgurulearning.github.io/EkGuru/learn-hindi-for-marathi-speakers/pronunciation/index.html,https://ekguru.shop/learn-hindi-for-marathi-speakers/pronunciation/,learn-hindi-for-marathi-speakers,en,,https://ekguru.shop/learn-hindi-for-marathi-speakers/pronunciation/,"index, follow, max-snippet:-1, max-image-preview:large",yes,Hindi Pronunciation for Marathi Speakers | EkGuru,"The Hindi sounds a Marathi speaker gets free, the ones that need work, and a drill order that starts with your specific problem.",Hindi pronunciation for Marathi speakers,860,4,no,Article Language Organization Organization FAQPage Question Answer Question Answer Question Answer BreadcrumbList ListItem ListItem ListItem ListItem ListItem,0,A,
https://ekgurulearning.github.io/EkGuru/learn-hindi-for-nepali-speakers/first-words/index.html,https://ekguru.shop/learn-hindi-for-nepali-speakers/first-words/,learn-hindi-for-nepali-speakers,en,,https://ekguru.shop/learn-hindi-for-nepali-speakers/first-words/,"index, follow, max-snippet:-1, max-image-preview:large",yes,The First 100 Hindi Words for Nepali Speakers | EkGuru,Where to start with Hindi vocabulary as a Nepali speaker — including the words you may already recognise.,"The first 100 Hindi words, for Nepali speakers",946,4,no,Article Language Organization Organization FAQPage Question Answer Question Answer Question Answer BreadcrumbList ListItem ListItem ListItem ListItem ListItem,0,A,
https://ekgurulearning.github.io/EkGuru/learn-hindi-for-nepali-speakers/grammar/index.html,https://ekguru.shop/learn-hindi-for-nepali-speakers/grammar/,learn-hindi-for-nepali-speakers,en,,https://ekguru.shop/learn-hindi-for-nepali-speakers/grammar/,"index, follow, max-snippet:-1, max-image-preview:large",yes,Hindi Grammar for Nepali Speakers | EkGuru,"Hindi grammar compared with Nepali: what transfers directly, what is genuinely new, and what to learn in which order.",Hindi grammar for Nepali speakers,903,4,no,Article Language Organization Organization FAQPage Question Answer Question Answer Question Answer BreadcrumbList ListItem ListItem ListItem ListItem ListItem,0,A,
https://ekgurulearning.github.io/EkGuru/learn-hindi-for-nepali-speakers/index.html,https://ekguru.shop/learn-hindi-for-nepali-speakers/,learn-hindi-for-nepali-speakers,en,,https://ekguru.shop/learn-hindi-for-nepali-speakers/,"index, follow, max-snippet:-1, max-image-preview:large",yes,Learn Hindi for Nepali Speakers | EkGuru,"What Nepali gives you for free when learning Hindi, what it does not, the sounds to watch, and a realistic first thirty days.",Learn Hindi for Nepali speakers,1039,14,no,Article Language Organization Organization FAQPage Question Answer Question Answer Question Answer Question Answer BreadcrumbList ListItem ListItem ListItem ListItem,0,A,
https://ekgurulearning.github.io/EkGuru/learn-hindi-for-nepali-speakers/mistakes/index.html,https://ekguru.shop/learn-hindi-for-nepali-speakers/mistakes/,learn-hindi-for-nepali-speakers,en,,https://ekguru.shop/learn-hindi-for-nepali-speakers/mistakes/,"index, follow, max-snippet:-1, max-image-preview:large",yes,Hindi Mistakes Nepali Speakers Make | EkGuru,"The errors that come specifically from speaking Nepali — which ones fossilise, and how to catch them early.",Hindi mistakes Nepali speakers make,807,4,no,Article Language Organization Organization FAQPage Question Answer Question Answer Question Answer BreadcrumbList ListItem ListItem ListItem ListItem ListItem,0,A,
https://ekgurulearning.github.io/EkGuru/learn-hindi-for-nepali-speakers/pronunciation/index.html,https://ekguru.shop/learn-hindi-for-nepali-speakers/pronunciation/,learn-hindi-for-nepali-speakers,en,,https://ekguru.shop/learn-hindi-for-nepali-speakers/pronunciation/,"index, follow, max-snippet:-1, max-image-preview:large",yes,Hindi Pronunciation for Nepali Speakers | EkGuru,"The Hindi sounds a Nepali speaker gets free, the ones that need work, and a drill order that starts with your specific problem.",Hindi pronunciation for Nepali speakers,846,4,no,Article Language Organization Organization FAQPage Question Answer Question Answer Question Answer BreadcrumbList ListItem ListItem ListItem ListItem ListItem,0,A,
https://ekgurulearning.github.io/EkGuru/learn-hindi-for-persian-speakers/first-words/index.html,https://ekguru.shop/learn-hindi-for-persian-speakers/first-words/,learn-hindi-for-persian-speakers,en,,https://ekguru.shop/learn-hindi-for-persian-speakers/first-words/,"index, follow, max-snippet:-1, max-image-preview:large",yes,The First 100 Hindi Words for Persian Speakers | EkGuru,Where to start with Hindi vocabulary as a Persian speaker — including the words you may already recognise.,"The first 100 Hindi words, for Persian speakers",1011,4,no,Article Language Organization Organization FAQPage Question Answer Question Answer Question Answer BreadcrumbList ListItem ListItem ListItem ListItem ListItem,0,A,
https://ekgurulearning.github.io/EkGuru/learn-hindi-for-persian-speakers/grammar/index.html,https://ekguru.shop/learn-hindi-for-persian-speakers/grammar/,learn-hindi-for-persian-speakers,en,,https://ekguru.shop/learn-hindi-for-persian-speakers/grammar/,"index, follow, max-snippet:-1, max-image-preview:large",yes,Hindi Grammar for Persian Speakers | EkGuru,"Hindi grammar compared with Persian: what transfers directly, what is genuinely new, and what to learn in which order.",Hindi grammar for Persian speakers,862,4,no,Article Language Organization Organization FAQPage Question Answer Question Answer Question Answer BreadcrumbList ListItem ListItem ListItem ListItem ListItem,0,A,
https://ekgurulearning.github.io/EkGuru/learn-hindi-for-persian-speakers/index.html,https://ekguru.shop/learn-hindi-for-persian-speakers/,learn-hindi-for-persian-speakers,en,,https://ekguru.shop/learn-hindi-for-persian-speakers/,"index, follow, max-snippet:-1, max-image-preview:large",yes,Learn Hindi for Persian Speakers | EkGuru,"What Persian gives you for free when learning Hindi, what it does not, the sounds to watch, and a realistic first thirty days.",Learn Hindi for Persian speakers,1141,15,no,Article Language Organization Organization FAQPage Question Answer Question Answer Question Answer Question Answer BreadcrumbList ListItem ListItem ListItem ListItem,0,A,
https://ekgurulearning.github.io/EkGuru/learn-hindi-for-persian-speakers/mistakes/index.html,https://ekguru.shop/learn-hindi-for-persian-speakers/mistakes/,learn-hindi-for-persian-speakers,en,,https://ekguru.shop/learn-hindi-for-persian-speakers/mistakes/,"index, follow, max-snippet:-1, max-image-preview:large",yes,Hindi Mistakes Persian Speakers Make | EkGuru,"The errors that come specifically from speaking Persian — which ones fossilise, and how to catch them early.",Hindi mistakes Persian speakers make,840,4,no,Article Language Organization Organization FAQPage Question Answer Question Answer Question Answer BreadcrumbList ListItem ListItem ListItem ListItem ListItem,0,A,
https://ekgurulearning.github.io/EkGuru/learn-hindi-for-persian-speakers/pronunciation/index.html,https://ekguru.shop/learn-hindi-for-persian-speakers/pronunciation/,learn-hindi-for-persian-speakers,en,,https://ekguru.shop/learn-hindi-for-persian-speakers/pronunciation/,"index, follow, max-snippet:-1, max-image-preview:large",yes,Hindi Pronunciation for Persian Speakers | EkGuru,"The Hindi sounds a Persian speaker gets free, the ones that need work, and a drill order that starts with your specific problem.",Hindi pronunciation for Persian speakers,973,4,no,Article Language Organization Organization FAQPage Question Answer Question Answer Question Answer BreadcrumbList ListItem ListItem ListItem ListItem ListItem,0,A,
https://ekgurulearning.github.io/EkGuru/learn-hindi-for-polish-speakers/grammar/index.html,https://ekguru.shop/learn-hindi-for-polish-speakers/grammar/,learn-hindi-for-polish-speakers,en,,https://ekguru.shop/learn-hindi-for-polish-speakers/grammar/,"index, follow, max-snippet:-1, max-image-preview:large",yes,Hindi Grammar for Polish Speakers | EkGuru,"Hindi grammar compared with Polish: what transfers directly, what is genuinely new, and what to learn in which order.",Hindi grammar for Polish speakers,878,3,no,Article Language Organization Organization FAQPage Question Answer Question Answer Question Answer BreadcrumbList ListItem ListItem ListItem ListItem ListItem,0,A,
https://ekgurulearning.github.io/EkGuru/learn-hindi-for-polish-speakers/index.html,https://ekguru.shop/learn-hindi-for-polish-speakers/,learn-hindi-for-polish-speakers,en,,https://ekguru.shop/learn-hindi-for-polish-speakers/,"index, follow, max-snippet:-1, max-image-preview:large",yes,Learn Hindi for Polish Speakers | EkGuru,"What Polish gives you for free when learning Hindi, what it does not, the sounds to watch, and a realistic first thirty days.",Learn Hindi for Polish speakers,1050,13,no,Article Language Organization Organization FAQPage Question Answer Question Answer Question Answer Question Answer BreadcrumbList ListItem ListItem ListItem ListItem,0,A,
https://ekgurulearning.github.io/EkGuru/learn-hindi-for-polish-speakers/mistakes/index.html,https://ekguru.shop/learn-hindi-for-polish-speakers/mistakes/,learn-hindi-for-polish-speakers,en,,https://ekguru.shop/learn-hindi-for-polish-speakers/mistakes/,"index, follow, max-snippet:-1, max-image-preview:large",yes,Hindi Mistakes Polish Speakers Make | EkGuru,"The errors that come specifically from speaking Polish — which ones fossilise, and how to catch them early.",Hindi mistakes Polish speakers make,822,3,no,Article Language Organization Organization FAQPage Question Answer Question Answer Question Answer BreadcrumbList ListItem ListItem ListItem ListItem ListItem,0,A,
https://ekgurulearning.github.io/EkGuru/learn-hindi-for-polish-speakers/pronunciation/index.html,https://ekguru.shop/learn-hindi-for-polish-speakers/pronunciation/,learn-hindi-for-polish-speakers,en,,https://ekguru.shop/learn-hindi-for-polish-speakers/pronunciation/,"index, follow, max-snippet:-1, max-image-preview:large",yes,Hindi Pronunciation for Polish Speakers | EkGuru,"The Hindi sounds a Polish speaker gets free, the ones that need work, and a drill order that starts with your specific problem.",Hindi pronunciation for Polish speakers,944,3,no,Article Language Organization Organization FAQPage Question Answer Question Answer Question Answer BreadcrumbList ListItem ListItem ListItem ListItem ListItem,0,A,
https://ekgurulearning.github.io/EkGuru/learn-hindi-for-portuguese-speakers/first-words/index.html,https://ekguru.shop/learn-hindi-for-portuguese-speakers/first-words/,learn-hindi-for-portuguese-speakers,en,,https://ekguru.shop/learn-hindi-for-portuguese-speakers/first-words/,"index, follow, max-snippet:-1, max-image-preview:large",yes,The First 100 Hindi Words for Portuguese Speakers | EkGuru,Where to start with Hindi vocabulary as a Portuguese speaker — including the words you may already recognise.,"The first 100 Hindi words, for Portuguese speakers",962,4,no,Article Language Organization Organization FAQPage Question Answer Question Answer Question Answer BreadcrumbList ListItem ListItem ListItem ListItem ListItem,0,A,
https://ekgurulearning.github.io/EkGuru/learn-hindi-for-portuguese-speakers/grammar/index.html,https://ekguru.shop/learn-hindi-for-portuguese-speakers/grammar/,learn-hindi-for-portuguese-speakers,en,,https://ekguru.shop/learn-hindi-for-portuguese-speakers/grammar/,"index, follow, max-snippet:-1, max-image-preview:large",yes,Hindi Grammar for Portuguese Speakers | EkGuru,"Hindi grammar compared with Portuguese: what transfers directly, what is genuinely new, and what to learn in which order.",Hindi grammar for Portuguese speakers,851,4,no,Article Language Organization Organization FAQPage Question Answer Question Answer Question Answer BreadcrumbList ListItem ListItem ListItem ListItem ListItem,0,A,
https://ekgurulearning.github.io/EkGuru/learn-hindi-for-portuguese-speakers/index.html,https://ekguru.shop/learn-hindi-for-portuguese-speakers/,learn-hindi-for-portuguese-speakers,en,,https://ekguru.shop/learn-hindi-for-portuguese-speakers/,"index, follow, max-snippet:-1, max-image-preview:large",yes,Learn Hindi for Portuguese Speakers | EkGuru,"What Portuguese gives you for free when learning Hindi, what it does not, the sounds to watch, and a realistic first thirty days.",Learn Hindi for Portuguese speakers,1002,17,no,Article Language Organization Organization FAQPage Question Answer Question Answer Question Answer Question Answer BreadcrumbList ListItem ListItem ListItem ListItem,0,A,
https://ekgurulearning.github.io/EkGuru/learn-hindi-for-portuguese-speakers/mistakes/index.html,https://ekguru.shop/learn-hindi-for-portuguese-speakers/mistakes/,learn-hindi-for-portuguese-speakers,en,,https://ekguru.shop/learn-hindi-for-portuguese-speakers/mistakes/,"index, follow, max-snippet:-1, max-image-preview:large",yes,Hindi Mistakes Portuguese Speakers Make | EkGuru,"The errors that come specifically from speaking Portuguese — which ones fossilise, and how to catch them early.",Hindi mistakes Portuguese speakers make,829,4,no,Article Language Organization Organization FAQPage Question Answer Question Answer Question Answer BreadcrumbList ListItem ListItem ListItem ListItem ListItem,0,A,
https://ekgurulearning.github.io/EkGuru/learn-hindi-for-portuguese-speakers/pronunciation/index.html,https://ekguru.shop/learn-hindi-for-portuguese-speakers/pronunciation/,learn-hindi-for-portuguese-speakers,en,,https://ekguru.shop/learn-hindi-for-portuguese-speakers/pronunciation/,"index, follow, max-snippet:-1, max-image-preview:large",yes,Hindi Pronunciation for Portuguese Speakers | EkGuru,"The Hindi sounds a Portuguese speaker gets free, the ones that need work, and a drill order that starts with your specific problem.",Hindi pronunciation for Portuguese speakers,903,4,no,Article Language Organization Organization FAQPage Question Answer Question Answer Question Answer BreadcrumbList ListItem ListItem ListItem ListItem ListItem,0,A,
https://ekgurulearning.github.io/EkGuru/learn-hindi-for-punjabi-speakers/first-words/index.html,https://ekguru.shop/learn-hindi-for-punjabi-speakers/first-words/,learn-hindi-for-punjabi-speakers,en,,https://ekguru.shop/learn-hindi-for-punjabi-speakers/first-words/,"index, follow, max-snippet:-1, max-image-preview:large",yes,The First 100 Hindi Words for Punjabi Speakers | EkGuru,Where to start with Hindi vocabulary as a Punjabi speaker — including the words you may already recognise.,"The first 100 Hindi words, for Punjabi speakers",934,4,no,Article Language Organization Organization FAQPage Question Answer Question Answer Question Answer BreadcrumbList ListItem ListItem ListItem ListItem ListItem,0,A,
https://ekgurulearning.github.io/EkGuru/learn-hindi-for-punjabi-speakers/grammar/index.html,https://ekguru.shop/learn-hindi-for-punjabi-speakers/grammar/,learn-hindi-for-punjabi-speakers,en,,https://ekguru.shop/learn-hindi-for-punjabi-speakers/grammar/,"index, follow, max-snippet:-1, max-image-preview:large",yes,Hindi Grammar for Punjabi Speakers | EkGuru,"Hindi grammar compared with Punjabi: what transfers directly, what is genuinely new, and what to learn in which order.",Hindi grammar for Punjabi speakers,924,4,no,Article Language Organization Organization FAQPage Question Answer Question Answer Question Answer BreadcrumbList ListItem ListItem ListItem ListItem ListItem,0,A,
https://ekgurulearning.github.io/EkGuru/learn-hindi-for-punjabi-speakers/index.html,https://ekguru.shop/learn-hindi-for-punjabi-speakers/,learn-hindi-for-punjabi-speakers,en,,https://ekguru.shop/learn-hindi-for-punjabi-speakers/,"index, follow, max-snippet:-1, max-image-preview:large",yes,Learn Hindi for Punjabi Speakers | EkGuru,"What Punjabi gives you for free when learning Hindi, what it does not, the sounds to watch, and a realistic first thirty days.",Learn Hindi for Punjabi speakers,1090,13,no,Article Language Organization Organization FAQPage Question Answer Question Answer Question Answer Question Answer BreadcrumbList ListItem ListItem ListItem ListItem,0,A,
https://ekgurulearning.github.io/EkGuru/learn-hindi-for-punjabi-speakers/mistakes/index.html,https://ekguru.shop/learn-hindi-for-punjabi-speakers/mistakes/,learn-hindi-for-punjabi-speakers,en,,https://ekguru.shop/learn-hindi-for-punjabi-speakers/mistakes/,"index, follow, max-snippet:-1, max-image-preview:large",yes,Hindi Mistakes Punjabi Speakers Make | EkGuru,"The errors that come specifically from speaking Punjabi — which ones fossilise, and how to catch them early.",Hindi mistakes Punjabi speakers make,836,4,no,Article Language Organization Organization FAQPage Question Answer Question Answer Question Answer BreadcrumbList ListItem ListItem ListItem ListItem ListItem,0,A,
https://ekgurulearning.github.io/EkGuru/learn-hindi-for-punjabi-speakers/pronunciation/index.html,https://ekguru.shop/learn-hindi-for-punjabi-speakers/pronunciation/,learn-hindi-for-punjabi-speakers,en,,https://ekguru.shop/learn-hindi-for-punjabi-speakers/pronunciation/,"index, follow, max-snippet:-1, max-image-preview:large",yes,Hindi Pronunciation for Punjabi Speakers | EkGuru,"The Hindi sounds a Punjabi speaker gets free, the ones that need work, and a drill order that starts with your specific problem.",Hindi pronunciation for Punjabi speakers,925,4,no,Article Language Organization Organization FAQPage Question Answer Question Answer Question Answer BreadcrumbList ListItem ListItem ListItem ListItem ListItem,0,A,
https://ekgurulearning.github.io/EkGuru/learn-hindi-for-russian-speakers/first-words/index.html,https://ekguru.shop/learn-hindi-for-russian-speakers/first-words/,learn-hindi-for-russian-speakers,en,,https://ekguru.shop/learn-hindi-for-russian-speakers/first-words/,"index, follow, max-snippet:-1, max-image-preview:large",yes,The First 100 Hindi Words for Russian Speakers | EkGuru,Where to start with Hindi vocabulary as a Russian speaker — including the words you may already recognise.,"The first 100 Hindi words, for Russian speakers",975,4,no,Article Language Organization Organization FAQPage Question Answer Question Answer Question Answer BreadcrumbList ListItem ListItem ListItem ListItem ListItem,0,A,
https://ekgurulearning.github.io/EkGuru/learn-hindi-for-russian-speakers/grammar/index.html,https://ekguru.shop/learn-hindi-for-russian-speakers/grammar/,learn-hindi-for-russian-speakers,en,,https://ekguru.shop/learn-hindi-for-russian-speakers/grammar/,"index, follow, max-snippet:-1, max-image-preview:large",yes,Hindi Grammar for Russian Speakers | EkGuru,"Hindi grammar compared with Russian: what transfers directly, what is genuinely new, and what to learn in which order.",Hindi grammar for Russian speakers,890,4,no,Article Language Organization Organization FAQPage Question Answer Question Answer Question Answer BreadcrumbList ListItem ListItem ListItem ListItem ListItem,0,A,
https://ekgurulearning.github.io/EkGuru/learn-hindi-for-russian-speakers/index.html,https://ekguru.shop/learn-hindi-for-russian-speakers/,learn-hindi-for-russian-speakers,en,,https://ekguru.shop/learn-hindi-for-russian-speakers/,"index, follow, max-snippet:-1, max-image-preview:large",yes,Learn Hindi for Russian Speakers | EkGuru,"What Russian gives you for free when learning Hindi, what it does not, the sounds to watch, and a realistic first thirty days.",Learn Hindi for Russian speakers,1067,17,no,Article Language Organization Organization FAQPage Question Answer Question Answer Question Answer Question Answer BreadcrumbList ListItem ListItem ListItem ListItem,0,A,
https://ekgurulearning.github.io/EkGuru/learn-hindi-for-russian-speakers/mistakes/index.html,https://ekguru.shop/learn-hindi-for-russian-speakers/mistakes/,learn-hindi-for-russian-speakers,en,,https://ekguru.shop/learn-hindi-for-russian-speakers/mistakes/,"index, follow, max-snippet:-1, max-image-preview:large",yes,Hindi Mistakes Russian Speakers Make | EkGuru,"The errors that come specifically from speaking Russian — which ones fossilise, and how to catch them early.",Hindi mistakes Russian speakers make,819,4,no,Article Language Organization Organization FAQPage Question Answer Question Answer Question Answer BreadcrumbList ListItem ListItem ListItem ListItem ListItem,0,A,
https://ekgurulearning.github.io/EkGuru/learn-hindi-for-russian-speakers/pronunciation/index.html,https://ekguru.shop/learn-hindi-for-russian-speakers/pronunciation/,learn-hindi-for-russian-speakers,en,,https://ekguru.shop/learn-hindi-for-russian-speakers/pronunciation/,"index, follow, max-snippet:-1, max-image-preview:large",yes,Hindi Pronunciation for Russian Speakers | EkGuru,"The Hindi sounds a Russian speaker gets free, the ones that need work, and a drill order that starts with your specific problem.",Hindi pronunciation for Russian speakers,928,4,no,Article Language Organization Organization FAQPage Question Answer Question Answer Question Answer BreadcrumbList ListItem ListItem ListItem ListItem ListItem,0,A,
https://ekgurulearning.github.io/EkGuru/learn-hindi-for-spanish-speakers/first-words/index.html,https://ekguru.shop/learn-hindi-for-spanish-speakers/first-words/,learn-hindi-for-spanish-speakers,en,,https://ekguru.shop/learn-hindi-for-spanish-speakers/first-words/,"index, follow, max-snippet:-1, max-image-preview:large",yes,The First 100 Hindi Words for Spanish Speakers | EkGuru,Where to start with Hindi vocabulary as a Spanish speaker — including the words you may already recognise.,"The first 100 Hindi words, for Spanish speakers",985,4,no,Article Language Organization Organization FAQPage Question Answer Question Answer Question Answer BreadcrumbList ListItem ListItem ListItem ListItem ListItem,0,A,
https://ekgurulearning.github.io/EkGuru/learn-hindi-for-spanish-speakers/grammar/index.html,https://ekguru.shop/learn-hindi-for-spanish-speakers/grammar/,learn-hindi-for-spanish-speakers,en,,https://ekguru.shop/learn-hindi-for-spanish-speakers/grammar/,"index, follow, max-snippet:-1, max-image-preview:large",yes,Hindi Grammar for Spanish Speakers | EkGuru,"Hindi grammar compared with Spanish: what transfers directly, what is genuinely new, and what to learn in which order.",Hindi grammar for Spanish speakers,1071,4,no,Article Language Organization Organization FAQPage Question Answer Question Answer Question Answer BreadcrumbList ListItem ListItem ListItem ListItem ListItem,0,A,
https://ekgurulearning.github.io/EkGuru/learn-hindi-for-spanish-speakers/index.html,https://ekguru.shop/learn-hindi-for-spanish-speakers/,learn-hindi-for-spanish-speakers,en,,https://ekguru.shop/learn-hindi-for-spanish-speakers/,"index, follow, max-snippet:-1, max-image-preview:large",yes,Learn Hindi for Spanish Speakers | EkGuru,"What Spanish gives you for free when learning Hindi, what it does not, the sounds to watch, and a realistic first thirty days.",Learn Hindi for Spanish speakers,1299,32,no,Article Language Organization Organization FAQPage Question Answer Question Answer Question Answer Question Answer BreadcrumbList ListItem ListItem ListItem ListItem,0,A,
https://ekgurulearning.github.io/EkGuru/learn-hindi-for-spanish-speakers/mistakes/index.html,https://ekguru.shop/learn-hindi-for-spanish-speakers/mistakes/,learn-hindi-for-spanish-speakers,en,,https://ekguru.shop/learn-hindi-for-spanish-speakers/mistakes/,"index, follow, max-snippet:-1, max-image-preview:large",yes,Hindi Mistakes Spanish Speakers Make | EkGuru,"The errors that come specifically from speaking Spanish — which ones fossilise, and how to catch them early.",Hindi mistakes Spanish speakers make,924,4,no,Article Language Organization Organization FAQPage Question Answer Question Answer Question Answer BreadcrumbList ListItem ListItem ListItem ListItem ListItem,0,A,
https://ekgurulearning.github.io/EkGuru/learn-hindi-for-spanish-speakers/pronunciation/index.html,https://ekguru.shop/learn-hindi-for-spanish-speakers/pronunciation/,learn-hindi-for-spanish-speakers,en,,https://ekguru.shop/learn-hindi-for-spanish-speakers/pronunciation/,"index, follow, max-snippet:-1, max-image-preview:large",yes,Hindi Pronunciation for Spanish Speakers | EkGuru,"The Hindi sounds a Spanish speaker gets free, the ones that need work, and a drill order that starts with your specific problem.",Hindi pronunciation for Spanish speakers,913,4,no,Article Language Organization Organization FAQPage Question Answer Question Answer Question Answer BreadcrumbList ListItem ListItem ListItem ListItem ListItem,0,A,
https://ekgurulearning.github.io/EkGuru/learn-hindi-for-speakers/index.html,https://ekguru.shop/learn-hindi-for-speakers/,learn-hindi-for-speakers,en,,https://ekguru.shop/learn-hindi-for-speakers/,"index, follow, max-snippet:-1, max-image-preview:large",yes,Learn Hindi for Speakers of Your Language | EkGuru,"Hindi is hard in different places depending on where you start. Spanish, Japanese, German, Arabic, Bengali, Tamil and more — what each gives you and costs…",Learn Hindi — by the language you already speak,585,310,no,CollectionPage ItemList ListItem ListItem ListItem ListItem ListItem ListItem ListItem ListItem ListItem ListItem ListItem ListItem ListItem ListItem ListItem ListItem ListItem ListItem ListItem ListItem ListItem ListItem ListItem ListItem ListItem ListItem ListItem ListItem ListItem ListItem BreadcrumbList ListItem ListItem ListItem,0,A,
https://ekgurulearning.github.io/EkGuru/learn-hindi-for-swahili-speakers/first-words/index.html,https://ekguru.shop/learn-hindi-for-swahili-speakers/first-words/,learn-hindi-for-swahili-speakers,en,,https://ekguru.shop/learn-hindi-for-swahili-speakers/first-words/,"index, follow, max-snippet:-1, max-image-preview:large",yes,The First 100 Hindi Words for Swahili Speakers | EkGuru,Where to start with Hindi vocabulary as a Swahili speaker — including the words you may already recognise.,"The first 100 Hindi words, for Swahili speakers",983,4,no,Article Language Organization Organization FAQPage Question Answer Question Answer Question Answer BreadcrumbList ListItem ListItem ListItem ListItem ListItem,0,A,
https://ekgurulearning.github.io/EkGuru/learn-hindi-for-swahili-speakers/grammar/index.html,https://ekguru.shop/learn-hindi-for-swahili-speakers/grammar/,learn-hindi-for-swahili-speakers,en,,https://ekguru.shop/learn-hindi-for-swahili-speakers/grammar/,"index, follow, max-snippet:-1, max-image-preview:large",yes,Hindi Grammar for Swahili Speakers | EkGuru,"Hindi grammar compared with Swahili: what transfers directly, what is genuinely new, and what to learn in which order.",Hindi grammar for Swahili speakers,877,4,no,Article Language Organization Organization FAQPage Question Answer Question Answer Question Answer BreadcrumbList ListItem ListItem ListItem ListItem ListItem,0,A,
https://ekgurulearning.github.io/EkGuru/learn-hindi-for-swahili-speakers/index.html,https://ekguru.shop/learn-hindi-for-swahili-speakers/,learn-hindi-for-swahili-speakers,en,,https://ekguru.shop/learn-hindi-for-swahili-speakers/,"index, follow, max-snippet:-1, max-image-preview:large",yes,Learn Hindi for Swahili Speakers | EkGuru,"What Swahili gives you for free when learning Hindi, what it does not, the sounds to watch, and a realistic first thirty days.",Learn Hindi for Swahili speakers,1085,16,no,Article Language Organization Organization FAQPage Question Answer Question Answer Question Answer Question Answer BreadcrumbList ListItem ListItem ListItem ListItem,0,A,
https://ekgurulearning.github.io/EkGuru/learn-hindi-for-swahili-speakers/mistakes/index.html,https://ekguru.shop/learn-hindi-for-swahili-speakers/mistakes/,learn-hindi-for-swahili-speakers,en,,https://ekguru.shop/learn-hindi-for-swahili-speakers/mistakes/,"index, follow, max-snippet:-1, max-image-preview:large",yes,Hindi Mistakes Swahili Speakers Make | EkGuru,"The errors that come specifically from speaking Swahili — which ones fossilise, and how to catch them early.",Hindi mistakes Swahili speakers make,831,4,no,Article Language Organization Organization FAQPage Question Answer Question Answer Question Answer BreadcrumbList ListItem ListItem ListItem ListItem ListItem,0,A,
https://ekgurulearning.github.io/EkGuru/learn-hindi-for-swahili-speakers/pronunciation/index.html,https://ekguru.shop/learn-hindi-for-swahili-speakers/pronunciation/,learn-hindi-for-swahili-speakers,en,,https://ekguru.shop/learn-hindi-for-swahili-speakers/pronunciation/,"index, follow, max-snippet:-1, max-image-preview:large",yes,Hindi Pronunciation for Swahili Speakers | EkGuru,"The Hindi sounds a Swahili speaker gets free, the ones that need work, and a drill order that starts with your specific problem.",Hindi pronunciation for Swahili speakers,927,4,no,Article Language Organization Organization FAQPage Question Answer Question Answer Question Answer BreadcrumbList ListItem ListItem ListItem ListItem ListItem,0,A,
https://ekgurulearning.github.io/EkGuru/learn-hindi-for-tamil-speakers/first-words/index.html,https://ekguru.shop/learn-hindi-for-tamil-speakers/first-words/,learn-hindi-for-tamil-speakers,en,,https://ekguru.shop/learn-hindi-for-tamil-speakers/first-words/,"index, follow, max-snippet:-1, max-image-preview:large",yes,The First 100 Hindi Words for Tamil Speakers | EkGuru,Where to start with Hindi vocabulary as a Tamil speaker — including the words you may already recognise.,"The first 100 Hindi words, for Tamil speakers",901,4,no,Article Language Organization Organization FAQPage Question Answer Question Answer Question Answer BreadcrumbList ListItem ListItem ListItem ListItem ListItem,0,A,
https://ekgurulearning.github.io/EkGuru/learn-hindi-for-tamil-speakers/grammar/index.html,https://ekguru.shop/learn-hindi-for-tamil-speakers/grammar/,learn-hindi-for-tamil-speakers,en,,https://ekguru.shop/learn-hindi-for-tamil-speakers/grammar/,"index, follow, max-snippet:-1, max-image-preview:large",yes,Hindi Grammar for Tamil Speakers | EkGuru,"Hindi grammar compared with Tamil: what transfers directly, what is genuinely new, and what to learn in which order.",Hindi grammar for Tamil speakers,906,4,no,Article Language Organization Organization FAQPage Question Answer Question Answer Question Answer BreadcrumbList ListItem ListItem ListItem ListItem ListItem,0,A,
https://ekgurulearning.github.io/EkGuru/learn-hindi-for-tamil-speakers/index.html,https://ekguru.shop/learn-hindi-for-tamil-speakers/,learn-hindi-for-tamil-speakers,en,,https://ekguru.shop/learn-hindi-for-tamil-speakers/,"index, follow, max-snippet:-1, max-image-preview:large",yes,Learn Hindi for Tamil Speakers | EkGuru,"What Tamil gives you for free when learning Hindi, what it does not, the sounds to watch, and a realistic first thirty days.",Learn Hindi for Tamil speakers,980,15,no,Article Language Organization Organization FAQPage Question Answer Question Answer Question Answer Question Answer BreadcrumbList ListItem ListItem ListItem ListItem,0,A,
https://ekgurulearning.github.io/EkGuru/learn-hindi-for-tamil-speakers/mistakes/index.html,https://ekguru.shop/learn-hindi-for-tamil-speakers/mistakes/,learn-hindi-for-tamil-speakers,en,,https://ekguru.shop/learn-hindi-for-tamil-speakers/mistakes/,"index, follow, max-snippet:-1, max-image-preview:large",yes,Hindi Mistakes Tamil Speakers Make | EkGuru,"The errors that come specifically from speaking Tamil — which ones fossilise, and how to catch them early.",Hindi mistakes Tamil speakers make,803,4,no,Article Language Organization Organization FAQPage Question Answer Question Answer Question Answer BreadcrumbList ListItem ListItem ListItem ListItem ListItem,0,A,
https://ekgurulearning.github.io/EkGuru/learn-hindi-for-tamil-speakers/pronunciation/index.html,https://ekguru.shop/learn-hindi-for-tamil-speakers/pronunciation/,learn-hindi-for-tamil-speakers,en,,https://ekguru.shop/learn-hindi-for-tamil-speakers/pronunciation/,"index, follow, max-snippet:-1, max-image-preview:large",yes,Hindi Pronunciation for Tamil Speakers | EkGuru,"The Hindi sounds a Tamil speaker gets free, the ones that need work, and a drill order that starts with your specific problem.",Hindi pronunciation for Tamil speakers,844,4,no,Article Language Organization Organization FAQPage Question Answer Question Answer Question Answer BreadcrumbList ListItem ListItem ListItem ListItem ListItem,0,A,
https://ekgurulearning.github.io/EkGuru/learn-hindi-for-telugu-speakers/first-words/index.html,https://ekguru.shop/learn-hindi-for-telugu-speakers/first-words/,learn-hindi-for-telugu-speakers,en,,https://ekguru.shop/learn-hindi-for-telugu-speakers/first-words/,"index, follow, max-snippet:-1, max-image-preview:large",yes,The First 100 Hindi Words for Telugu Speakers | EkGuru,Where to start with Hindi vocabulary as a Telugu speaker — including the words you may already recognise.,"The first 100 Hindi words, for Telugu speakers",937,4,no,Article Language Organization Organization FAQPage Question Answer Question Answer Question Answer BreadcrumbList ListItem ListItem ListItem ListItem ListItem,0,A,
https://ekgurulearning.github.io/EkGuru/learn-hindi-for-telugu-speakers/grammar/index.html,https://ekguru.shop/learn-hindi-for-telugu-speakers/grammar/,learn-hindi-for-telugu-speakers,en,,https://ekguru.shop/learn-hindi-for-telugu-speakers/grammar/,"index, follow, max-snippet:-1, max-image-preview:large",yes,Hindi Grammar for Telugu Speakers | EkGuru,"Hindi grammar compared with Telugu: what transfers directly, what is genuinely new, and what to learn in which order.",Hindi grammar for Telugu speakers,865,4,no,Article Language Organization Organization FAQPage Question Answer Question Answer Question Answer BreadcrumbList ListItem ListItem ListItem ListItem ListItem,0,A,
https://ekgurulearning.github.io/EkGuru/learn-hindi-for-telugu-speakers/index.html,https://ekguru.shop/learn-hindi-for-telugu-speakers/,learn-hindi-for-telugu-speakers,en,,https://ekguru.shop/learn-hindi-for-telugu-speakers/,"index, follow, max-snippet:-1, max-image-preview:large",yes,Learn Hindi for Telugu Speakers | EkGuru,"What Telugu gives you for free when learning Hindi, what it does not, the sounds to watch, and a realistic first thirty days.",Learn Hindi for Telugu speakers,1012,13,no,Article Language Organization Organization FAQPage Question Answer Question Answer Question Answer Question Answer BreadcrumbList ListItem ListItem ListItem ListItem,0,A,
https://ekgurulearning.github.io/EkGuru/learn-hindi-for-telugu-speakers/mistakes/index.html,https://ekguru.shop/learn-hindi-for-telugu-speakers/mistakes/,learn-hindi-for-telugu-speakers,en,,https://ekguru.shop/learn-hindi-for-telugu-speakers/mistakes/,"index, follow, max-snippet:-1, max-image-preview:large",yes,Hindi Mistakes Telugu Speakers Make | EkGuru,"The errors that come specifically from speaking Telugu — which ones fossilise, and how to catch them early.",Hindi mistakes Telugu speakers make,818,4,no,Article Language Organization Organization FAQPage Question Answer Question Answer Question Answer BreadcrumbList ListItem ListItem ListItem ListItem ListItem,0,A,
https://ekgurulearning.github.io/EkGuru/learn-hindi-for-telugu-speakers/pronunciation/index.html,https://ekguru.shop/learn-hindi-for-telugu-speakers/pronunciation/,learn-hindi-for-telugu-speakers,en,,https://ekguru.shop/learn-hindi-for-telugu-speakers/pronunciation/,"index, follow, max-snippet:-1, max-image-preview:large",yes,Hindi Pronunciation for Telugu Speakers | EkGuru,"The Hindi sounds a Telugu speaker gets free, the ones that need work, and a drill order that starts with your specific problem.",Hindi pronunciation for Telugu speakers,921,4,no,Article Language Organization Organization FAQPage Question Answer Question Answer Question Answer BreadcrumbList ListItem ListItem ListItem ListItem ListItem,0,A,
https://ekgurulearning.github.io/EkGuru/learn-hindi-for-thai-speakers/first-words/index.html,https://ekguru.shop/learn-hindi-for-thai-speakers/first-words/,learn-hindi-for-thai-speakers,en,,https://ekguru.shop/learn-hindi-for-thai-speakers/first-words/,"index, follow, max-snippet:-1, max-image-preview:large",yes,The First 100 Hindi Words for Thai Speakers | EkGuru,Where to start with Hindi vocabulary as a Thai speaker — including the words you may already recognise.,"The first 100 Hindi words, for Thai speakers",992,4,no,Article Language Organization Organization FAQPage Question Answer Question Answer Question Answer BreadcrumbList ListItem ListItem ListItem ListItem ListItem,0,A,
https://ekgurulearning.github.io/EkGuru/learn-hindi-for-thai-speakers/grammar/index.html,https://ekguru.shop/learn-hindi-for-thai-speakers/grammar/,learn-hindi-for-thai-speakers,en,,https://ekguru.shop/learn-hindi-for-thai-speakers/grammar/,"index, follow, max-snippet:-1, max-image-preview:large",yes,Hindi Grammar for Thai Speakers | EkGuru,"Hindi grammar compared with Thai: what transfers directly, what is genuinely new, and what to learn in which order.",Hindi grammar for Thai speakers,794,4,no,Article Language Organization Organization FAQPage Question Answer Question Answer Question Answer BreadcrumbList ListItem ListItem ListItem ListItem ListItem,0,A,
https://ekgurulearning.github.io/EkGuru/learn-hindi-for-thai-speakers/index.html,https://ekguru.shop/learn-hindi-for-thai-speakers/,learn-hindi-for-thai-speakers,en,,https://ekguru.shop/learn-hindi-for-thai-speakers/,"index, follow, max-snippet:-1, max-image-preview:large",yes,Learn Hindi for Thai Speakers | EkGuru,"What Thai gives you for free when learning Hindi, what it does not, the sounds to watch, and a realistic first thirty days.",Learn Hindi for Thai speakers,1045,14,no,Article Language Organization Organization FAQPage Question Answer Question Answer Question Answer Question Answer BreadcrumbList ListItem ListItem ListItem ListItem,0,A,
https://ekgurulearning.github.io/EkGuru/learn-hindi-for-thai-speakers/mistakes/index.html,https://ekguru.shop/learn-hindi-for-thai-speakers/mistakes/,learn-hindi-for-thai-speakers,en,,https://ekguru.shop/learn-hindi-for-thai-speakers/mistakes/,"index, follow, max-snippet:-1, max-image-preview:large",yes,Hindi Mistakes Thai Speakers Make | EkGuru,"The errors that come specifically from speaking Thai — which ones fossilise, and how to catch them early.",Hindi mistakes Thai speakers make,809,4,no,Article Language Organization Organization FAQPage Question Answer Question Answer Question Answer BreadcrumbList ListItem ListItem ListItem ListItem ListItem,0,A,
https://ekgurulearning.github.io/EkGuru/learn-hindi-for-thai-speakers/pronunciation/index.html,https://ekguru.shop/learn-hindi-for-thai-speakers/pronunciation/,learn-hindi-for-thai-speakers,en,,https://ekguru.shop/learn-hindi-for-thai-speakers/pronunciation/,"index, follow, max-snippet:-1, max-image-preview:large",yes,Hindi Pronunciation for Thai Speakers | EkGuru,"The Hindi sounds a Thai speaker gets free, the ones that need work, and a drill order that starts with your specific problem.",Hindi pronunciation for Thai speakers,952,4,no,Article Language Organization Organization FAQPage Question Answer Question Answer Question Answer BreadcrumbList ListItem ListItem ListItem ListItem ListItem,0,A,
https://ekgurulearning.github.io/EkGuru/learn-hindi-for-turkish-speakers/first-words/index.html,https://ekguru.shop/learn-hindi-for-turkish-speakers/first-words/,learn-hindi-for-turkish-speakers,en,,https://ekguru.shop/learn-hindi-for-turkish-speakers/first-words/,"index, follow, max-snippet:-1, max-image-preview:large",yes,The First 100 Hindi Words for Turkish Speakers | EkGuru,Where to start with Hindi vocabulary as a Turkish speaker — including the words you may already recognise.,"The first 100 Hindi words, for Turkish speakers",1003,4,no,Article Language Organization Organization FAQPage Question Answer Question Answer Question Answer BreadcrumbList ListItem ListItem ListItem ListItem ListItem,0,A,
https://ekgurulearning.github.io/EkGuru/learn-hindi-for-turkish-speakers/grammar/index.html,https://ekguru.shop/learn-hindi-for-turkish-speakers/grammar/,learn-hindi-for-turkish-speakers,en,,https://ekguru.shop/learn-hindi-for-turkish-speakers/grammar/,"index, follow, max-snippet:-1, max-image-preview:large",yes,Hindi Grammar for Turkish Speakers | EkGuru,"Hindi grammar compared with Turkish: what transfers directly, what is genuinely new, and what to learn in which order.",Hindi grammar for Turkish speakers,941,4,no,Article Language Organization Organization FAQPage Question Answer Question Answer Question Answer BreadcrumbList ListItem ListItem ListItem ListItem ListItem,0,A,
https://ekgurulearning.github.io/EkGuru/learn-hindi-for-turkish-speakers/index.html,https://ekguru.shop/learn-hindi-for-turkish-speakers/,learn-hindi-for-turkish-speakers,en,,https://ekguru.shop/learn-hindi-for-turkish-speakers/,"index, follow, max-snippet:-1, max-image-preview:large",yes,Learn Hindi for Turkish Speakers | EkGuru,"What Turkish gives you for free when learning Hindi, what it does not, the sounds to watch, and a realistic first thirty days.",Learn Hindi for Turkish speakers,1150,15,no,Article Language Organization Organization FAQPage Question Answer Question Answer Question Answer Question Answer BreadcrumbList ListItem ListItem ListItem ListItem,0,A,
https://ekgurulearning.github.io/EkGuru/learn-hindi-for-turkish-speakers/mistakes/index.html,https://ekguru.shop/learn-hindi-for-turkish-speakers/mistakes/,learn-hindi-for-turkish-speakers,en,,https://ekguru.shop/learn-hindi-for-turkish-speakers/mistakes/,"index, follow, max-snippet:-1, max-image-preview:large",yes,Hindi Mistakes Turkish Speakers Make | EkGuru,"The errors that come specifically from speaking Turkish — which ones fossilise, and how to catch them early.",Hindi mistakes Turkish speakers make,842,4,no,Article Language Organization Organization FAQPage Question Answer Question Answer Question Answer BreadcrumbList ListItem ListItem ListItem ListItem ListItem,0,A,
https://ekgurulearning.github.io/EkGuru/learn-hindi-for-turkish-speakers/pronunciation/index.html,https://ekguru.shop/learn-hindi-for-turkish-speakers/pronunciation/,learn-hindi-for-turkish-speakers,en,,https://ekguru.shop/learn-hindi-for-turkish-speakers/pronunciation/,"index, follow, max-snippet:-1, max-image-preview:large",yes,Hindi Pronunciation for Turkish Speakers | EkGuru,"The Hindi sounds a Turkish speaker gets free, the ones that need work, and a drill order that starts with your specific problem.",Hindi pronunciation for Turkish speakers,941,4,no,Article Language Organization Organization FAQPage Question Answer Question Answer Question Answer BreadcrumbList ListItem ListItem ListItem ListItem ListItem,0,A,
https://ekgurulearning.github.io/EkGuru/learn-hindi-for-ukrainian-speakers/grammar/index.html,https://ekguru.shop/learn-hindi-for-ukrainian-speakers/grammar/,learn-hindi-for-ukrainian-speakers,en,,https://ekguru.shop/learn-hindi-for-ukrainian-speakers/grammar/,"index, follow, max-snippet:-1, max-image-preview:large",yes,Hindi Grammar for Ukrainian Speakers | EkGuru,"Hindi grammar compared with Ukrainian: what transfers directly, what is genuinely new, and what to learn in which order.",Hindi grammar for Ukrainian speakers,803,3,no,Article Language Organization Organization FAQPage Question Answer Question Answer Question Answer BreadcrumbList ListItem ListItem ListItem ListItem ListItem,0,A,
https://ekgurulearning.github.io/EkGuru/learn-hindi-for-ukrainian-speakers/index.html,https://ekguru.shop/learn-hindi-for-ukrainian-speakers/,learn-hindi-for-ukrainian-speakers,en,,https://ekguru.shop/learn-hindi-for-ukrainian-speakers/,"index, follow, max-snippet:-1, max-image-preview:large",yes,Learn Hindi for Ukrainian Speakers | EkGuru,"What Ukrainian gives you for free when learning Hindi, what it does not, the sounds to watch, and a realistic first thirty days.",Learn Hindi for Ukrainian speakers,965,13,no,Article Language Organization Organization FAQPage Question Answer Question Answer Question Answer Question Answer BreadcrumbList ListItem ListItem ListItem ListItem,0,A,
https://ekgurulearning.github.io/EkGuru/learn-hindi-for-ukrainian-speakers/mistakes/index.html,https://ekguru.shop/learn-hindi-for-ukrainian-speakers/mistakes/,learn-hindi-for-ukrainian-speakers,en,,https://ekguru.shop/learn-hindi-for-ukrainian-speakers/mistakes/,"index, follow, max-snippet:-1, max-image-preview:large",yes,Hindi Mistakes Ukrainian Speakers Make | EkGuru,"The errors that come specifically from speaking Ukrainian — which ones fossilise, and how to catch them early.",Hindi mistakes Ukrainian speakers make,779,3,no,Article Language Organization Organization FAQPage Question Answer Question Answer Question Answer BreadcrumbList ListItem ListItem ListItem ListItem ListItem,0,A,
https://ekgurulearning.github.io/EkGuru/learn-hindi-for-ukrainian-speakers/pronunciation/index.html,https://ekguru.shop/learn-hindi-for-ukrainian-speakers/pronunciation/,learn-hindi-for-ukrainian-speakers,en,,https://ekguru.shop/learn-hindi-for-ukrainian-speakers/pronunciation/,"index, follow, max-snippet:-1, max-image-preview:large",yes,Hindi Pronunciation for Ukrainian Speakers | EkGuru,"The Hindi sounds a Ukrainian speaker gets free, the ones that need work, and a drill order that starts with your specific problem.",Hindi pronunciation for Ukrainian speakers,916,3,no,Article Language Organization Organization FAQPage Question Answer Question Answer Question Answer BreadcrumbList ListItem ListItem ListItem ListItem ListItem,0,A,
https://ekgurulearning.github.io/EkGuru/learn-hindi-for-urdu-speakers/index.html,https://ekguru.shop/learn-hindi-for-urdu-speakers/,learn-hindi-for-urdu-speakers,en,,https://ekguru.shop/learn-hindi-for-urdu-speakers/,"index, follow, max-snippet:-1, max-image-preview:large",yes,Learn Hindi for Urdu Speakers | EkGuru,"What Urdu gives you for free when learning Hindi, what it does not, the sounds to watch, and a realistic first thirty days.",Learn Hindi for Urdu speakers,847,10,no,Article Language Organization Organization FAQPage Question Answer Question Answer Question Answer Question Answer BreadcrumbList ListItem ListItem ListItem ListItem,0,A,
https://ekgurulearning.github.io/EkGuru/learn-hindi-for-vietnamese-speakers/grammar/index.html,https://ekguru.shop/learn-hindi-for-vietnamese-speakers/grammar/,learn-hindi-for-vietnamese-speakers,en,,https://ekguru.shop/learn-hindi-for-vietnamese-speakers/grammar/,"index, follow, max-snippet:-1, max-image-preview:large",yes,Hindi Grammar for Vietnamese Speakers | EkGuru,"Hindi grammar compared with Vietnamese: what transfers directly, what is genuinely new, and what to learn in which order.",Hindi grammar for Vietnamese speakers,867,3,no,Article Language Organization Organization FAQPage Question Answer Question Answer Question Answer BreadcrumbList ListItem ListItem ListItem ListItem ListItem,0,A,
https://ekgurulearning.github.io/EkGuru/learn-hindi-for-vietnamese-speakers/index.html,https://ekguru.shop/learn-hindi-for-vietnamese-speakers/,learn-hindi-for-vietnamese-speakers,en,,https://ekguru.shop/learn-hindi-for-vietnamese-speakers/,"index, follow, max-snippet:-1, max-image-preview:large",yes,Learn Hindi for Vietnamese Speakers | EkGuru,"What Vietnamese gives you for free when learning Hindi, what it does not, the sounds to watch, and a realistic first thirty days.",Learn Hindi for Vietnamese speakers,996,13,no,Article Language Organization Organization FAQPage Question Answer Question Answer Question Answer Question Answer BreadcrumbList ListItem ListItem ListItem ListItem,0,A,
https://ekgurulearning.github.io/EkGuru/learn-hindi-for-vietnamese-speakers/mistakes/index.html,https://ekguru.shop/learn-hindi-for-vietnamese-speakers/mistakes/,learn-hindi-for-vietnamese-speakers,en,,https://ekguru.shop/learn-hindi-for-vietnamese-speakers/mistakes/,"index, follow, max-snippet:-1, max-image-preview:large",yes,Hindi Mistakes Vietnamese Speakers Make | EkGuru,"The errors that come specifically from speaking Vietnamese — which ones fossilise, and how to catch them early.",Hindi mistakes Vietnamese speakers make,819,3,no,Article Language Organization Organization FAQPage Question Answer Question Answer Question Answer BreadcrumbList ListItem ListItem ListItem ListItem ListItem,0,A,
https://ekgurulearning.github.io/EkGuru/learn-hindi-for-vietnamese-speakers/pronunciation/index.html,https://ekguru.shop/learn-hindi-for-vietnamese-speakers/pronunciation/,learn-hindi-for-vietnamese-speakers,en,,https://ekguru.shop/learn-hindi-for-vietnamese-speakers/pronunciation/,"index, follow, max-snippet:-1, max-image-preview:large",yes,Hindi Pronunciation for Vietnamese Speakers | EkGuru,"The Hindi sounds a Vietnamese speaker gets free, the ones that need work, and a drill order that starts with your specific problem.",Hindi pronunciation for Vietnamese speakers,932,3,no,Article Language Organization Organization FAQPage Question Answer Question Answer Question Answer BreadcrumbList ListItem ListItem ListItem ListItem ListItem,0,A,
https://ekgurulearning.github.io/EkGuru/learn-hindi-from-afghanistan/index.html,https://ekguru.shop/learn-hindi-from-afghanistan/,learn-hindi-from-afghanistan,en,,https://ekguru.shop/learn-hindi-from-afghanistan/,"index, follow, max-snippet:-1, max-image-preview:large",yes,Learn Hindi from Afghanistan | EkGuru,"How to learn Hindi from Afghanistan: what makes it easier or harder from here, lesson times in local time, and free guides to start with.",Learn Hindi from Afghanistan,1078,14,no,WebPage Language Service Organization Country PostalAddress ServiceChannel Offer FAQPage Question Answer Question Answer Question Answer Question Answer BreadcrumbList ListItem ListItem ListItem ListItem,0,A,
https://ekgurulearning.github.io/EkGuru/learn-hindi-from-albania/index.html,https://ekguru.shop/learn-hindi-from-albania/,learn-hindi-from-albania,en,,https://ekguru.shop/learn-hindi-from-albania/,"index, follow, max-snippet:-1, max-image-preview:large",yes,Learn Hindi from Albania | EkGuru,"How to learn Hindi from Albania: what makes it easier or harder from here, lesson times in local time, and free guides to start with.",Learn Hindi from Albania,1023,13,no,WebPage Language Service Organization Country PostalAddress ServiceChannel Offer FAQPage Question Answer Question Answer Question Answer Question Answer BreadcrumbList ListItem ListItem ListItem ListItem,0,A,
https://ekgurulearning.github.io/EkGuru/learn-hindi-from-algeria/index.html,https://ekguru.shop/learn-hindi-from-algeria/,learn-hindi-from-algeria,en,,https://ekguru.shop/learn-hindi-from-algeria/,"index, follow, max-snippet:-1, max-image-preview:large",yes,Learn Hindi from Algeria | EkGuru,"How to learn Hindi from Algeria: what makes it easier or harder from here, lesson times in local time, and free guides to start with.",Learn Hindi from Algeria,1077,13,no,WebPage Language Service Organization Country PostalAddress ServiceChannel Offer FAQPage Question Answer Question Answer Question Answer Question Answer BreadcrumbList ListItem ListItem ListItem ListItem,0,A,
https://ekgurulearning.github.io/EkGuru/learn-hindi-from-argentina/index.html,https://ekguru.shop/learn-hindi-from-argentina/,learn-hindi-from-argentina,en,,https://ekguru.shop/learn-hindi-from-argentina/,"index, follow, max-snippet:-1, max-image-preview:large",yes,Learn Hindi from Argentina | EkGuru,"How to learn Hindi from Argentina: what makes it easier or harder from here, lesson times in local time, prices in ARS, and free guides to start with.",Learn Hindi from Argentina,1112,14,no,WebPage Language Service Organization Country PostalAddress ServiceChannel Offer FAQPage Question Answer Question Answer Question Answer Question Answer BreadcrumbList ListItem ListItem ListItem ListItem,0,A,
https://ekgurulearning.github.io/EkGuru/learn-hindi-from-armenia/index.html,https://ekguru.shop/learn-hindi-from-armenia/,learn-hindi-from-armenia,en,,https://ekguru.shop/learn-hindi-from-armenia/,"index, follow, max-snippet:-1, max-image-preview:large",yes,Learn Hindi from Armenia | EkGuru,"How to learn Hindi from Armenia: what makes it easier or harder from here, lesson times in local time, and free guides to start with.",Learn Hindi from Armenia,1035,13,no,WebPage Language Service Organization Country PostalAddress ServiceChannel Offer FAQPage Question Answer Question Answer Question Answer Question Answer BreadcrumbList ListItem ListItem ListItem ListItem,0,A,
https://ekgurulearning.github.io/EkGuru/learn-hindi-from-australia/index.html,https://ekguru.shop/learn-hindi-from-australia/,learn-hindi-from-australia,en,,https://ekguru.shop/learn-hindi-from-australia/,"index, follow, max-snippet:-1, max-image-preview:large",yes,Learn Hindi from Australia | EkGuru,"How to learn Hindi from Australia: what makes it easier or harder from here, lesson times in local time, prices in AUD, and free guides to start with.",Learn Hindi from Australia,1092,14,no,WebPage Language Service Organization Country PostalAddress ServiceChannel Offer FAQPage Question Answer Question Answer Question Answer Question Answer BreadcrumbList ListItem ListItem ListItem ListItem,0,A,
https://ekgurulearning.github.io/EkGuru/learn-hindi-from-austria/index.html,https://ekguru.shop/learn-hindi-from-austria/,learn-hindi-from-austria,en,,https://ekguru.shop/learn-hindi-from-austria/,"index, follow, max-snippet:-1, max-image-preview:large",yes,Learn Hindi from Austria | EkGuru,"How to learn Hindi from Austria: what makes it easier or harder from here, lesson times in local time, prices in EUR, and free guides to start with.",Learn Hindi from Austria,1102,14,no,WebPage Language Service Organization Country PostalAddress ServiceChannel Offer FAQPage Question Answer Question Answer Question Answer Question Answer BreadcrumbList ListItem ListItem ListItem ListItem,0,A,
https://ekgurulearning.github.io/EkGuru/learn-hindi-from-azerbaijan/index.html,https://ekguru.shop/learn-hindi-from-azerbaijan/,learn-hindi-from-azerbaijan,en,,https://ekguru.shop/learn-hindi-from-azerbaijan/,"index, follow, max-snippet:-1, max-image-preview:large",yes,Learn Hindi from Azerbaijan | EkGuru,"How to learn Hindi from Azerbaijan: what makes it easier or harder from here, lesson times in local time, and free guides to start with.",Learn Hindi from Azerbaijan,1032,13,no,WebPage Language Service Organization Country PostalAddress ServiceChannel Offer FAQPage Question Answer Question Answer Question Answer Question Answer BreadcrumbList ListItem ListItem ListItem ListItem,0,A,
https://ekgurulearning.github.io/EkGuru/learn-hindi-from-bahrain/index.html,https://ekguru.shop/learn-hindi-from-bahrain/,learn-hindi-from-bahrain,en,,https://ekguru.shop/learn-hindi-from-bahrain/,"index, follow, max-snippet:-1, max-image-preview:large",yes,Learn Hindi from Bahrain | EkGuru,"How to learn Hindi from Bahrain: what makes it easier or harder from here, lesson times in local time, and free guides to start with.",Learn Hindi from Bahrain,1079,14,no,WebPage Language Service Organization Country PostalAddress ServiceChannel Offer FAQPage Question Answer Question Answer Question Answer Question Answer BreadcrumbList ListItem ListItem ListItem ListItem,0,A,
https://ekgurulearning.github.io/EkGuru/learn-hindi-from-bangladesh/index.html,https://ekguru.shop/learn-hindi-from-bangladesh/,learn-hindi-from-bangladesh,en,,https://ekguru.shop/learn-hindi-from-bangladesh/,"index, follow, max-snippet:-1, max-image-preview:large",yes,Learn Hindi from Bangladesh | EkGuru,"How to learn Hindi from Bangladesh: what makes it easier or harder from here, lesson times in local time, prices in BDT, and free guides to start with.",Learn Hindi from Bangladesh,1067,14,no,WebPage Language Service Organization Country PostalAddress ServiceChannel Offer FAQPage Question Answer Question Answer Question Answer Question Answer BreadcrumbList ListItem ListItem ListItem ListItem,0,A,
https://ekgurulearning.github.io/EkGuru/learn-hindi-from-barbados/index.html,https://ekguru.shop/learn-hindi-from-barbados/,learn-hindi-from-barbados,en,,https://ekguru.shop/learn-hindi-from-barbados/,"index, follow, max-snippet:-1, max-image-preview:large",yes,Learn Hindi from Barbados | EkGuru,"How to learn Hindi from Barbados: what makes it easier or harder from here, lesson times in local time, and free guides to start with.",Learn Hindi from Barbados,1075,13,no,WebPage Language Service Organization Country PostalAddress ServiceChannel Offer FAQPage Question Answer Question Answer Question Answer Question Answer BreadcrumbList ListItem ListItem ListItem ListItem,0,A,
https://ekgurulearning.github.io/EkGuru/learn-hindi-from-belarus/index.html,https://ekguru.shop/learn-hindi-from-belarus/,learn-hindi-from-belarus,en,,https://ekguru.shop/learn-hindi-from-belarus/,"index, follow, max-snippet:-1, max-image-preview:large",yes,Learn Hindi from Belarus | EkGuru,"How to learn Hindi from Belarus: what makes it easier or harder from here, lesson times in local time, and free guides to start with.",Learn Hindi from Belarus,1086,14,no,WebPage Language Service Organization Country PostalAddress ServiceChannel Offer FAQPage Question Answer Question Answer Question Answer Question Answer BreadcrumbList ListItem ListItem ListItem ListItem,0,A,
https://ekgurulearning.github.io/EkGuru/learn-hindi-from-belgium/index.html,https://ekguru.shop/learn-hindi-from-belgium/,learn-hindi-from-belgium,en,,https://ekguru.shop/learn-hindi-from-belgium/,"index, follow, max-snippet:-1, max-image-preview:large",yes,Learn Hindi from Belgium | EkGuru,"How to learn Hindi from Belgium: what makes it easier or harder from here, lesson times in local time, prices in EUR, and free guides to start with.",Learn Hindi from Belgium,1115,15,no,WebPage Language Service Organization Country PostalAddress ServiceChannel Offer FAQPage Question Answer Question Answer Question Answer Question Answer BreadcrumbList ListItem ListItem ListItem ListItem,0,A,
https://ekgurulearning.github.io/EkGuru/learn-hindi-from-belize/index.html,https://ekguru.shop/learn-hindi-from-belize/,learn-hindi-from-belize,en,,https://ekguru.shop/learn-hindi-from-belize/,"index, follow, max-snippet:-1, max-image-preview:large",yes,Learn Hindi from Belize | EkGuru,"How to learn Hindi from Belize: what makes it easier or harder from here, lesson times in local time, and free guides to start with.",Learn Hindi from Belize,1082,13,no,WebPage Language Service Organization Country PostalAddress ServiceChannel Offer FAQPage Question Answer Question Answer Question Answer Question Answer BreadcrumbList ListItem ListItem ListItem ListItem,0,A,
https://ekgurulearning.github.io/EkGuru/learn-hindi-from-bhutan/index.html,https://ekguru.shop/learn-hindi-from-bhutan/,learn-hindi-from-bhutan,en,,https://ekguru.shop/learn-hindi-from-bhutan/,"index, follow, max-snippet:-1, max-image-preview:large",yes,Learn Hindi from Bhutan | EkGuru,"How to learn Hindi from Bhutan: what makes it easier or harder from here, lesson times in local time, and free guides to start with.",Learn Hindi from Bhutan,1023,13,no,WebPage Language Service Organization Country PostalAddress ServiceChannel Offer FAQPage Question Answer Question Answer Question Answer Question Answer BreadcrumbList ListItem ListItem ListItem ListItem,0,A,
https://ekgurulearning.github.io/EkGuru/learn-hindi-from-bolivia/index.html,https://ekguru.shop/learn-hindi-from-bolivia/,learn-hindi-from-bolivia,en,,https://ekguru.shop/learn-hindi-from-bolivia/,"index, follow, max-snippet:-1, max-image-preview:large",yes,Learn Hindi from Bolivia | EkGuru,"How to learn Hindi from Bolivia: what makes it easier or harder from here, lesson times in local time, and free guides to start with.",Learn Hindi from Bolivia,1096,14,no,WebPage Language Service Organization Country PostalAddress ServiceChannel Offer FAQPage Question Answer Question Answer Question Answer Question Answer BreadcrumbList ListItem ListItem ListItem ListItem,0,A,
https://ekgurulearning.github.io/EkGuru/learn-hindi-from-bosnia-and-herzegovina/index.html,https://ekguru.shop/learn-hindi-from-bosnia-and-herzegovina/,learn-hindi-from-bosnia-and-herzegovina,en,,https://ekguru.shop/learn-hindi-from-bosnia-and-herzegovina/,"index, follow, max-snippet:-1, max-image-preview:large",yes,Learn Hindi from Bosnia and Herzegovina | EkGuru,"How to learn Hindi from Bosnia and Herzegovina: what makes it easier or harder from here, lesson times in local time, and free guides to start with.",Learn Hindi from Bosnia and Herzegovina,1052,13,no,WebPage Language Service Organization Country PostalAddress ServiceChannel Offer FAQPage Question Answer Question Answer Question Answer Question Answer BreadcrumbList ListItem ListItem ListItem ListItem,0,A,
https://ekgurulearning.github.io/EkGuru/learn-hindi-from-botswana/index.html,https://ekguru.shop/learn-hindi-from-botswana/,learn-hindi-from-botswana,en,,https://ekguru.shop/learn-hindi-from-botswana/,"index, follow, max-snippet:-1, max-image-preview:large",yes,Learn Hindi from Botswana | EkGuru,"How to learn Hindi from Botswana: what makes it easier or harder from here, lesson times in local time, and free guides to start with.",Learn Hindi from Botswana,1071,13,no,WebPage Language Service Organization Country PostalAddress ServiceChannel Offer FAQPage Question Answer Question Answer Question Answer Question Answer BreadcrumbList ListItem ListItem ListItem ListItem,0,A,
https://ekgurulearning.github.io/EkGuru/learn-hindi-from-brazil/index.html,https://ekguru.shop/learn-hindi-from-brazil/,learn-hindi-from-brazil,en,,https://ekguru.shop/learn-hindi-from-brazil/,"index, follow, max-snippet:-1, max-image-preview:large",yes,Learn Hindi from Brazil | EkGuru,"How to learn Hindi from Brazil: what makes it easier or harder from here, lesson times in local time, prices in BRL, and free guides to start with.",Learn Hindi from Brazil,1137,14,no,WebPage Language Service Organization Country PostalAddress ServiceChannel Offer FAQPage Question Answer Question Answer Question Answer Question Answer BreadcrumbList ListItem ListItem ListItem ListItem,0,A,
https://ekgurulearning.github.io/EkGuru/learn-hindi-from-brunei/index.html,https://ekguru.shop/learn-hindi-from-brunei/,learn-hindi-from-brunei,en,,https://ekguru.shop/learn-hindi-from-brunei/,"index, follow, max-snippet:-1, max-image-preview:large",yes,Learn Hindi from Brunei | EkGuru,"How to learn Hindi from Brunei: what makes it easier or harder from here, lesson times in local time, and free guides to start with.",Learn Hindi from Brunei,1086,14,no,WebPage Language Service Organization Country PostalAddress ServiceChannel Offer FAQPage Question Answer Question Answer Question Answer Question Answer BreadcrumbList ListItem ListItem ListItem ListItem,0,A,
https://ekgurulearning.github.io/EkGuru/learn-hindi-from-bulgaria/index.html,https://ekguru.shop/learn-hindi-from-bulgaria/,learn-hindi-from-bulgaria,en,,https://ekguru.shop/learn-hindi-from-bulgaria/,"index, follow, max-snippet:-1, max-image-preview:large",yes,Learn Hindi from Bulgaria | EkGuru,"How to learn Hindi from Bulgaria: what makes it easier or harder from here, lesson times in local time, and free guides to start with.",Learn Hindi from Bulgaria,1044,13,no,WebPage Language Service Organization Country PostalAddress ServiceChannel Offer FAQPage Question Answer Question Answer Question Answer Question Answer BreadcrumbList ListItem ListItem ListItem ListItem,0,A,
https://ekgurulearning.github.io/EkGuru/learn-hindi-from-cambodia/index.html,https://ekguru.shop/learn-hindi-from-cambodia/,learn-hindi-from-cambodia,en,,https://ekguru.shop/learn-hindi-from-cambodia/,"index, follow, max-snippet:-1, max-image-preview:large",yes,Learn Hindi from Cambodia | EkGuru,"How to learn Hindi from Cambodia: what makes it easier or harder from here, lesson times in local time, and free guides to start with.",Learn Hindi from Cambodia,1040,13,no,WebPage Language Service Organization Country PostalAddress ServiceChannel Offer FAQPage Question Answer Question Answer Question Answer Question Answer BreadcrumbList ListItem ListItem ListItem ListItem,0,A,
https://ekgurulearning.github.io/EkGuru/learn-hindi-from-cameroon/index.html,https://ekguru.shop/learn-hindi-from-cameroon/,learn-hindi-from-cameroon,en,,https://ekguru.shop/learn-hindi-from-cameroon/,"index, follow, max-snippet:-1, max-image-preview:large",yes,Learn Hindi from Cameroon | EkGuru,"How to learn Hindi from Cameroon: what makes it easier or harder from here, lesson times in local time, and free guides to start with.",Learn Hindi from Cameroon,1082,13,no,WebPage Language Service Organization Country PostalAddress ServiceChannel Offer FAQPage Question Answer Question Answer Question Answer Question Answer BreadcrumbList ListItem ListItem ListItem ListItem,0,A,
https://ekgurulearning.github.io/EkGuru/learn-hindi-from-canada/index.html,https://ekguru.shop/learn-hindi-from-canada/,learn-hindi-from-canada,en,,https://ekguru.shop/learn-hindi-from-canada/,"index, follow, max-snippet:-1, max-image-preview:large",yes,Learn Hindi from Canada | EkGuru,"How to learn Hindi from Canada: what makes it easier or harder from here, lesson times in local time, prices in CAD, and free guides to start with.",Learn Hindi from Canada,1140,16,no,WebPage Language Service Organization Country PostalAddress ServiceChannel Offer FAQPage Question Answer Question Answer Question Answer Question Answer BreadcrumbList ListItem ListItem ListItem ListItem,0,A,
https://ekgurulearning.github.io/EkGuru/learn-hindi-from-chile/index.html,https://ekguru.shop/learn-hindi-from-chile/,learn-hindi-from-chile,en,,https://ekguru.shop/learn-hindi-from-chile/,"index, follow, max-snippet:-1, max-image-preview:large",yes,Learn Hindi from Chile | EkGuru,"How to learn Hindi from Chile: what makes it easier or harder from here, lesson times in local time, prices in CLP, and free guides to start with.",Learn Hindi from Chile,1123,14,no,WebPage Language Service Organization Country PostalAddress ServiceChannel Offer FAQPage Question Answer Question Answer Question Answer Question Answer BreadcrumbList ListItem ListItem ListItem ListItem,0,A,
https://ekgurulearning.github.io/EkGuru/learn-hindi-from-china/index.html,https://ekguru.shop/learn-hindi-from-china/,learn-hindi-from-china,en,,https://ekguru.shop/learn-hindi-from-china/,"index, follow, max-snippet:-1, max-image-preview:large",yes,Learn Hindi from China | EkGuru,"How to learn Hindi from China: what makes it easier or harder from here, lesson times in local time, prices in CNY, and free guides to start with.",Learn Hindi from China,1095,14,no,WebPage Language Service Organization Country PostalAddress ServiceChannel Offer FAQPage Question Answer Question Answer Question Answer Question Answer BreadcrumbList ListItem ListItem ListItem ListItem,0,A,
https://ekgurulearning.github.io/EkGuru/learn-hindi-from-colombia/index.html,https://ekguru.shop/learn-hindi-from-colombia/,learn-hindi-from-colombia,en,,https://ekguru.shop/learn-hindi-from-colombia/,"index, follow, max-snippet:-1, max-image-preview:large",yes,Learn Hindi from Colombia | EkGuru,"How to learn Hindi from Colombia: what makes it easier or harder from here, lesson times in local time, prices in COP, and free guides to start with.",Learn Hindi from Colombia,1116,14,no,WebPage Language Service Organization Country PostalAddress ServiceChannel Offer FAQPage Question Answer Question Answer Question Answer Question Answer BreadcrumbList ListItem ListItem ListItem ListItem,0,A,
https://ekgurulearning.github.io/EkGuru/learn-hindi-from-comoros/index.html,https://ekguru.shop/learn-hindi-from-comoros/,learn-hindi-from-comoros,en,,https://ekguru.shop/learn-hindi-from-comoros/,"index, follow, max-snippet:-1, max-image-preview:large",yes,Learn Hindi from Comoros | EkGuru,"How to learn Hindi from Comoros: what makes it easier or harder from here, lesson times in local time, and free guides to start with.",Learn Hindi from Comoros,1096,13,no,WebPage Language Service Organization Country PostalAddress ServiceChannel Offer FAQPage Question Answer Question Answer Question Answer Question Answer BreadcrumbList ListItem ListItem ListItem ListItem,0,A,
https://ekgurulearning.github.io/EkGuru/learn-hindi-from-congo/index.html,https://ekguru.shop/learn-hindi-from-congo/,learn-hindi-from-congo,en,,https://ekguru.shop/learn-hindi-from-congo/,"index, follow, max-snippet:-1, max-image-preview:large",yes,Learn Hindi from Republic of the Congo | EkGuru,"How to learn Hindi from Republic of the Congo: what makes it easier or harder from here, lesson times in local time, and free guides to start with.",Learn Hindi from Republic of the Congo,1115,13,no,WebPage Language Service Organization Country PostalAddress ServiceChannel Offer FAQPage Question Answer Question Answer Question Answer Question Answer BreadcrumbList ListItem ListItem ListItem ListItem,0,A,
https://ekgurulearning.github.io/EkGuru/learn-hindi-from-costa-rica/index.html,https://ekguru.shop/learn-hindi-from-costa-rica/,learn-hindi-from-costa-rica,en,,https://ekguru.shop/learn-hindi-from-costa-rica/,"index, follow, max-snippet:-1, max-image-preview:large",yes,Learn Hindi from Costa Rica | EkGuru,"How to learn Hindi from Costa Rica: what makes it easier or harder from here, lesson times in local time, and free guides to start with.",Learn Hindi from Costa Rica,1098,13,no,WebPage Language Service Organization Country PostalAddress ServiceChannel Offer FAQPage Question Answer Question Answer Question Answer Question Answer BreadcrumbList ListItem ListItem ListItem ListItem,0,A,
https://ekgurulearning.github.io/EkGuru/learn-hindi-from-cote-divoire/index.html,https://ekguru.shop/learn-hindi-from-cote-divoire/,learn-hindi-from-cote-divoire,en,,https://ekguru.shop/learn-hindi-from-cote-divoire/,"index, follow, max-snippet:-1, max-image-preview:large",yes,Learn Hindi from Côte d'Ivoire | EkGuru,"How to learn Hindi from Côte d'Ivoire: what makes it easier or harder from here, lesson times in local time, and free guides to start with.",Learn Hindi from Côte d'Ivoire,1080,14,no,WebPage Language Service Organization Country PostalAddress ServiceChannel Offer FAQPage Question Answer Question Answer Question Answer Question Answer BreadcrumbList ListItem ListItem ListItem ListItem,0,A,
https://ekgurulearning.github.io/EkGuru/learn-hindi-from-croatia/index.html,https://ekguru.shop/learn-hindi-from-croatia/,learn-hindi-from-croatia,en,,https://ekguru.shop/learn-hindi-from-croatia/,"index, follow, max-snippet:-1, max-image-preview:large",yes,Learn Hindi from Croatia | EkGuru,"How to learn Hindi from Croatia: what makes it easier or harder from here, lesson times in local time, prices in EUR, and free guides to start with.",Learn Hindi from Croatia,1046,13,no,WebPage Language Service Organization Country PostalAddress ServiceChannel Offer FAQPage Question Answer Question Answer Question Answer Question Answer BreadcrumbList ListItem ListItem ListItem ListItem,0,A,
https://ekgurulearning.github.io/EkGuru/learn-hindi-from-cuba/index.html,https://ekguru.shop/learn-hindi-from-cuba/,learn-hindi-from-cuba,en,,https://ekguru.shop/learn-hindi-from-cuba/,"index, follow, max-snippet:-1, max-image-preview:large",yes,Learn Hindi from Cuba | EkGuru,"How to learn Hindi from Cuba: what makes it easier or harder from here, lesson times in local time, and free guides to start with.",Learn Hindi from Cuba,1077,13,no,WebPage Language Service Organization Country PostalAddress ServiceChannel Offer FAQPage Question Answer Question Answer Question Answer Question Answer BreadcrumbList ListItem ListItem ListItem ListItem,0,A,
https://ekgurulearning.github.io/EkGuru/learn-hindi-from-cyprus/index.html,https://ekguru.shop/learn-hindi-from-cyprus/,learn-hindi-from-cyprus,en,,https://ekguru.shop/learn-hindi-from-cyprus/,"index, follow, max-snippet:-1, max-image-preview:large",yes,Learn Hindi from Cyprus | EkGuru,"How to learn Hindi from Cyprus: what makes it easier or harder from here, lesson times in local time, prices in EUR, and free guides to start with.",Learn Hindi from Cyprus,1103,13,no,WebPage Language Service Organization Country PostalAddress ServiceChannel Offer FAQPage Question Answer Question Answer Question Answer Question Answer BreadcrumbList ListItem ListItem ListItem ListItem,0,A,
https://ekgurulearning.github.io/EkGuru/learn-hindi-from-czechia/index.html,https://ekguru.shop/learn-hindi-from-czechia/,learn-hindi-from-czechia,en,,https://ekguru.shop/learn-hindi-from-czechia/,"index, follow, max-snippet:-1, max-image-preview:large",yes,Learn Hindi from Czechia | EkGuru,"How to learn Hindi from Czechia: what makes it easier or harder from here, lesson times in local time, prices in CZK, and free guides to start with.",Learn Hindi from Czechia,1039,13,no,WebPage Language Service Organization Country PostalAddress ServiceChannel Offer FAQPage Question Answer Question Answer Question Answer Question Answer BreadcrumbList ListItem ListItem ListItem ListItem,0,A,
https://ekgurulearning.github.io/EkGuru/learn-hindi-from-denmark/index.html,https://ekguru.shop/learn-hindi-from-denmark/,learn-hindi-from-denmark,en,,https://ekguru.shop/learn-hindi-from-denmark/,"index, follow, max-snippet:-1, max-image-preview:large",yes,Learn Hindi from Denmark | EkGuru,"How to learn Hindi from Denmark: what makes it easier or harder from here, lesson times in local time, prices in DKK, and free guides to start with.",Learn Hindi from Denmark,1054,13,no,WebPage Language Service Organization Country PostalAddress ServiceChannel Offer FAQPage Question Answer Question Answer Question Answer Question Answer BreadcrumbList ListItem ListItem ListItem ListItem,0,A,
https://ekgurulearning.github.io/EkGuru/learn-hindi-from-djibouti/index.html,https://ekguru.shop/learn-hindi-from-djibouti/,learn-hindi-from-djibouti,en,,https://ekguru.shop/learn-hindi-from-djibouti/,"index, follow, max-snippet:-1, max-image-preview:large",yes,Learn Hindi from Djibouti | EkGuru,"How to learn Hindi from Djibouti: what makes it easier or harder from here, lesson times in local time, and free guides to start with.",Learn Hindi from Djibouti,1095,13,no,WebPage Language Service Organization Country PostalAddress ServiceChannel Offer FAQPage Question Answer Question Answer Question Answer Question Answer BreadcrumbList ListItem ListItem ListItem ListItem,0,A,
https://ekgurulearning.github.io/EkGuru/learn-hindi-from-dominican-republic/index.html,https://ekguru.shop/learn-hindi-from-dominican-republic/,learn-hindi-from-dominican-republic,en,,https://ekguru.shop/learn-hindi-from-dominican-republic/,"index, follow, max-snippet:-1, max-image-preview:large",yes,Learn Hindi from Dominican Republic | EkGuru,"How to learn Hindi from Dominican Republic: what makes it easier or harder from here, lesson times in local time, and free guides to start with.",Learn Hindi from Dominican Republic,1095,13,no,WebPage Language Service Organization Country PostalAddress ServiceChannel Offer FAQPage Question Answer Question Answer Question Answer Question Answer BreadcrumbList ListItem ListItem ListItem ListItem,0,A,
https://ekgurulearning.github.io/EkGuru/learn-hindi-from-dr-congo/index.html,https://ekguru.shop/learn-hindi-from-dr-congo/,learn-hindi-from-dr-congo,en,,https://ekguru.shop/learn-hindi-from-dr-congo/,"index, follow, max-snippet:-1, max-image-preview:large",yes,Learn Hindi from Democratic Republic of the Congo | EkGuru,"How to learn Hindi from Democratic Republic of the Congo: what makes it easier or harder from here, lesson times in local time, and free guides to start with.",Learn Hindi from Democratic Republic of the Congo,1118,13,no,WebPage Language Service Organization Country PostalAddress ServiceChannel Offer FAQPage Question Answer Question Answer Question Answer Question Answer BreadcrumbList ListItem ListItem ListItem ListItem,0,A,
https://ekgurulearning.github.io/EkGuru/learn-hindi-from-ecuador/index.html,https://ekguru.shop/learn-hindi-from-ecuador/,learn-hindi-from-ecuador,en,,https://ekguru.shop/learn-hindi-from-ecuador/,"index, follow, max-snippet:-1, max-image-preview:large",yes,Learn Hindi from Ecuador | EkGuru,"How to learn Hindi from Ecuador: what makes it easier or harder from here, lesson times in local time, and free guides to start with.",Learn Hindi from Ecuador,1088,14,no,WebPage Language Service Organization Country PostalAddress ServiceChannel Offer FAQPage Question Answer Question Answer Question Answer Question Answer BreadcrumbList ListItem ListItem ListItem ListItem,0,A,
https://ekgurulearning.github.io/EkGuru/learn-hindi-from-egypt/index.html,https://ekguru.shop/learn-hindi-from-egypt/,learn-hindi-from-egypt,en,,https://ekguru.shop/learn-hindi-from-egypt/,"index, follow, max-snippet:-1, max-image-preview:large",yes,Learn Hindi from Egypt | EkGuru,"How to learn Hindi from Egypt: what makes it easier or harder from here, lesson times in local time, prices in EGP, and free guides to start with.",Learn Hindi from Egypt,1123,14,no,WebPage Language Service Organization Country PostalAddress ServiceChannel Offer FAQPage Question Answer Question Answer Question Answer Question Answer BreadcrumbList ListItem ListItem ListItem ListItem,0,A,
https://ekgurulearning.github.io/EkGuru/learn-hindi-from-el-salvador/index.html,https://ekguru.shop/learn-hindi-from-el-salvador/,learn-hindi-from-el-salvador,en,,https://ekguru.shop/learn-hindi-from-el-salvador/,"index, follow, max-snippet:-1, max-image-preview:large",yes,Learn Hindi from El Salvador | EkGuru,"How to learn Hindi from El Salvador: what makes it easier or harder from here, lesson times in local time, and free guides to start with.",Learn Hindi from El Salvador,1105,13,no,WebPage Language Service Organization Country PostalAddress ServiceChannel Offer FAQPage Question Answer Question Answer Question Answer Question Answer BreadcrumbList ListItem ListItem ListItem ListItem,0,A,
https://ekgurulearning.github.io/EkGuru/learn-hindi-from-eritrea/index.html,https://ekguru.shop/learn-hindi-from-eritrea/,learn-hindi-from-eritrea,en,,https://ekguru.shop/learn-hindi-from-eritrea/,"index, follow, max-snippet:-1, max-image-preview:large",yes,Learn Hindi from Eritrea | EkGuru,"How to learn Hindi from Eritrea: what makes it easier or harder from here, lesson times in local time, and free guides to start with.",Learn Hindi from Eritrea,1069,13,no,WebPage Language Service Organization Country PostalAddress ServiceChannel Offer FAQPage Question Answer Question Answer Question Answer Question Answer BreadcrumbList ListItem ListItem ListItem ListItem,0,A,
https://ekgurulearning.github.io/EkGuru/learn-hindi-from-estonia/index.html,https://ekguru.shop/learn-hindi-from-estonia/,learn-hindi-from-estonia,en,,https://ekguru.shop/learn-hindi-from-estonia/,"index, follow, max-snippet:-1, max-image-preview:large",yes,Learn Hindi from Estonia | EkGuru,"How to learn Hindi from Estonia: what makes it easier or harder from here, lesson times in local time, prices in EUR, and free guides to start with.",Learn Hindi from Estonia,1045,13,no,WebPage Language Service Organization Country PostalAddress ServiceChannel Offer FAQPage Question Answer Question Answer Question Answer Question Answer BreadcrumbList ListItem ListItem ListItem ListItem,0,A,
https://ekgurulearning.github.io/EkGuru/learn-hindi-from-eswatini/index.html,https://ekguru.shop/learn-hindi-from-eswatini/,learn-hindi-from-eswatini,en,,https://ekguru.shop/learn-hindi-from-eswatini/,"index, follow, max-snippet:-1, max-image-preview:large",yes,Learn Hindi from Eswatini | EkGuru,"How to learn Hindi from Eswatini: what makes it easier or harder from here, lesson times in local time, and free guides to start with.",Learn Hindi from Eswatini,1060,13,no,WebPage Language Service Organization Country PostalAddress ServiceChannel Offer FAQPage Question Answer Question Answer Question Answer Question Answer BreadcrumbList ListItem ListItem ListItem ListItem,0,A,
https://ekgurulearning.github.io/EkGuru/learn-hindi-from-ethiopia/index.html,https://ekguru.shop/learn-hindi-from-ethiopia/,learn-hindi-from-ethiopia,en,,https://ekguru.shop/learn-hindi-from-ethiopia/,"index, follow, max-snippet:-1, max-image-preview:large",yes,Learn Hindi from Ethiopia | EkGuru,"How to learn Hindi from Ethiopia: what makes it easier or harder from here, lesson times in local time, and free guides to start with.",Learn Hindi from Ethiopia,1021,13,no,WebPage Language Service Organization Country PostalAddress ServiceChannel Offer FAQPage Question Answer Question Answer Question Answer Question Answer BreadcrumbList ListItem ListItem ListItem ListItem,0,A,
https://ekgurulearning.github.io/EkGuru/learn-hindi-from-fiji/index.html,https://ekguru.shop/learn-hindi-from-fiji/,learn-hindi-from-fiji,en,,https://ekguru.shop/learn-hindi-from-fiji/,"index, follow, max-snippet:-1, max-image-preview:large",yes,Learn Hindi from Fiji | EkGuru,"How to learn Hindi from Fiji: what makes it easier or harder from here, lesson times in local time, prices in FJD, and free guides to start with.",Learn Hindi from Fiji,1080,13,no,WebPage Language Service Organization Country PostalAddress ServiceChannel Offer FAQPage Question Answer Question Answer Question Answer Question Answer BreadcrumbList ListItem ListItem ListItem ListItem,0,A,
https://ekgurulearning.github.io/EkGuru/learn-hindi-from-finland/index.html,https://ekguru.shop/learn-hindi-from-finland/,learn-hindi-from-finland,en,,https://ekguru.shop/learn-hindi-from-finland/,"index, follow, max-snippet:-1, max-image-preview:large",yes,Learn Hindi from Finland | EkGuru,"How to learn Hindi from Finland: what makes it easier or harder from here, lesson times in local time, prices in EUR, and free guides to start with.",Learn Hindi from Finland,1033,13,no,WebPage Language Service Organization Country PostalAddress ServiceChannel Offer FAQPage Question Answer Question Answer Question Answer Question Answer BreadcrumbList ListItem ListItem ListItem ListItem,0,A,
https://ekgurulearning.github.io/EkGuru/learn-hindi-from-france/index.html,https://ekguru.shop/learn-hindi-from-france/,learn-hindi-from-france,en,,https://ekguru.shop/learn-hindi-from-france/,"index, follow, max-snippet:-1, max-image-preview:large",yes,Learn Hindi from France | EkGuru,"How to learn Hindi from France: what makes it easier or harder from here, lesson times in local time, prices in EUR, and free guides to start with.",Learn Hindi from France,1127,14,no,WebPage Language Service Organization Country PostalAddress ServiceChannel Offer FAQPage Question Answer Question Answer Question Answer Question Answer BreadcrumbList ListItem ListItem ListItem ListItem,0,A,
https://ekgurulearning.github.io/EkGuru/learn-hindi-from-gabon/index.html,https://ekguru.shop/learn-hindi-from-gabon/,learn-hindi-from-gabon,en,,https://ekguru.shop/learn-hindi-from-gabon/,"index, follow, max-snippet:-1, max-image-preview:large",yes,Learn Hindi from Gabon | EkGuru,"How to learn Hindi from Gabon: what makes it easier or harder from here, lesson times in local time, and free guides to start with.",Learn Hindi from Gabon,1070,13,no,WebPage Language Service Organization Country PostalAddress ServiceChannel Offer FAQPage Question Answer Question Answer Question Answer Question Answer BreadcrumbList ListItem ListItem ListItem ListItem,0,A,
https://ekgurulearning.github.io/EkGuru/learn-hindi-from-georgia/index.html,https://ekguru.shop/learn-hindi-from-georgia/,learn-hindi-from-georgia,en,,https://ekguru.shop/learn-hindi-from-georgia/,"index, follow, max-snippet:-1, max-image-preview:large",yes,Learn Hindi from Georgia | EkGuru,"How to learn Hindi from Georgia: what makes it easier or harder from here, lesson times in local time, and free guides to start with.",Learn Hindi from Georgia,1049,13,no,WebPage Language Service Organization Country PostalAddress ServiceChannel Offer FAQPage Question Answer Question Answer Question Answer Question Answer BreadcrumbList ListItem ListItem ListItem ListItem,0,A,
https://ekgurulearning.github.io/EkGuru/learn-hindi-from-germany/index.html,https://ekguru.shop/learn-hindi-from-germany/,learn-hindi-from-germany,en,,https://ekguru.shop/learn-hindi-from-germany/,"index, follow, max-snippet:-1, max-image-preview:large",yes,Learn Hindi from Germany | EkGuru,"How to learn Hindi from Germany: what makes it easier or harder from here, lesson times in local time, prices in EUR, and free guides to start with.",Learn Hindi from Germany,1145,14,no,WebPage Language Service Organization Country PostalAddress ServiceChannel Offer FAQPage Question Answer Question Answer Question Answer Question Answer BreadcrumbList ListItem ListItem ListItem ListItem,0,A,
https://ekgurulearning.github.io/EkGuru/learn-hindi-from-ghana/index.html,https://ekguru.shop/learn-hindi-from-ghana/,learn-hindi-from-ghana,en,,https://ekguru.shop/learn-hindi-from-ghana/,"index, follow, max-snippet:-1, max-image-preview:large",yes,Learn Hindi from Ghana | EkGuru,"How to learn Hindi from Ghana: what makes it easier or harder from here, lesson times in local time, prices in GHS, and free guides to start with.",Learn Hindi from Ghana,1101,14,no,WebPage Language Service Organization Country PostalAddress ServiceChannel Offer FAQPage Question Answer Question Answer Question Answer Question Answer BreadcrumbList ListItem ListItem ListItem ListItem,0,A,
https://ekgurulearning.github.io/EkGuru/learn-hindi-from-greece/index.html,https://ekguru.shop/learn-hindi-from-greece/,learn-hindi-from-greece,en,,https://ekguru.shop/learn-hindi-from-greece/,"index, follow, max-snippet:-1, max-image-preview:large",yes,Learn Hindi from Greece | EkGuru,"How to learn Hindi from Greece: what makes it easier or harder from here, lesson times in local time, prices in EUR, and free guides to start with.",Learn Hindi from Greece,1042,13,no,WebPage Language Service Organization Country PostalAddress ServiceChannel Offer FAQPage Question Answer Question Answer Question Answer Question Answer BreadcrumbList ListItem ListItem ListItem ListItem,0,A,
https://ekgurulearning.github.io/EkGuru/learn-hindi-from-grenada/index.html,https://ekguru.shop/learn-hindi-from-grenada/,learn-hindi-from-grenada,en,,https://ekguru.shop/learn-hindi-from-grenada/,"index, follow, max-snippet:-1, max-image-preview:large",yes,Learn Hindi from Grenada | EkGuru,"How to learn Hindi from Grenada: what makes it easier or harder from here, lesson times in local time, and free guides to start with.",Learn Hindi from Grenada,1078,13,no,WebPage Language Service Organization Country PostalAddress ServiceChannel Offer FAQPage Question Answer Question Answer Question Answer Question Answer BreadcrumbList ListItem ListItem ListItem ListItem,0,A,
https://ekgurulearning.github.io/EkGuru/learn-hindi-from-guatemala/index.html,https://ekguru.shop/learn-hindi-from-guatemala/,learn-hindi-from-guatemala,en,,https://ekguru.shop/learn-hindi-from-guatemala/,"index, follow, max-snippet:-1, max-image-preview:large",yes,Learn Hindi from Guatemala | EkGuru,"How to learn Hindi from Guatemala: what makes it easier or harder from here, lesson times in local time, and free guides to start with.",Learn Hindi from Guatemala,1083,13,no,WebPage Language Service Organization Country PostalAddress ServiceChannel Offer FAQPage Question Answer Question Answer Question Answer Question Answer BreadcrumbList ListItem ListItem ListItem ListItem,0,A,
https://ekgurulearning.github.io/EkGuru/learn-hindi-from-guyana/index.html,https://ekguru.shop/learn-hindi-from-guyana/,learn-hindi-from-guyana,en,,https://ekguru.shop/learn-hindi-from-guyana/,"index, follow, max-snippet:-1, max-image-preview:large",yes,Learn Hindi from Guyana | EkGuru,"How to learn Hindi from Guyana: what makes it easier or harder from here, lesson times in local time, and free guides to start with.",Learn Hindi from Guyana,1053,13,no,WebPage Language Service Organization Country PostalAddress ServiceChannel Offer FAQPage Question Answer Question Answer Question Answer Question Answer BreadcrumbList ListItem ListItem ListItem ListItem,0,A,
https://ekgurulearning.github.io/EkGuru/learn-hindi-from-haiti/index.html,https://ekguru.shop/learn-hindi-from-haiti/,learn-hindi-from-haiti,en,,https://ekguru.shop/learn-hindi-from-haiti/,"index, follow, max-snippet:-1, max-image-preview:large",yes,Learn Hindi from Haiti | EkGuru,"How to learn Hindi from Haiti: what makes it easier or harder from here, lesson times in local time, and free guides to start with.",Learn Hindi from Haiti,1085,13,no,WebPage Language Service Organization Country PostalAddress ServiceChannel Offer FAQPage Question Answer Question Answer Question Answer Question Answer BreadcrumbList ListItem ListItem ListItem ListItem,0,A,
https://ekgurulearning.github.io/EkGuru/learn-hindi-from-honduras/index.html,https://ekguru.shop/learn-hindi-from-honduras/,learn-hindi-from-honduras,en,,https://ekguru.shop/learn-hindi-from-honduras/,"index, follow, max-snippet:-1, max-image-preview:large",yes,Learn Hindi from Honduras | EkGuru,"How to learn Hindi from Honduras: what makes it easier or harder from here, lesson times in local time, and free guides to start with.",Learn Hindi from Honduras,1076,13,no,WebPage Language Service Organization Country PostalAddress ServiceChannel Offer FAQPage Question Answer Question Answer Question Answer Question Answer BreadcrumbList ListItem ListItem ListItem ListItem,0,A,
https://ekgurulearning.github.io/EkGuru/learn-hindi-from-hungary/index.html,https://ekguru.shop/learn-hindi-from-hungary/,learn-hindi-from-hungary,en,,https://ekguru.shop/learn-hindi-from-hungary/,"index, follow, max-snippet:-1, max-image-preview:large",yes,Learn Hindi from Hungary | EkGuru,"How to learn Hindi from Hungary: what makes it easier or harder from here, lesson times in local time, prices in HUF, and free guides to start with.",Learn Hindi from Hungary,1029,13,no,WebPage Language Service Organization Country PostalAddress ServiceChannel Offer FAQPage Question Answer Question Answer Question Answer Question Answer BreadcrumbList ListItem ListItem ListItem ListItem,0,A,
https://ekgurulearning.github.io/EkGuru/learn-hindi-from-iceland/index.html,https://ekguru.shop/learn-hindi-from-iceland/,learn-hindi-from-iceland,en,,https://ekguru.shop/learn-hindi-from-iceland/,"index, follow, max-snippet:-1, max-image-preview:large",yes,Learn Hindi from Iceland | EkGuru,"How to learn Hindi from Iceland: what makes it easier or harder from here, lesson times in local time, and free guides to start with.",Learn Hindi from Iceland,1024,13,no,WebPage Language Service Organization Country PostalAddress ServiceChannel Offer FAQPage Question Answer Question Answer Question Answer Question Answer BreadcrumbList ListItem ListItem ListItem ListItem,0,A,
https://ekgurulearning.github.io/EkGuru/learn-hindi-from-india/index.html,https://ekguru.shop/learn-hindi-from-india/,learn-hindi-from-india,en,,https://ekguru.shop/learn-hindi-from-india/,"index, follow, max-snippet:-1, max-image-preview:large",yes,Learn Hindi from India | EkGuru,"How to learn Hindi from India: what makes it easier or harder from here, lesson times in local time, prices in INR, and free guides to start with.",Learn Hindi from India,1083,21,no,WebPage Language Service Organization Country PostalAddress ServiceChannel Offer FAQPage Question Answer Question Answer Question Answer Question Answer BreadcrumbList ListItem ListItem ListItem ListItem,0,A,
https://ekgurulearning.github.io/EkGuru/learn-hindi-from-indonesia/index.html,https://ekguru.shop/learn-hindi-from-indonesia/,learn-hindi-from-indonesia,en,,https://ekguru.shop/learn-hindi-from-indonesia/,"index, follow, max-snippet:-1, max-image-preview:large",yes,Learn Hindi from Indonesia | EkGuru,"How to learn Hindi from Indonesia: what makes it easier or harder from here, lesson times in local time, prices in IDR, and free guides to start with.",Learn Hindi from Indonesia,1101,14,no,WebPage Language Service Organization Country PostalAddress ServiceChannel Offer FAQPage Question Answer Question Answer Question Answer Question Answer BreadcrumbList ListItem ListItem ListItem ListItem,0,A,
https://ekgurulearning.github.io/EkGuru/learn-hindi-from-iran/index.html,https://ekguru.shop/learn-hindi-from-iran/,learn-hindi-from-iran,en,,https://ekguru.shop/learn-hindi-from-iran/,"index, follow, max-snippet:-1, max-image-preview:large",yes,Learn Hindi from Iran | EkGuru,"How to learn Hindi from Iran: what makes it easier or harder from here, lesson times in local time, and free guides to start with.",Learn Hindi from Iran,1047,14,no,WebPage Language Service Organization Country PostalAddress ServiceChannel Offer FAQPage Question Answer Question Answer Question Answer Question Answer BreadcrumbList ListItem ListItem ListItem ListItem,0,A,
https://ekgurulearning.github.io/EkGuru/learn-hindi-from-iraq/index.html,https://ekguru.shop/learn-hindi-from-iraq/,learn-hindi-from-iraq,en,,https://ekguru.shop/learn-hindi-from-iraq/,"index, follow, max-snippet:-1, max-image-preview:large",yes,Learn Hindi from Iraq | EkGuru,"How to learn Hindi from Iraq: what makes it easier or harder from here, lesson times in local time, and free guides to start with.",Learn Hindi from Iraq,1077,14,no,WebPage Language Service Organization Country PostalAddress ServiceChannel Offer FAQPage Question Answer Question Answer Question Answer Question Answer BreadcrumbList ListItem ListItem ListItem ListItem,0,A,
https://ekgurulearning.github.io/EkGuru/learn-hindi-from-ireland/index.html,https://ekguru.shop/learn-hindi-from-ireland/,learn-hindi-from-ireland,en,,https://ekguru.shop/learn-hindi-from-ireland/,"index, follow, max-snippet:-1, max-image-preview:large",yes,Learn Hindi from Ireland | EkGuru,"How to learn Hindi from Ireland: what makes it easier or harder from here, lesson times in local time, prices in EUR, and free guides to start with.",Learn Hindi from Ireland,1106,14,no,WebPage Language Service Organization Country PostalAddress ServiceChannel Offer FAQPage Question Answer Question Answer Question Answer Question Answer BreadcrumbList ListItem ListItem ListItem ListItem,0,A,
https://ekgurulearning.github.io/EkGuru/learn-hindi-from-israel/index.html,https://ekguru.shop/learn-hindi-from-israel/,learn-hindi-from-israel,en,,https://ekguru.shop/learn-hindi-from-israel/,"index, follow, max-snippet:-1, max-image-preview:large",yes,Learn Hindi from Israel | EkGuru,"How to learn Hindi from Israel: what makes it easier or harder from here, lesson times in local time, prices in ILS, and free guides to start with.",Learn Hindi from Israel,1061,14,no,WebPage Language Service Organization Country PostalAddress ServiceChannel Offer FAQPage Question Answer Question Answer Question Answer Question Answer BreadcrumbList ListItem ListItem ListItem ListItem,0,A,
https://ekgurulearning.github.io/EkGuru/learn-hindi-from-italy/index.html,https://ekguru.shop/learn-hindi-from-italy/,learn-hindi-from-italy,en,,https://ekguru.shop/learn-hindi-from-italy/,"index, follow, max-snippet:-1, max-image-preview:large",yes,Learn Hindi from Italy | EkGuru,"How to learn Hindi from Italy: what makes it easier or harder from here, lesson times in local time, prices in EUR, and free guides to start with.",Learn Hindi from Italy,1056,14,no,WebPage Language Service Organization Country PostalAddress ServiceChannel Offer FAQPage Question Answer Question Answer Question Answer Question Answer BreadcrumbList ListItem ListItem ListItem ListItem,0,A,
https://ekgurulearning.github.io/EkGuru/learn-hindi-from-jamaica/index.html,https://ekguru.shop/learn-hindi-from-jamaica/,learn-hindi-from-jamaica,en,,https://ekguru.shop/learn-hindi-from-jamaica/,"index, follow, max-snippet:-1, max-image-preview:large",yes,Learn Hindi from Jamaica | EkGuru,"How to learn Hindi from Jamaica: what makes it easier or harder from here, lesson times in local time, and free guides to start with.",Learn Hindi from Jamaica,1096,13,no,WebPage Language Service Organization Country PostalAddress ServiceChannel Offer FAQPage Question Answer Question Answer Question Answer Question Answer BreadcrumbList ListItem ListItem ListItem ListItem,0,A,
https://ekgurulearning.github.io/EkGuru/learn-hindi-from-japan/index.html,https://ekguru.shop/learn-hindi-from-japan/,learn-hindi-from-japan,en,,https://ekguru.shop/learn-hindi-from-japan/,"index, follow, max-snippet:-1, max-image-preview:large",yes,Learn Hindi from Japan | EkGuru,"How to learn Hindi from Japan: what makes it easier or harder from here, lesson times in local time, prices in JPY, and free guides to start with.",Learn Hindi from Japan,1187,14,no,WebPage Language Service Organization Country PostalAddress ServiceChannel Offer FAQPage Question Answer Question Answer Question Answer Question Answer BreadcrumbList ListItem ListItem ListItem ListItem,0,A,
https://ekgurulearning.github.io/EkGuru/learn-hindi-from-jordan/index.html,https://ekguru.shop/learn-hindi-from-jordan/,learn-hindi-from-jordan,en,,https://ekguru.shop/learn-hindi-from-jordan/,"index, follow, max-snippet:-1, max-image-preview:large",yes,Learn Hindi from Jordan | EkGuru,"How to learn Hindi from Jordan: what makes it easier or harder from here, lesson times in local time, and free guides to start with.",Learn Hindi from Jordan,1086,14,no,WebPage Language Service Organization Country PostalAddress ServiceChannel Offer FAQPage Question Answer Question Answer Question Answer Question Answer BreadcrumbList ListItem ListItem ListItem ListItem,0,A,
https://ekgurulearning.github.io/EkGuru/learn-hindi-from-kazakhstan/index.html,https://ekguru.shop/learn-hindi-from-kazakhstan/,learn-hindi-from-kazakhstan,en,,https://ekguru.shop/learn-hindi-from-kazakhstan/,"index, follow, max-snippet:-1, max-image-preview:large",yes,Learn Hindi from Kazakhstan | EkGuru,"How to learn Hindi from Kazakhstan: what makes it easier or harder from here, lesson times in local time, and free guides to start with.",Learn Hindi from Kazakhstan,1061,14,no,WebPage Language Service Organization Country PostalAddress ServiceChannel Offer FAQPage Question Answer Question Answer Question Answer Question Answer BreadcrumbList ListItem ListItem ListItem ListItem,0,A,
https://ekgurulearning.github.io/EkGuru/learn-hindi-from-kenya/index.html,https://ekguru.shop/learn-hindi-from-kenya/,learn-hindi-from-kenya,en,,https://ekguru.shop/learn-hindi-from-kenya/,"index, follow, max-snippet:-1, max-image-preview:large",yes,Learn Hindi from Kenya | EkGuru,"How to learn Hindi from Kenya: what makes it easier or harder from here, lesson times in local time, prices in KES, and free guides to start with.",Learn Hindi from Kenya,1069,16,no,WebPage Language Service Organization Country PostalAddress ServiceChannel Offer FAQPage Question Answer Question Answer Question Answer Question Answer BreadcrumbList ListItem ListItem ListItem ListItem,0,A,
https://ekgurulearning.github.io/EkGuru/learn-hindi-from-kosovo/index.html,https://ekguru.shop/learn-hindi-from-kosovo/,learn-hindi-from-kosovo,en,,https://ekguru.shop/learn-hindi-from-kosovo/,"index, follow, max-snippet:-1, max-image-preview:large",yes,Learn Hindi from Kosovo | EkGuru,"How to learn Hindi from Kosovo: what makes it easier or harder from here, lesson times in local time, prices in EUR, and free guides to start with.",Learn Hindi from Kosovo,1050,13,no,WebPage Language Service Organization Country PostalAddress ServiceChannel Offer FAQPage Question Answer Question Answer Question Answer Question Answer BreadcrumbList ListItem ListItem ListItem ListItem,0,A,
https://ekgurulearning.github.io/EkGuru/learn-hindi-from-kuwait/index.html,https://ekguru.shop/learn-hindi-from-kuwait/,learn-hindi-from-kuwait,en,,https://ekguru.shop/learn-hindi-from-kuwait/,"index, follow, max-snippet:-1, max-image-preview:large",yes,Learn Hindi from Kuwait | EkGuru,"How to learn Hindi from Kuwait: what makes it easier or harder from here, lesson times in local time, prices in KWD, and free guides to start with.",Learn Hindi from Kuwait,1102,14,no,WebPage Language Service Organization Country PostalAddress ServiceChannel Offer FAQPage Question Answer Question Answer Question Answer Question Answer BreadcrumbList ListItem ListItem ListItem ListItem,0,A,
https://ekgurulearning.github.io/EkGuru/learn-hindi-from-kyrgyzstan/index.html,https://ekguru.shop/learn-hindi-from-kyrgyzstan/,learn-hindi-from-kyrgyzstan,en,,https://ekguru.shop/learn-hindi-from-kyrgyzstan/,"index, follow, max-snippet:-1, max-image-preview:large",yes,Learn Hindi from Kyrgyzstan | EkGuru,"How to learn Hindi from Kyrgyzstan: what makes it easier or harder from here, lesson times in local time, and free guides to start with.",Learn Hindi from Kyrgyzstan,1082,14,no,WebPage Language Service Organization Country PostalAddress ServiceChannel Offer FAQPage Question Answer Question Answer Question Answer Question Answer BreadcrumbList ListItem ListItem ListItem ListItem,0,A,
https://ekgurulearning.github.io/EkGuru/learn-hindi-from-laos/index.html,https://ekguru.shop/learn-hindi-from-laos/,learn-hindi-from-laos,en,,https://ekguru.shop/learn-hindi-from-laos/,"index, follow, max-snippet:-1, max-image-preview:large",yes,Learn Hindi from Laos | EkGuru,"How to learn Hindi from Laos: what makes it easier or harder from here, lesson times in local time, and free guides to start with.",Learn Hindi from Laos,1029,13,no,WebPage Language Service Organization Country PostalAddress ServiceChannel Offer FAQPage Question Answer Question Answer Question Answer Question Answer BreadcrumbList ListItem ListItem ListItem ListItem,0,A,
https://ekgurulearning.github.io/EkGuru/learn-hindi-from-latvia/index.html,https://ekguru.shop/learn-hindi-from-latvia/,learn-hindi-from-latvia,en,,https://ekguru.shop/learn-hindi-from-latvia/,"index, follow, max-snippet:-1, max-image-preview:large",yes,Learn Hindi from Latvia | EkGuru,"How to learn Hindi from Latvia: what makes it easier or harder from here, lesson times in local time, prices in EUR, and free guides to start with.",Learn Hindi from Latvia,1044,13,no,WebPage Language Service Organization Country PostalAddress ServiceChannel Offer FAQPage Question Answer Question Answer Question Answer Question Answer BreadcrumbList ListItem ListItem ListItem ListItem,0,A,
https://ekgurulearning.github.io/EkGuru/learn-hindi-from-lebanon/index.html,https://ekguru.shop/learn-hindi-from-lebanon/,learn-hindi-from-lebanon,en,,https://ekguru.shop/learn-hindi-from-lebanon/,"index, follow, max-snippet:-1, max-image-preview:large",yes,Learn Hindi from Lebanon | EkGuru,"How to learn Hindi from Lebanon: what makes it easier or harder from here, lesson times in local time, and free guides to start with.",Learn Hindi from Lebanon,1076,13,no,WebPage Language Service Organization Country PostalAddress ServiceChannel Offer FAQPage Question Answer Question Answer Question Answer Question Answer BreadcrumbList ListItem ListItem ListItem ListItem,0,A,
https://ekgurulearning.github.io/EkGuru/learn-hindi-from-lesotho/index.html,https://ekguru.shop/learn-hindi-from-lesotho/,learn-hindi-from-lesotho,en,,https://ekguru.shop/learn-hindi-from-lesotho/,"index, follow, max-snippet:-1, max-image-preview:large",yes,Learn Hindi from Lesotho | EkGuru,"How to learn Hindi from Lesotho: what makes it easier or harder from here, lesson times in local time, and free guides to start with.",Learn Hindi from Lesotho,1065,13,no,WebPage Language Service Organization Country PostalAddress ServiceChannel Offer FAQPage Question Answer Question Answer Question Answer Question Answer BreadcrumbList ListItem ListItem ListItem ListItem,0,A,
https://ekgurulearning.github.io/EkGuru/learn-hindi-from-libya/index.html,https://ekguru.shop/learn-hindi-from-libya/,learn-hindi-from-libya,en,,https://ekguru.shop/learn-hindi-from-libya/,"index, follow, max-snippet:-1, max-image-preview:large",yes,Learn Hindi from Libya | EkGuru,"How to learn Hindi from Libya: what makes it easier or harder from here, lesson times in local time, and free guides to start with.",Learn Hindi from Libya,1070,13,no,WebPage Language Service Organization Country PostalAddress ServiceChannel Offer FAQPage Question Answer Question Answer Question Answer Question Answer BreadcrumbList ListItem ListItem ListItem ListItem,0,A,
https://ekgurulearning.github.io/EkGuru/learn-hindi-from-lithuania/index.html,https://ekguru.shop/learn-hindi-from-lithuania/,learn-hindi-from-lithuania,en,,https://ekguru.shop/learn-hindi-from-lithuania/,"index, follow, max-snippet:-1, max-image-preview:large",yes,Learn Hindi from Lithuania | EkGuru,"How to learn Hindi from Lithuania: what makes it easier or harder from here, lesson times in local time, prices in EUR, and free guides to start with.",Learn Hindi from Lithuania,1033,13,no,WebPage Language Service Organization Country PostalAddress ServiceChannel Offer FAQPage Question Answer Question Answer Question Answer Question Answer BreadcrumbList ListItem ListItem ListItem ListItem,0,A,
https://ekgurulearning.github.io/EkGuru/learn-hindi-from-luxembourg/index.html,https://ekguru.shop/learn-hindi-from-luxembourg/,learn-hindi-from-luxembourg,en,,https://ekguru.shop/learn-hindi-from-luxembourg/,"index, follow, max-snippet:-1, max-image-preview:large",yes,Learn Hindi from Luxembourg | EkGuru,"How to learn Hindi from Luxembourg: what makes it easier or harder from here, lesson times in local time, prices in EUR, and free guides to start with.",Learn Hindi from Luxembourg,1114,13,no,WebPage Language Service Organization Country PostalAddress ServiceChannel Offer FAQPage Question Answer Question Answer Question Answer Question Answer BreadcrumbList ListItem ListItem ListItem ListItem,0,A,
https://ekgurulearning.github.io/EkGuru/learn-hindi-from-madagascar/index.html,https://ekguru.shop/learn-hindi-from-madagascar/,learn-hindi-from-madagascar,en,,https://ekguru.shop/learn-hindi-from-madagascar/,"index, follow, max-snippet:-1, max-image-preview:large",yes,Learn Hindi from Madagascar | EkGuru,"How to learn Hindi from Madagascar: what makes it easier or harder from here, lesson times in local time, and free guides to start with.",Learn Hindi from Madagascar,1073,13,no,WebPage Language Service Organization Country PostalAddress ServiceChannel Offer FAQPage Question Answer Question Answer Question Answer Question Answer BreadcrumbList ListItem ListItem ListItem ListItem,0,A,
https://ekgurulearning.github.io/EkGuru/learn-hindi-from-malawi/index.html,https://ekguru.shop/learn-hindi-from-malawi/,learn-hindi-from-malawi,en,,https://ekguru.shop/learn-hindi-from-malawi/,"index, follow, max-snippet:-1, max-image-preview:large",yes,Learn Hindi from Malawi | EkGuru,"How to learn Hindi from Malawi: what makes it easier or harder from here, lesson times in local time, and free guides to start with.",Learn Hindi from Malawi,1072,13,no,WebPage Language Service Organization Country PostalAddress ServiceChannel Offer FAQPage Question Answer Question Answer Question Answer Question Answer BreadcrumbList ListItem ListItem ListItem ListItem,0,A,
https://ekgurulearning.github.io/EkGuru/learn-hindi-from-malaysia/index.html,https://ekguru.shop/learn-hindi-from-malaysia/,learn-hindi-from-malaysia,en,,https://ekguru.shop/learn-hindi-from-malaysia/,"index, follow, max-snippet:-1, max-image-preview:large",yes,Learn Hindi from Malaysia | EkGuru,"How to learn Hindi from Malaysia: what makes it easier or harder from here, lesson times in local time, prices in MYR, and free guides to start with.",Learn Hindi from Malaysia,1090,17,no,WebPage Language Service Organization Country PostalAddress ServiceChannel Offer FAQPage Question Answer Question Answer Question Answer Question Answer BreadcrumbList ListItem ListItem ListItem ListItem,0,A,
https://ekgurulearning.github.io/EkGuru/learn-hindi-from-maldives/index.html,https://ekguru.shop/learn-hindi-from-maldives/,learn-hindi-from-maldives,en,,https://ekguru.shop/learn-hindi-from-maldives/,"index, follow, max-snippet:-1, max-image-preview:large",yes,Learn Hindi from Maldives | EkGuru,"How to learn Hindi from Maldives: what makes it easier or harder from here, lesson times in local time, and free guides to start with.",Learn Hindi from Maldives,1012,13,no,WebPage Language Service Organization Country PostalAddress ServiceChannel Offer FAQPage Question Answer Question Answer Question Answer Question Answer BreadcrumbList ListItem ListItem ListItem ListItem,0,A,
https://ekgurulearning.github.io/EkGuru/learn-hindi-from-malta/index.html,https://ekguru.shop/learn-hindi-from-malta/,learn-hindi-from-malta,en,,https://ekguru.shop/learn-hindi-from-malta/,"index, follow, max-snippet:-1, max-image-preview:large",yes,Learn Hindi from Malta | EkGuru,"How to learn Hindi from Malta: what makes it easier or harder from here, lesson times in local time, prices in EUR, and free guides to start with.",Learn Hindi from Malta,1102,13,no,WebPage Language Service Organization Country PostalAddress ServiceChannel Offer FAQPage Question Answer Question Answer Question Answer Question Answer BreadcrumbList ListItem ListItem ListItem ListItem,0,A,
https://ekgurulearning.github.io/EkGuru/learn-hindi-from-mauritania/index.html,https://ekguru.shop/learn-hindi-from-mauritania/,learn-hindi-from-mauritania,en,,https://ekguru.shop/learn-hindi-from-mauritania/,"index, follow, max-snippet:-1, max-image-preview:large",yes,Learn Hindi from Mauritania | EkGuru,"How to learn Hindi from Mauritania: what makes it easier or harder from here, lesson times in local time, and free guides to start with.",Learn Hindi from Mauritania,1066,13,no,WebPage Language Service Organization Country PostalAddress ServiceChannel Offer FAQPage Question Answer Question Answer Question Answer Question Answer BreadcrumbList ListItem ListItem ListItem ListItem,0,A,
https://ekgurulearning.github.io/EkGuru/learn-hindi-from-mauritius/index.html,https://ekguru.shop/learn-hindi-from-mauritius/,learn-hindi-from-mauritius,en,,https://ekguru.shop/learn-hindi-from-mauritius/,"index, follow, max-snippet:-1, max-image-preview:large",yes,Learn Hindi from Mauritius | EkGuru,"How to learn Hindi from Mauritius: what makes it easier or harder from here, lesson times in local time, prices in MUR, and free guides to start with.",Learn Hindi from Mauritius,1082,13,no,WebPage Language Service Organization Country PostalAddress ServiceChannel Offer FAQPage Question Answer Question Answer Question Answer Question Answer BreadcrumbList ListItem ListItem ListItem ListItem,0,A,
https://ekgurulearning.github.io/EkGuru/learn-hindi-from-mexico/index.html,https://ekguru.shop/learn-hindi-from-mexico/,learn-hindi-from-mexico,en,,https://ekguru.shop/learn-hindi-from-mexico/,"index, follow, max-snippet:-1, max-image-preview:large",yes,Learn Hindi from Mexico | EkGuru,"How to learn Hindi from Mexico: what makes it easier or harder from here, lesson times in local time, prices in MXN, and free guides to start with.",Learn Hindi from Mexico,1090,14,no,WebPage Language Service Organization Country PostalAddress ServiceChannel Offer FAQPage Question Answer Question Answer Question Answer Question Answer BreadcrumbList ListItem ListItem ListItem ListItem,0,A,
https://ekgurulearning.github.io/EkGuru/learn-hindi-from-moldova/index.html,https://ekguru.shop/learn-hindi-from-moldova/,learn-hindi-from-moldova,en,,https://ekguru.shop/learn-hindi-from-moldova/,"index, follow, max-snippet:-1, max-image-preview:large",yes,Learn Hindi from Moldova | EkGuru,"How to learn Hindi from Moldova: what makes it easier or harder from here, lesson times in local time, and free guides to start with.",Learn Hindi from Moldova,1025,13,no,WebPage Language Service Organization Country PostalAddress ServiceChannel Offer FAQPage Question Answer Question Answer Question Answer Question Answer BreadcrumbList ListItem ListItem ListItem ListItem,0,A,
https://ekgurulearning.github.io/EkGuru/learn-hindi-from-mongolia/index.html,https://ekguru.shop/learn-hindi-from-mongolia/,learn-hindi-from-mongolia,en,,https://ekguru.shop/learn-hindi-from-mongolia/,"index, follow, max-snippet:-1, max-image-preview:large",yes,Learn Hindi from Mongolia | EkGuru,"How to learn Hindi from Mongolia: what makes it easier or harder from here, lesson times in local time, and free guides to start with.",Learn Hindi from Mongolia,1030,13,no,WebPage Language Service Organization Country PostalAddress ServiceChannel Offer FAQPage Question Answer Question Answer Question Answer Question Answer BreadcrumbList ListItem ListItem ListItem ListItem,0,A,
https://ekgurulearning.github.io/EkGuru/learn-hindi-from-montenegro/index.html,https://ekguru.shop/learn-hindi-from-montenegro/,learn-hindi-from-montenegro,en,,https://ekguru.shop/learn-hindi-from-montenegro/,"index, follow, max-snippet:-1, max-image-preview:large",yes,Learn Hindi from Montenegro | EkGuru,"How to learn Hindi from Montenegro: what makes it easier or harder from here, lesson times in local time, prices in EUR, and free guides to start with.",Learn Hindi from Montenegro,1045,13,no,WebPage Language Service Organization Country PostalAddress ServiceChannel Offer FAQPage Question Answer Question Answer Question Answer Question Answer BreadcrumbList ListItem ListItem ListItem ListItem,0,A,
https://ekgurulearning.github.io/EkGuru/learn-hindi-from-morocco/index.html,https://ekguru.shop/learn-hindi-from-morocco/,learn-hindi-from-morocco,en,,https://ekguru.shop/learn-hindi-from-morocco/,"index, follow, max-snippet:-1, max-image-preview:large",yes,Learn Hindi from Morocco | EkGuru,"How to learn Hindi from Morocco: what makes it easier or harder from here, lesson times in local time, prices in MAD, and free guides to start with.",Learn Hindi from Morocco,1095,15,no,WebPage Language Service Organization Country PostalAddress ServiceChannel Offer FAQPage Question Answer Question Answer Question Answer Question Answer BreadcrumbList ListItem ListItem ListItem ListItem,0,A,
https://ekgurulearning.github.io/EkGuru/learn-hindi-from-mozambique/index.html,https://ekguru.shop/learn-hindi-from-mozambique/,learn-hindi-from-mozambique,en,,https://ekguru.shop/learn-hindi-from-mozambique/,"index, follow, max-snippet:-1, max-image-preview:large",yes,Learn Hindi from Mozambique | EkGuru,"How to learn Hindi from Mozambique: what makes it easier or harder from here, lesson times in local time, and free guides to start with.",Learn Hindi from Mozambique,1073,14,no,WebPage Language Service Organization Country PostalAddress ServiceChannel Offer FAQPage Question Answer Question Answer Question Answer Question Answer BreadcrumbList ListItem ListItem ListItem ListItem,0,A,
https://ekgurulearning.github.io/EkGuru/learn-hindi-from-myanmar/index.html,https://ekguru.shop/learn-hindi-from-myanmar/,learn-hindi-from-myanmar,en,,https://ekguru.shop/learn-hindi-from-myanmar/,"index, follow, max-snippet:-1, max-image-preview:large",yes,Learn Hindi from Myanmar | EkGuru,"How to learn Hindi from Myanmar: what makes it easier or harder from here, lesson times in local time, and free guides to start with.",Learn Hindi from Myanmar,1024,13,no,WebPage Language Service Organization Country PostalAddress ServiceChannel Offer FAQPage Question Answer Question Answer Question Answer Question Answer BreadcrumbList ListItem ListItem ListItem ListItem,0,A,
https://ekgurulearning.github.io/EkGuru/learn-hindi-from-namibia/index.html,https://ekguru.shop/learn-hindi-from-namibia/,learn-hindi-from-namibia,en,,https://ekguru.shop/learn-hindi-from-namibia/,"index, follow, max-snippet:-1, max-image-preview:large",yes,Learn Hindi from Namibia | EkGuru,"How to learn Hindi from Namibia: what makes it easier or harder from here, lesson times in local time, and free guides to start with.",Learn Hindi from Namibia,1073,13,no,WebPage Language Service Organization Country PostalAddress ServiceChannel Offer FAQPage Question Answer Question Answer Question Answer Question Answer BreadcrumbList ListItem ListItem ListItem ListItem,0,A,
https://ekgurulearning.github.io/EkGuru/learn-hindi-from-nepal/index.html,https://ekguru.shop/learn-hindi-from-nepal/,learn-hindi-from-nepal,en,,https://ekguru.shop/learn-hindi-from-nepal/,"index, follow, max-snippet:-1, max-image-preview:large",yes,Learn Hindi from Nepal | EkGuru,"How to learn Hindi from Nepal: what makes it easier or harder from here, lesson times in local time, prices in NPR, and free guides to start with.",Learn Hindi from Nepal,1093,14,no,WebPage Language Service Organization Country PostalAddress ServiceChannel Offer FAQPage Question Answer Question Answer Question Answer Question Answer BreadcrumbList ListItem ListItem ListItem ListItem,0,A,
https://ekgurulearning.github.io/EkGuru/learn-hindi-from-netherlands/index.html,https://ekguru.shop/learn-hindi-from-netherlands/,learn-hindi-from-netherlands,en,,https://ekguru.shop/learn-hindi-from-netherlands/,"index, follow, max-snippet:-1, max-image-preview:large",yes,Learn Hindi from Netherlands | EkGuru,"How to learn Hindi from Netherlands: what makes it easier or harder from here, lesson times in local time, prices in EUR, and free guides to start with.",Learn Hindi from Netherlands,1057,14,no,WebPage Language Service Organization Country PostalAddress ServiceChannel Offer FAQPage Question Answer Question Answer Question Answer Question Answer BreadcrumbList ListItem ListItem ListItem ListItem,0,A,
https://ekgurulearning.github.io/EkGuru/learn-hindi-from-new-zealand/index.html,https://ekguru.shop/learn-hindi-from-new-zealand/,learn-hindi-from-new-zealand,en,,https://ekguru.shop/learn-hindi-from-new-zealand/,"index, follow, max-snippet:-1, max-image-preview:large",yes,Learn Hindi from New Zealand | EkGuru,"How to learn Hindi from New Zealand: what makes it easier or harder from here, lesson times in local time, prices in NZD, and free guides to start with.",Learn Hindi from New Zealand,1079,14,no,WebPage Language Service Organization Country PostalAddress ServiceChannel Offer FAQPage Question Answer Question Answer Question Answer Question Answer BreadcrumbList ListItem ListItem ListItem ListItem,0,A,
https://ekgurulearning.github.io/EkGuru/learn-hindi-from-nicaragua/index.html,https://ekguru.shop/learn-hindi-from-nicaragua/,learn-hindi-from-nicaragua,en,,https://ekguru.shop/learn-hindi-from-nicaragua/,"index, follow, max-snippet:-1, max-image-preview:large",yes,Learn Hindi from Nicaragua | EkGuru,"How to learn Hindi from Nicaragua: what makes it easier or harder from here, lesson times in local time, and free guides to start with.",Learn Hindi from Nicaragua,1104,13,no,WebPage Language Service Organization Country PostalAddress ServiceChannel Offer FAQPage Question Answer Question Answer Question Answer Question Answer BreadcrumbList ListItem ListItem ListItem ListItem,0,A,
https://ekgurulearning.github.io/EkGuru/learn-hindi-from-nigeria/index.html,https://ekguru.shop/learn-hindi-from-nigeria/,learn-hindi-from-nigeria,en,,https://ekguru.shop/learn-hindi-from-nigeria/,"index, follow, max-snippet:-1, max-image-preview:large",yes,Learn Hindi from Nigeria | EkGuru,"How to learn Hindi from Nigeria: what makes it easier or harder from here, lesson times in local time, prices in NGN, and free guides to start with.",Learn Hindi from Nigeria,1055,14,no,WebPage Language Service Organization Country PostalAddress ServiceChannel Offer FAQPage Question Answer Question Answer Question Answer Question Answer BreadcrumbList ListItem ListItem ListItem ListItem,0,A,
https://ekgurulearning.github.io/EkGuru/learn-hindi-from-north-macedonia/index.html,https://ekguru.shop/learn-hindi-from-north-macedonia/,learn-hindi-from-north-macedonia,en,,https://ekguru.shop/learn-hindi-from-north-macedonia/,"index, follow, max-snippet:-1, max-image-preview:large",yes,Learn Hindi from North Macedonia | EkGuru,"How to learn Hindi from North Macedonia: what makes it easier or harder from here, lesson times in local time, and free guides to start with.",Learn Hindi from North Macedonia,1048,13,no,WebPage Language Service Organization Country PostalAddress ServiceChannel Offer FAQPage Question Answer Question Answer Question Answer Question Answer BreadcrumbList ListItem ListItem ListItem ListItem,0,A,
https://ekgurulearning.github.io/EkGuru/learn-hindi-from-norway/index.html,https://ekguru.shop/learn-hindi-from-norway/,learn-hindi-from-norway,en,,https://ekguru.shop/learn-hindi-from-norway/,"index, follow, max-snippet:-1, max-image-preview:large",yes,Learn Hindi from Norway | EkGuru,"How to learn Hindi from Norway: what makes it easier or harder from here, lesson times in local time, prices in NOK, and free guides to start with.",Learn Hindi from Norway,1052,13,no,WebPage Language Service Organization Country PostalAddress ServiceChannel Offer FAQPage Question Answer Question Answer Question Answer Question Answer BreadcrumbList ListItem ListItem ListItem ListItem,0,A,
https://ekgurulearning.github.io/EkGuru/learn-hindi-from-oman/index.html,https://ekguru.shop/learn-hindi-from-oman/,learn-hindi-from-oman,en,,https://ekguru.shop/learn-hindi-from-oman/,"index, follow, max-snippet:-1, max-image-preview:large",yes,Learn Hindi from Oman | EkGuru,"How to learn Hindi from Oman: what makes it easier or harder from here, lesson times in local time, and free guides to start with.",Learn Hindi from Oman,1105,14,no,WebPage Language Service Organization Country PostalAddress ServiceChannel Offer FAQPage Question Answer Question Answer Question Answer Question Answer BreadcrumbList ListItem ListItem ListItem ListItem,0,A,
https://ekgurulearning.github.io/EkGuru/learn-hindi-from-pakistan/index.html,https://ekguru.shop/learn-hindi-from-pakistan/,learn-hindi-from-pakistan,en,,https://ekguru.shop/learn-hindi-from-pakistan/,"index, follow, max-snippet:-1, max-image-preview:large",yes,Learn Hindi from Pakistan | EkGuru,"How to learn Hindi from Pakistan: what makes it easier or harder from here, lesson times in local time, prices in PKR, and free guides to start with.",Learn Hindi from Pakistan,1085,15,no,WebPage Language Service Organization Country PostalAddress ServiceChannel Offer FAQPage Question Answer Question Answer Question Answer Question Answer BreadcrumbList ListItem ListItem ListItem ListItem,0,A,
https://ekgurulearning.github.io/EkGuru/learn-hindi-from-palestine/index.html,https://ekguru.shop/learn-hindi-from-palestine/,learn-hindi-from-palestine,en,,https://ekguru.shop/learn-hindi-from-palestine/,"index, follow, max-snippet:-1, max-image-preview:large",yes,Learn Hindi from Palestine | EkGuru,"How to learn Hindi from Palestine: what makes it easier or harder from here, lesson times in local time, prices in ILS, and free guides to start with.",Learn Hindi from Palestine,1109,13,no,WebPage Language Service Organization Country PostalAddress ServiceChannel Offer FAQPage Question Answer Question Answer Question Answer Question Answer BreadcrumbList ListItem ListItem ListItem ListItem,0,A,
https://ekgurulearning.github.io/EkGuru/learn-hindi-from-panama/index.html,https://ekguru.shop/learn-hindi-from-panama/,learn-hindi-from-panama,en,,https://ekguru.shop/learn-hindi-from-panama/,"index, follow, max-snippet:-1, max-image-preview:large",yes,Learn Hindi from Panama | EkGuru,"How to learn Hindi from Panama: what makes it easier or harder from here, lesson times in local time, and free guides to start with.",Learn Hindi from Panama,1098,13,no,WebPage Language Service Organization Country PostalAddress ServiceChannel Offer FAQPage Question Answer Question Answer Question Answer Question Answer BreadcrumbList ListItem ListItem ListItem ListItem,0,A,
https://ekgurulearning.github.io/EkGuru/learn-hindi-from-papua-new-guinea/index.html,https://ekguru.shop/learn-hindi-from-papua-new-guinea/,learn-hindi-from-papua-new-guinea,en,,https://ekguru.shop/learn-hindi-from-papua-new-guinea/,"index, follow, max-snippet:-1, max-image-preview:large",yes,Learn Hindi from Papua New Guinea | EkGuru,"How to learn Hindi from Papua New Guinea: what makes it easier or harder from here, lesson times in local time, and free guides to start with.",Learn Hindi from Papua New Guinea,1098,13,no,WebPage Language Service Organization Country PostalAddress ServiceChannel Offer FAQPage Question Answer Question Answer Question Answer Question Answer BreadcrumbList ListItem ListItem ListItem ListItem,0,A,
https://ekgurulearning.github.io/EkGuru/learn-hindi-from-paraguay/index.html,https://ekguru.shop/learn-hindi-from-paraguay/,learn-hindi-from-paraguay,en,,https://ekguru.shop/learn-hindi-from-paraguay/,"index, follow, max-snippet:-1, max-image-preview:large",yes,Learn Hindi from Paraguay | EkGuru,"How to learn Hindi from Paraguay: what makes it easier or harder from here, lesson times in local time, and free guides to start with.",Learn Hindi from Paraguay,1074,13,no,WebPage Language Service Organization Country PostalAddress ServiceChannel Offer FAQPage Question Answer Question Answer Question Answer Question Answer BreadcrumbList ListItem ListItem ListItem ListItem,0,A,
https://ekgurulearning.github.io/EkGuru/learn-hindi-from-peru/index.html,https://ekguru.shop/learn-hindi-from-peru/,learn-hindi-from-peru,en,,https://ekguru.shop/learn-hindi-from-peru/,"index, follow, max-snippet:-1, max-image-preview:large",yes,Learn Hindi from Peru | EkGuru,"How to learn Hindi from Peru: what makes it easier or harder from here, lesson times in local time, prices in PEN, and free guides to start with.",Learn Hindi from Peru,1112,14,no,WebPage Language Service Organization Country PostalAddress ServiceChannel Offer FAQPage Question Answer Question Answer Question Answer Question Answer BreadcrumbList ListItem ListItem ListItem ListItem,0,A,
https://ekgurulearning.github.io/EkGuru/learn-hindi-from-philippines/index.html,https://ekguru.shop/learn-hindi-from-philippines/,learn-hindi-from-philippines,en,,https://ekguru.shop/learn-hindi-from-philippines/,"index, follow, max-snippet:-1, max-image-preview:large",yes,Learn Hindi from Philippines | EkGuru,"How to learn Hindi from Philippines: what makes it easier or harder from here, lesson times in local time, prices in PHP, and free guides to start with.",Learn Hindi from Philippines,1058,13,no,WebPage Language Service Organization Country PostalAddress ServiceChannel Offer FAQPage Question Answer Question Answer Question Answer Question Answer BreadcrumbList ListItem ListItem ListItem ListItem,0,A,
https://ekgurulearning.github.io/EkGuru/learn-hindi-from-poland/index.html,https://ekguru.shop/learn-hindi-from-poland/,learn-hindi-from-poland,en,,https://ekguru.shop/learn-hindi-from-poland/,"index, follow, max-snippet:-1, max-image-preview:large",yes,Learn Hindi from Poland | EkGuru,"How to learn Hindi from Poland: what makes it easier or harder from here, lesson times in local time, prices in PLN, and free guides to start with.",Learn Hindi from Poland,1061,14,no,WebPage Language Service Organization Country PostalAddress ServiceChannel Offer FAQPage Question Answer Question Answer Question Answer Question Answer BreadcrumbList ListItem ListItem ListItem ListItem,0,A,
https://ekgurulearning.github.io/EkGuru/learn-hindi-from-portugal/index.html,https://ekguru.shop/learn-hindi-from-portugal/,learn-hindi-from-portugal,en,,https://ekguru.shop/learn-hindi-from-portugal/,"index, follow, max-snippet:-1, max-image-preview:large",yes,Learn Hindi from Portugal | EkGuru,"How to learn Hindi from Portugal: what makes it easier or harder from here, lesson times in local time, prices in EUR, and free guides to start with.",Learn Hindi from Portugal,1060,14,no,WebPage Language Service Organization Country PostalAddress ServiceChannel Offer FAQPage Question Answer Question Answer Question Answer Question Answer BreadcrumbList ListItem ListItem ListItem ListItem,0,A,
https://ekgurulearning.github.io/EkGuru/learn-hindi-from-qatar/index.html,https://ekguru.shop/learn-hindi-from-qatar/,learn-hindi-from-qatar,en,,https://ekguru.shop/learn-hindi-from-qatar/,"index, follow, max-snippet:-1, max-image-preview:large",yes,Learn Hindi from Qatar | EkGuru,"How to learn Hindi from Qatar: what makes it easier or harder from here, lesson times in local time, prices in QAR, and free guides to start with.",Learn Hindi from Qatar,1082,14,no,WebPage Language Service Organization Country PostalAddress ServiceChannel Offer FAQPage Question Answer Question Answer Question Answer Question Answer BreadcrumbList ListItem ListItem ListItem ListItem,0,A,
https://ekgurulearning.github.io/EkGuru/learn-hindi-from-romania/index.html,https://ekguru.shop/learn-hindi-from-romania/,learn-hindi-from-romania,en,,https://ekguru.shop/learn-hindi-from-romania/,"index, follow, max-snippet:-1, max-image-preview:large",yes,Learn Hindi from Romania | EkGuru,"How to learn Hindi from Romania: what makes it easier or harder from here, lesson times in local time, prices in RON, and free guides to start with.",Learn Hindi from Romania,1030,13,no,WebPage Language Service Organization Country PostalAddress ServiceChannel Offer FAQPage Question Answer Question Answer Question Answer Question Answer BreadcrumbList ListItem ListItem ListItem ListItem,0,A,
https://ekgurulearning.github.io/EkGuru/learn-hindi-from-russia/index.html,https://ekguru.shop/learn-hindi-from-russia/,learn-hindi-from-russia,en,,https://ekguru.shop/learn-hindi-from-russia/,"index, follow, max-snippet:-1, max-image-preview:large",yes,Learn Hindi from Russia | EkGuru,"How to learn Hindi from Russia: what makes it easier or harder from here, lesson times in local time, prices in RUB, and free guides to start with.",Learn Hindi from Russia,1074,14,no,WebPage Language Service Organization Country PostalAddress ServiceChannel Offer FAQPage Question Answer Question Answer Question Answer Question Answer BreadcrumbList ListItem ListItem ListItem ListItem,0,A,
https://ekgurulearning.github.io/EkGuru/learn-hindi-from-rwanda/index.html,https://ekguru.shop/learn-hindi-from-rwanda/,learn-hindi-from-rwanda,en,,https://ekguru.shop/learn-hindi-from-rwanda/,"index, follow, max-snippet:-1, max-image-preview:large",yes,Learn Hindi from Rwanda | EkGuru,"How to learn Hindi from Rwanda: what makes it easier or harder from here, lesson times in local time, and free guides to start with.",Learn Hindi from Rwanda,1073,13,no,WebPage Language Service Organization Country PostalAddress ServiceChannel Offer FAQPage Question Answer Question Answer Question Answer Question Answer BreadcrumbList ListItem ListItem ListItem ListItem,0,A,
https://ekgurulearning.github.io/EkGuru/learn-hindi-from-saint-lucia/index.html,https://ekguru.shop/learn-hindi-from-saint-lucia/,learn-hindi-from-saint-lucia,en,,https://ekguru.shop/learn-hindi-from-saint-lucia/,"index, follow, max-snippet:-1, max-image-preview:large",yes,Learn Hindi from Saint Lucia | EkGuru,"How to learn Hindi from Saint Lucia: what makes it easier or harder from here, lesson times in local time, and free guides to start with.",Learn Hindi from Saint Lucia,1085,13,no,WebPage Language Service Organization Country PostalAddress ServiceChannel Offer FAQPage Question Answer Question Answer Question Answer Question Answer BreadcrumbList ListItem ListItem ListItem ListItem,0,A,
https://ekgurulearning.github.io/EkGuru/learn-hindi-from-saint-vincent-and-the-grenadines/index.html,https://ekguru.shop/learn-hindi-from-saint-vincent-and-the-grenadines/,learn-hindi-from-saint-vincent-and-the-grenadines,en,,https://ekguru.shop/learn-hindi-from-saint-vincent-and-the-grenadines/,"index, follow, max-snippet:-1, max-image-preview:large",yes,Learn Hindi from Saint Vincent and the Grenadines | EkGuru,"How to learn Hindi from Saint Vincent and the Grenadines: what makes it easier or harder from here, lesson times in local time, and free guides to start with.",Learn Hindi from Saint Vincent and the Grenadines,1125,13,no,WebPage Language Service Organization Country PostalAddress ServiceChannel Offer FAQPage Question Answer Question Answer Question Answer Question Answer BreadcrumbList ListItem ListItem ListItem ListItem,0,A,
https://ekgurulearning.github.io/EkGuru/learn-hindi-from-saudi-arabia/index.html,https://ekguru.shop/learn-hindi-from-saudi-arabia/,learn-hindi-from-saudi-arabia,en,,https://ekguru.shop/learn-hindi-from-saudi-arabia/,"index, follow, max-snippet:-1, max-image-preview:large",yes,Learn Hindi from Saudi Arabia | EkGuru,"How to learn Hindi from Saudi Arabia: what makes it easier or harder from here, lesson times in local time, prices in SAR, and free guides to start with.",Learn Hindi from Saudi Arabia,1083,14,no,WebPage Language Service Organization Country PostalAddress ServiceChannel Offer FAQPage Question Answer Question Answer Question Answer Question Answer BreadcrumbList ListItem ListItem ListItem ListItem,0,A,
https://ekgurulearning.github.io/EkGuru/learn-hindi-from-senegal/index.html,https://ekguru.shop/learn-hindi-from-senegal/,learn-hindi-from-senegal,en,,https://ekguru.shop/learn-hindi-from-senegal/,"index, follow, max-snippet:-1, max-image-preview:large",yes,Learn Hindi from Senegal | EkGuru,"How to learn Hindi from Senegal: what makes it easier or harder from here, lesson times in local time, and free guides to start with.",Learn Hindi from Senegal,1073,14,no,WebPage Language Service Organization Country PostalAddress ServiceChannel Offer FAQPage Question Answer Question Answer Question Answer Question Answer BreadcrumbList ListItem ListItem ListItem ListItem,0,A,
https://ekgurulearning.github.io/EkGuru/learn-hindi-from-serbia/index.html,https://ekguru.shop/learn-hindi-from-serbia/,learn-hindi-from-serbia,en,,https://ekguru.shop/learn-hindi-from-serbia/,"index, follow, max-snippet:-1, max-image-preview:large",yes,Learn Hindi from Serbia | EkGuru,"How to learn Hindi from Serbia: what makes it easier or harder from here, lesson times in local time, and free guides to start with.",Learn Hindi from Serbia,1022,13,no,WebPage Language Service Organization Country PostalAddress ServiceChannel Offer FAQPage Question Answer Question Answer Question Answer Question Answer BreadcrumbList ListItem ListItem ListItem ListItem,0,A,
https://ekgurulearning.github.io/EkGuru/learn-hindi-from-seychelles/index.html,https://ekguru.shop/learn-hindi-from-seychelles/,learn-hindi-from-seychelles,en,,https://ekguru.shop/learn-hindi-from-seychelles/,"index, follow, max-snippet:-1, max-image-preview:large",yes,Learn Hindi from Seychelles | EkGuru,"How to learn Hindi from Seychelles: what makes it easier or harder from here, lesson times in local time, and free guides to start with.",Learn Hindi from Seychelles,1072,13,no,WebPage Language Service Organization Country PostalAddress ServiceChannel Offer FAQPage Question Answer Question Answer Question Answer Question Answer BreadcrumbList ListItem ListItem ListItem ListItem,0,A,
https://ekgurulearning.github.io/EkGuru/learn-hindi-from-singapore/index.html,https://ekguru.shop/learn-hindi-from-singapore/,learn-hindi-from-singapore,en,,https://ekguru.shop/learn-hindi-from-singapore/,"index, follow, max-snippet:-1, max-image-preview:large",yes,Learn Hindi from Singapore | EkGuru,"How to learn Hindi from Singapore: what makes it easier or harder from here, lesson times in local time, prices in SGD, and free guides to start with.",Learn Hindi from Singapore,1109,17,no,WebPage Language Service Organization Country PostalAddress ServiceChannel Offer FAQPage Question Answer Question Answer Question Answer Question Answer BreadcrumbList ListItem ListItem ListItem ListItem,0,A,
https://ekgurulearning.github.io/EkGuru/learn-hindi-from-slovakia/index.html,https://ekguru.shop/learn-hindi-from-slovakia/,learn-hindi-from-slovakia,en,,https://ekguru.shop/learn-hindi-from-slovakia/,"index, follow, max-snippet:-1, max-image-preview:large",yes,Learn Hindi from Slovakia | EkGuru,"How to learn Hindi from Slovakia: what makes it easier or harder from here, lesson times in local time, prices in EUR, and free guides to start with.",Learn Hindi from Slovakia,1046,13,no,WebPage Language Service Organization Country PostalAddress ServiceChannel Offer FAQPage Question Answer Question Answer Question Answer Question Answer BreadcrumbList ListItem ListItem ListItem ListItem,0,A,
https://ekgurulearning.github.io/EkGuru/learn-hindi-from-slovenia/index.html,https://ekguru.shop/learn-hindi-from-slovenia/,learn-hindi-from-slovenia,en,,https://ekguru.shop/learn-hindi-from-slovenia/,"index, follow, max-snippet:-1, max-image-preview:large",yes,Learn Hindi from Slovenia | EkGuru,"How to learn Hindi from Slovenia: what makes it easier or harder from here, lesson times in local time, prices in EUR, and free guides to start with.",Learn Hindi from Slovenia,1037,13,no,WebPage Language Service Organization Country PostalAddress ServiceChannel Offer FAQPage Question Answer Question Answer Question Answer Question Answer BreadcrumbList ListItem ListItem ListItem ListItem,0,A,
https://ekgurulearning.github.io/EkGuru/learn-hindi-from-somalia/index.html,https://ekguru.shop/learn-hindi-from-somalia/,learn-hindi-from-somalia,en,,https://ekguru.shop/learn-hindi-from-somalia/,"index, follow, max-snippet:-1, max-image-preview:large",yes,Learn Hindi from Somalia | EkGuru,"How to learn Hindi from Somalia: what makes it easier or harder from here, lesson times in local time, and free guides to start with.",Learn Hindi from Somalia,1073,13,no,WebPage Language Service Organization Country PostalAddress ServiceChannel Offer FAQPage Question Answer Question Answer Question Answer Question Answer BreadcrumbList ListItem ListItem ListItem ListItem,0,A,
https://ekgurulearning.github.io/EkGuru/learn-hindi-from-south-africa/index.html,https://ekguru.shop/learn-hindi-from-south-africa/,learn-hindi-from-south-africa,en,,https://ekguru.shop/learn-hindi-from-south-africa/,"index, follow, max-snippet:-1, max-image-preview:large",yes,Learn Hindi from South Africa | EkGuru,"How to learn Hindi from South Africa: what makes it easier or harder from here, lesson times in local time, prices in ZAR, and free guides to start with.",Learn Hindi from South Africa,1102,14,no,WebPage Language Service Organization Country PostalAddress ServiceChannel Offer FAQPage Question Answer Question Answer Question Answer Question Answer BreadcrumbList ListItem ListItem ListItem ListItem,0,A,
https://ekgurulearning.github.io/EkGuru/learn-hindi-from-south-korea/index.html,https://ekguru.shop/learn-hindi-from-south-korea/,learn-hindi-from-south-korea,en,,https://ekguru.shop/learn-hindi-from-south-korea/,"index, follow, max-snippet:-1, max-image-preview:large",yes,Learn Hindi from South Korea | EkGuru,"How to learn Hindi from South Korea: what makes it easier or harder from here, lesson times in local time, prices in KRW, and free guides to start with.",Learn Hindi from South Korea,1098,14,no,WebPage Language Service Organization Country PostalAddress ServiceChannel Offer FAQPage Question Answer Question Answer Question Answer Question Answer BreadcrumbList ListItem ListItem ListItem ListItem,0,A,
https://ekgurulearning.github.io/EkGuru/learn-hindi-from-spain/index.html,https://ekguru.shop/learn-hindi-from-spain/,learn-hindi-from-spain,en,,https://ekguru.shop/learn-hindi-from-spain/,"index, follow, max-snippet:-1, max-image-preview:large",yes,Learn Hindi from Spain | EkGuru,"How to learn Hindi from Spain: what makes it easier or harder from here, lesson times in local time, prices in EUR, and free guides to start with.",Learn Hindi from Spain,1113,14,no,WebPage Language Service Organization Country PostalAddress ServiceChannel Offer FAQPage Question Answer Question Answer Question Answer Question Answer BreadcrumbList ListItem ListItem ListItem ListItem,0,A,
https://ekgurulearning.github.io/EkGuru/learn-hindi-from-sri-lanka/index.html,https://ekguru.shop/learn-hindi-from-sri-lanka/,learn-hindi-from-sri-lanka,en,,https://ekguru.shop/learn-hindi-from-sri-lanka/,"index, follow, max-snippet:-1, max-image-preview:large",yes,Learn Hindi from Sri Lanka | EkGuru,"How to learn Hindi from Sri Lanka: what makes it easier or harder from here, lesson times in local time, prices in LKR, and free guides to start with.",Learn Hindi from Sri Lanka,1062,14,no,WebPage Language Service Organization Country PostalAddress ServiceChannel Offer FAQPage Question Answer Question Answer Question Answer Question Answer BreadcrumbList ListItem ListItem ListItem ListItem,0,A,
https://ekgurulearning.github.io/EkGuru/learn-hindi-from-sudan/index.html,https://ekguru.shop/learn-hindi-from-sudan/,learn-hindi-from-sudan,en,,https://ekguru.shop/learn-hindi-from-sudan/,"index, follow, max-snippet:-1, max-image-preview:large",yes,Learn Hindi from Sudan | EkGuru,"How to learn Hindi from Sudan: what makes it easier or harder from here, lesson times in local time, and free guides to start with.",Learn Hindi from Sudan,1074,13,no,WebPage Language Service Organization Country PostalAddress ServiceChannel Offer FAQPage Question Answer Question Answer Question Answer Question Answer BreadcrumbList ListItem ListItem ListItem ListItem,0,A,
https://ekgurulearning.github.io/EkGuru/learn-hindi-from-suriname/index.html,https://ekguru.shop/learn-hindi-from-suriname/,learn-hindi-from-suriname,en,,https://ekguru.shop/learn-hindi-from-suriname/,"index, follow, max-snippet:-1, max-image-preview:large",yes,Learn Hindi from Suriname | EkGuru,"How to learn Hindi from Suriname: what makes it easier or harder from here, lesson times in local time, and free guides to start with.",Learn Hindi from Suriname,1044,14,no,WebPage Language Service Organization Country PostalAddress ServiceChannel Offer FAQPage Question Answer Question Answer Question Answer Question Answer BreadcrumbList ListItem ListItem ListItem ListItem,0,A,
https://ekgurulearning.github.io/EkGuru/learn-hindi-from-sweden/index.html,https://ekguru.shop/learn-hindi-from-sweden/,learn-hindi-from-sweden,en,,https://ekguru.shop/learn-hindi-from-sweden/,"index, follow, max-snippet:-1, max-image-preview:large",yes,Learn Hindi from Sweden | EkGuru,"How to learn Hindi from Sweden: what makes it easier or harder from here, lesson times in local time, prices in SEK, and free guides to start with.",Learn Hindi from Sweden,1051,13,no,WebPage Language Service Organization Country PostalAddress ServiceChannel Offer FAQPage Question Answer Question Answer Question Answer Question Answer BreadcrumbList ListItem ListItem ListItem ListItem,0,A,
https://ekgurulearning.github.io/EkGuru/learn-hindi-from-switzerland/index.html,https://ekguru.shop/learn-hindi-from-switzerland/,learn-hindi-from-switzerland,en,,https://ekguru.shop/learn-hindi-from-switzerland/,"index, follow, max-snippet:-1, max-image-preview:large",yes,Learn Hindi from Switzerland | EkGuru,"How to learn Hindi from Switzerland: what makes it easier or harder from here, lesson times in local time, prices in CHF, and free guides to start with.",Learn Hindi from Switzerland,1129,16,no,WebPage Language Service Organization Country PostalAddress ServiceChannel Offer FAQPage Question Answer Question Answer Question Answer Question Answer BreadcrumbList ListItem ListItem ListItem ListItem,0,A,
https://ekgurulearning.github.io/EkGuru/learn-hindi-from-syria/index.html,https://ekguru.shop/learn-hindi-from-syria/,learn-hindi-from-syria,en,,https://ekguru.shop/learn-hindi-from-syria/,"index, follow, max-snippet:-1, max-image-preview:large",yes,Learn Hindi from Syria | EkGuru,"How to learn Hindi from Syria: what makes it easier or harder from here, lesson times in local time, and free guides to start with.",Learn Hindi from Syria,1074,13,no,WebPage Language Service Organization Country PostalAddress ServiceChannel Offer FAQPage Question Answer Question Answer Question Answer Question Answer BreadcrumbList ListItem ListItem ListItem ListItem,0,A,
https://ekgurulearning.github.io/EkGuru/learn-hindi-from-tajikistan/index.html,https://ekguru.shop/learn-hindi-from-tajikistan/,learn-hindi-from-tajikistan,en,,https://ekguru.shop/learn-hindi-from-tajikistan/,"index, follow, max-snippet:-1, max-image-preview:large",yes,Learn Hindi from Tajikistan | EkGuru,"How to learn Hindi from Tajikistan: what makes it easier or harder from here, lesson times in local time, and free guides to start with.",Learn Hindi from Tajikistan,1006,14,no,WebPage Language Service Organization Country PostalAddress ServiceChannel Offer FAQPage Question Answer Question Answer Question Answer Question Answer BreadcrumbList ListItem ListItem ListItem ListItem,0,A,
https://ekgurulearning.github.io/EkGuru/learn-hindi-from-tanzania/index.html,https://ekguru.shop/learn-hindi-from-tanzania/,learn-hindi-from-tanzania,en,,https://ekguru.shop/learn-hindi-from-tanzania/,"index, follow, max-snippet:-1, max-image-preview:large",yes,Learn Hindi from Tanzania | EkGuru,"How to learn Hindi from Tanzania: what makes it easier or harder from here, lesson times in local time, and free guides to start with.",Learn Hindi from Tanzania,1087,15,no,WebPage Language Service Organization Country PostalAddress ServiceChannel Offer FAQPage Question Answer Question Answer Question Answer Question Answer BreadcrumbList ListItem ListItem ListItem ListItem,0,A,
https://ekgurulearning.github.io/EkGuru/learn-hindi-from-thailand/index.html,https://ekguru.shop/learn-hindi-from-thailand/,learn-hindi-from-thailand,en,,https://ekguru.shop/learn-hindi-from-thailand/,"index, follow, max-snippet:-1, max-image-preview:large",yes,Learn Hindi from Thailand | EkGuru,"How to learn Hindi from Thailand: what makes it easier or harder from here, lesson times in local time, prices in THB, and free guides to start with.",Learn Hindi from Thailand,1108,14,no,WebPage Language Service Organization Country PostalAddress ServiceChannel Offer FAQPage Question Answer Question Answer Question Answer Question Answer BreadcrumbList ListItem ListItem ListItem ListItem,0,A,
https://ekgurulearning.github.io/EkGuru/learn-hindi-from-timor-leste/index.html,https://ekguru.shop/learn-hindi-from-timor-leste/,learn-hindi-from-timor-leste,en,,https://ekguru.shop/learn-hindi-from-timor-leste/,"index, follow, max-snippet:-1, max-image-preview:large",yes,Learn Hindi from Timor-Leste | EkGuru,"How to learn Hindi from Timor-Leste: what makes it easier or harder from here, lesson times in local time, and free guides to start with.",Learn Hindi from Timor-Leste,1069,13,no,WebPage Language Service Organization Country PostalAddress ServiceChannel Offer FAQPage Question Answer Question Answer Question Answer Question Answer BreadcrumbList ListItem ListItem ListItem ListItem,0,A,
https://ekgurulearning.github.io/EkGuru/learn-hindi-from-trinidad-and-tobago/index.html,https://ekguru.shop/learn-hindi-from-trinidad-and-tobago/,learn-hindi-from-trinidad-and-tobago,en,,https://ekguru.shop/learn-hindi-from-trinidad-and-tobago/,"index, follow, max-snippet:-1, max-image-preview:large",yes,Learn Hindi from Trinidad and Tobago | EkGuru,"How to learn Hindi from Trinidad and Tobago: what makes it easier or harder from here, lesson times in local time, and free guides to start with.",Learn Hindi from Trinidad and Tobago,1081,13,no,WebPage Language Service Organization Country PostalAddress ServiceChannel Offer FAQPage Question Answer Question Answer Question Answer Question Answer BreadcrumbList ListItem ListItem ListItem ListItem,0,A,
https://ekgurulearning.github.io/EkGuru/learn-hindi-from-tunisia/index.html,https://ekguru.shop/learn-hindi-from-tunisia/,learn-hindi-from-tunisia,en,,https://ekguru.shop/learn-hindi-from-tunisia/,"index, follow, max-snippet:-1, max-image-preview:large",yes,Learn Hindi from Tunisia | EkGuru,"How to learn Hindi from Tunisia: what makes it easier or harder from here, lesson times in local time, and free guides to start with.",Learn Hindi from Tunisia,1097,13,no,WebPage Language Service Organization Country PostalAddress ServiceChannel Offer FAQPage Question Answer Question Answer Question Answer Question Answer BreadcrumbList ListItem ListItem ListItem ListItem,0,A,
https://ekgurulearning.github.io/EkGuru/learn-hindi-from-turkiye/index.html,https://ekguru.shop/learn-hindi-from-turkiye/,learn-hindi-from-turkiye,en,,https://ekguru.shop/learn-hindi-from-turkiye/,"index, follow, max-snippet:-1, max-image-preview:large",yes,Learn Hindi from Türkiye | EkGuru,"How to learn Hindi from Türkiye: what makes it easier or harder from here, lesson times in local time, prices in TRY, and free guides to start with.",Learn Hindi from Türkiye,1066,14,no,WebPage Language Service Organization Country PostalAddress ServiceChannel Offer FAQPage Question Answer Question Answer Question Answer Question Answer BreadcrumbList ListItem ListItem ListItem ListItem,0,A,
https://ekgurulearning.github.io/EkGuru/learn-hindi-from-turkmenistan/index.html,https://ekguru.shop/learn-hindi-from-turkmenistan/,learn-hindi-from-turkmenistan,en,,https://ekguru.shop/learn-hindi-from-turkmenistan/,"index, follow, max-snippet:-1, max-image-preview:large",yes,Learn Hindi from Turkmenistan | EkGuru,"How to learn Hindi from Turkmenistan: what makes it easier or harder from here, lesson times in local time, and free guides to start with.",Learn Hindi from Turkmenistan,1036,13,no,WebPage Language Service Organization Country PostalAddress ServiceChannel Offer FAQPage Question Answer Question Answer Question Answer Question Answer BreadcrumbList ListItem ListItem ListItem ListItem,0,A,
https://ekgurulearning.github.io/EkGuru/learn-hindi-from-uae/index.html,https://ekguru.shop/learn-hindi-from-uae/,learn-hindi-from-uae,en,,https://ekguru.shop/learn-hindi-from-uae/,"index, follow, max-snippet:-1, max-image-preview:large",yes,Learn Hindi from United Arab Emirates | EkGuru,"How to learn Hindi from United Arab Emirates: what makes it easier or harder from here, lesson times in local time, prices in AED, and free guides to start…",Learn Hindi from United Arab Emirates,1192,14,no,WebPage Language Service Organization Country PostalAddress ServiceChannel Offer FAQPage Question Answer Question Answer Question Answer Question Answer BreadcrumbList ListItem ListItem ListItem ListItem,0,A,
https://ekgurulearning.github.io/EkGuru/learn-hindi-from-uganda/index.html,https://ekguru.shop/learn-hindi-from-uganda/,learn-hindi-from-uganda,en,,https://ekguru.shop/learn-hindi-from-uganda/,"index, follow, max-snippet:-1, max-image-preview:large",yes,Learn Hindi from Uganda | EkGuru,"How to learn Hindi from Uganda: what makes it easier or harder from here, lesson times in local time, and free guides to start with.",Learn Hindi from Uganda,1053,14,no,WebPage Language Service Organization Country PostalAddress ServiceChannel Offer FAQPage Question Answer Question Answer Question Answer Question Answer BreadcrumbList ListItem ListItem ListItem ListItem,0,A,
https://ekgurulearning.github.io/EkGuru/learn-hindi-from-uk/index.html,https://ekguru.shop/learn-hindi-from-uk/,learn-hindi-from-uk,en,,https://ekguru.shop/learn-hindi-from-uk/,"index, follow, max-snippet:-1, max-image-preview:large",yes,Learn Hindi from United Kingdom | EkGuru,"How to learn Hindi from United Kingdom: what makes it easier or harder from here, lesson times in local time, prices in GBP, and free guides to start with.",Learn Hindi from United Kingdom,1144,16,no,WebPage Language Service Organization Country PostalAddress ServiceChannel Offer FAQPage Question Answer Question Answer Question Answer Question Answer BreadcrumbList ListItem ListItem ListItem ListItem,0,A,
https://ekgurulearning.github.io/EkGuru/learn-hindi-from-ukraine/index.html,https://ekguru.shop/learn-hindi-from-ukraine/,learn-hindi-from-ukraine,en,,https://ekguru.shop/learn-hindi-from-ukraine/,"index, follow, max-snippet:-1, max-image-preview:large",yes,Learn Hindi from Ukraine | EkGuru,"How to learn Hindi from Ukraine: what makes it easier or harder from here, lesson times in local time, prices in UAH, and free guides to start with.",Learn Hindi from Ukraine,1082,15,no,WebPage Language Service Organization Country PostalAddress ServiceChannel Offer FAQPage Question Answer Question Answer Question Answer Question Answer BreadcrumbList ListItem ListItem ListItem ListItem,0,A,
https://ekgurulearning.github.io/EkGuru/learn-hindi-from-uruguay/index.html,https://ekguru.shop/learn-hindi-from-uruguay/,learn-hindi-from-uruguay,en,,https://ekguru.shop/learn-hindi-from-uruguay/,"index, follow, max-snippet:-1, max-image-preview:large",yes,Learn Hindi from Uruguay | EkGuru,"How to learn Hindi from Uruguay: what makes it easier or harder from here, lesson times in local time, and free guides to start with.",Learn Hindi from Uruguay,1081,14,no,WebPage Language Service Organization Country PostalAddress ServiceChannel Offer FAQPage Question Answer Question Answer Question Answer Question Answer BreadcrumbList ListItem ListItem ListItem ListItem,0,A,
https://ekgurulearning.github.io/EkGuru/learn-hindi-from-usa/index.html,https://ekguru.shop/learn-hindi-from-usa/,learn-hindi-from-usa,en,,https://ekguru.shop/learn-hindi-from-usa/,"index, follow, max-snippet:-1, max-image-preview:large",yes,Learn Hindi from United States | EkGuru,"How to learn Hindi from United States: what makes it easier or harder from here, lesson times in local time, and free guides to start with.",Learn Hindi from United States,1202,15,no,WebPage Language Service Organization Country PostalAddress ServiceChannel Offer FAQPage Question Answer Question Answer Question Answer Question Answer BreadcrumbList ListItem ListItem ListItem ListItem,0,A,
https://ekgurulearning.github.io/EkGuru/learn-hindi-from-uzbekistan/index.html,https://ekguru.shop/learn-hindi-from-uzbekistan/,learn-hindi-from-uzbekistan,en,,https://ekguru.shop/learn-hindi-from-uzbekistan/,"index, follow, max-snippet:-1, max-image-preview:large",yes,Learn Hindi from Uzbekistan | EkGuru,"How to learn Hindi from Uzbekistan: what makes it easier or harder from here, lesson times in local time, and free guides to start with.",Learn Hindi from Uzbekistan,1001,13,no,WebPage Language Service Organization Country PostalAddress ServiceChannel Offer FAQPage Question Answer Question Answer Question Answer Question Answer BreadcrumbList ListItem ListItem ListItem ListItem,0,A,
https://ekgurulearning.github.io/EkGuru/learn-hindi-from-venezuela/index.html,https://ekguru.shop/learn-hindi-from-venezuela/,learn-hindi-from-venezuela,en,,https://ekguru.shop/learn-hindi-from-venezuela/,"index, follow, max-snippet:-1, max-image-preview:large",yes,Learn Hindi from Venezuela | EkGuru,"How to learn Hindi from Venezuela: what makes it easier or harder from here, lesson times in local time, and free guides to start with.",Learn Hindi from Venezuela,1090,14,no,WebPage Language Service Organization Country PostalAddress ServiceChannel Offer FAQPage Question Answer Question Answer Question Answer Question Answer BreadcrumbList ListItem ListItem ListItem ListItem,0,A,
https://ekgurulearning.github.io/EkGuru/learn-hindi-from-vietnam/index.html,https://ekguru.shop/learn-hindi-from-vietnam/,learn-hindi-from-vietnam,en,,https://ekguru.shop/learn-hindi-from-vietnam/,"index, follow, max-snippet:-1, max-image-preview:large",yes,Learn Hindi from Vietnam | EkGuru,"How to learn Hindi from Vietnam: what makes it easier or harder from here, lesson times in local time, prices in VND, and free guides to start with.",Learn Hindi from Vietnam,1098,14,no,WebPage Language Service Organization Country PostalAddress ServiceChannel Offer FAQPage Question Answer Question Answer Question Answer Question Answer BreadcrumbList ListItem ListItem ListItem ListItem,0,A,
https://ekgurulearning.github.io/EkGuru/learn-hindi-from-yemen/index.html,https://ekguru.shop/learn-hindi-from-yemen/,learn-hindi-from-yemen,en,,https://ekguru.shop/learn-hindi-from-yemen/,"index, follow, max-snippet:-1, max-image-preview:large",yes,Learn Hindi from Yemen | EkGuru,"How to learn Hindi from Yemen: what makes it easier or harder from here, lesson times in local time, and free guides to start with.",Learn Hindi from Yemen,1083,13,no,WebPage Language Service Organization Country PostalAddress ServiceChannel Offer FAQPage Question Answer Question Answer Question Answer Question Answer BreadcrumbList ListItem ListItem ListItem ListItem,0,A,
https://ekgurulearning.github.io/EkGuru/learn-hindi-from-zambia/index.html,https://ekguru.shop/learn-hindi-from-zambia/,learn-hindi-from-zambia,en,,https://ekguru.shop/learn-hindi-from-zambia/,"index, follow, max-snippet:-1, max-image-preview:large",yes,Learn Hindi from Zambia | EkGuru,"How to learn Hindi from Zambia: what makes it easier or harder from here, lesson times in local time, and free guides to start with.",Learn Hindi from Zambia,1061,13,no,WebPage Language Service Organization Country PostalAddress ServiceChannel Offer FAQPage Question Answer Question Answer Question Answer Question Answer BreadcrumbList ListItem ListItem ListItem ListItem,0,A,
https://ekgurulearning.github.io/EkGuru/learn-hindi-from-zimbabwe/index.html,https://ekguru.shop/learn-hindi-from-zimbabwe/,learn-hindi-from-zimbabwe,en,,https://ekguru.shop/learn-hindi-from-zimbabwe/,"index, follow, max-snippet:-1, max-image-preview:large",yes,Learn Hindi from Zimbabwe | EkGuru,"How to learn Hindi from Zimbabwe: what makes it easier or harder from here, lesson times in local time, and free guides to start with.",Learn Hindi from Zimbabwe,1069,13,no,WebPage Language Service Organization Country PostalAddress ServiceChannel Offer FAQPage Question Answer Question Answer Question Answer Question Answer BreadcrumbList ListItem ListItem ListItem ListItem,0,A,
https://ekgurulearning.github.io/EkGuru/name-in-hindi/index.html,https://ekguru.shop/name-in-hindi/,name-in-hindi,en,,https://ekguru.shop/name-in-hindi/,"index, follow, max-snippet:-1, max-image-preview:large",yes,Write Your Name in Hindi — Free Tool | EkGuru,"Type any name and see it written in Hindi (Devanagari), with every letter explained. Free, instant, no sign-up. Works for English and Indian names.",Write your name in Hindi,1075,178,no,WebApplication Offer Organization HowTo HowToStep HowToStep HowToStep HowToStep FAQPage Question Answer Question Answer Question Answer Question Answer BreadcrumbList ListItem ListItem,0,A,
https://ekgurulearning.github.io/EkGuru/pl/hindi/index.html,https://ekguru.shop/pl/hindi/,pl,pl,,https://ekguru.shop/pl/hindi/,"index, follow, max-snippet:-1, max-image-preview:large",yes,Nauka hindi — kompletny przewodnik | EkGuru,"Jak nauczyć się hindi od zera: pismo devanagari, wymowa, pierwsze zdania i to, co polski daje ci już na starcie.",Naucz się hindi od zera,824,20,no,Article Language Organization Organization FAQPage Question Answer Question Answer Question Answer BreadcrumbList ListItem ListItem,18,A,
https://ekgurulearning.github.io/EkGuru/privacy/index.html,https://ekguru.shop/privacy/,privacy,en,,https://ekguru.shop/privacy/,"index, follow, max-snippet:-1, max-image-preview:large",yes,Privacy Policy — What EkGuru Does and Does Not… | EkGuru,"Exactly what EkGuru collects, what it does not, who processes it and how to opt out. No database, no tracking cookies, no mailing list.",Privacy Policy,883,551,no,WebPage WebSite Organization BreadcrumbList ListItem ListItem,0,A,
https://ekgurulearning.github.io/EkGuru/pt/find-tutors.html,https://ekguru.shop/pt/find-tutors.html,pt,pt,,https://ekguru.shop/pt/find-tutors.html,"index, follow, max-snippet:-1, max-image-preview:large",yes,Encontre um professor de hindi online | EkGuru,"Veja professores de hindi verificados e filtre por nível, preço e avaliação.",Encontre seu Guru de hindi,556,7,no,WebPage BreadcrumbList ListItem ListItem ItemList ListItem ListItem ListItem ListItem,15,A,
https://ekgurulearning.github.io/EkGuru/pt/hindi/index.html,https://ekguru.shop/pt/hindi/,pt,pt,,https://ekguru.shop/pt/hindi/,"index, follow, max-snippet:-1, max-image-preview:large",yes,Aprender hindi online — guia completo | EkGuru,"Como aprender hindi do zero: o alfabeto devanágari, a pronúncia, as primeiras frases e a vantagem que o português já lhe dá.",Aprenda hindi do zero,827,24,no,Article Language Organization Organization FAQPage Question Answer Question Answer Question Answer BreadcrumbList ListItem ListItem,18,A,
https://ekgurulearning.github.io/EkGuru/pt/index.html,https://ekguru.shop/pt/,pt,pt,,https://ekguru.shop/pt/,"index, follow, max-snippet:-1, max-image-preview:large",yes,Aprenda hindi online com professor particular | EkGuru,Aprenda hindi online com professores nativos verificados. Aulas particulares a partir de US$ 6.,Aprenda hindi com o seu Guru pessoal,495,2,no,WebPage BreadcrumbList ListItem ListItem ItemList ListItem ListItem ListItem ListItem,15,A,
https://ekgurulearning.github.io/EkGuru/pt/join.html,https://ekguru.shop/pt/join.html,pt,pt,,https://ekguru.shop/pt/join.html,"index, follow, max-snippet:-1, max-image-preview:large",yes,Seja professor de hindi — Ensine na EkGuru,"Ensine hindi online com a EkGuru. Perfil gratuito, sem comissão.",Seja professor da EkGuru,493,2,no,WebPage BreadcrumbList ListItem ListItem ItemList ListItem ListItem ListItem ListItem,15,A,
https://ekgurulearning.github.io/EkGuru/ru/hindi/index.html,https://ekguru.shop/ru/hindi/,ru,ru,,https://ekguru.shop/ru/hindi/,"index, follow, max-snippet:-1, max-image-preview:large",yes,Изучение хинди — полное руководство | EkGuru,"Как выучить хинди с нуля: письмо деванагари, произношение, первые фразы и то, что русский язык уже даёт вам бесплатно.",Учим хинди с нуля,825,24,no,Article Language Organization Organization FAQPage Question Answer Question Answer Question Answer BreadcrumbList ListItem ListItem,18,A,
https://ekgurulearning.github.io/EkGuru/search/index.html,https://ekguru.shop/search/,search,en,,https://ekguru.shop/search/,"noindex, follow",no,Search — EkGuru | EkGuru,"Search every Hindi guide, answer, tool and tutor page on EkGuru. Runs in your browser.",Search EkGuru,161,47,no,,0,C,
https://ekgurulearning.github.io/EkGuru/terms/index.html,https://ekguru.shop/terms/,terms,en,,https://ekguru.shop/terms/,"index, follow, max-snippet:-1, max-image-preview:large",yes,Terms of Use — EkGuru Hindi Lessons | EkGuru,"The terms for using EkGuru: what a booking request is, what the free guides are, prices and currency, and the limits of what this site promises.",Terms of Use,576,551,no,WebPage WebSite Organization BreadcrumbList ListItem ListItem,0,A,
https://ekgurulearning.github.io/EkGuru/toolbox/hindi-alphabet/index.html,https://ekguru.shop/toolbox/hindi-alphabet/,toolbox,en,,https://ekguru.shop/toolbox/hindi-alphabet/,"index, follow, max-snippet:-1, max-image-preview:large",yes,Hindi Alphabet Explorer — All 44 Letters | EkGuru,"Click any Devanagari letter to see its sound, its vowel mark and a real Hindi word that uses it. All 11 vowels and 33 consonants, free, no sign-up.","The Hindi alphabet, letter by letter",1277,268,no,WebApplication Offer Organization FAQPage Question Answer Question Answer Question Answer Question Answer BreadcrumbList ListItem ListItem ListItem ListItem,0,A,
https://ekgurulearning.github.io/EkGuru/toolbox/hindi-date-time/index.html,https://ekguru.shop/toolbox/hindi-date-time/,toolbox,en,,https://ekguru.shop/toolbox/hindi-date-time/,"index, follow, max-snippet:-1, max-image-preview:large",yes,"Hindi Days, Months and Telling the Time | EkGuru","The seven days, twelve months and how to tell the time in Hindi — including डेढ़ and ढाई, the two irregular forms every learner gets caught by.","Days, months and telling the time in Hindi",721,72,no,WebApplication Offer Organization FAQPage Question Answer Question Answer Question Answer BreadcrumbList ListItem ListItem ListItem ListItem,0,A,
https://ekgurulearning.github.io/EkGuru/toolbox/hindi-flashcards/index.html,https://ekguru.shop/toolbox/hindi-flashcards/,toolbox,en,,https://ekguru.shop/toolbox/hindi-flashcards/,"index, follow, max-snippet:-1, max-image-preview:large",yes,"Hindi Flashcards — Free, No Sign-Up, Saves Progress | EkGuru","Spaced-repetition Hindi flashcards for phrases, numbers, letters, verbs and dates. Progress saved in your browser. No account, no app.",Hindi flashcards,526,181,no,WebApplication Offer Organization FAQPage Question Answer Question Answer Question Answer BreadcrumbList ListItem ListItem ListItem ListItem,0,A,
https://ekgurulearning.github.io/EkGuru/toolbox/hindi-level-test/index.html,https://ekguru.shop/toolbox/hindi-level-test/,toolbox,en,,https://ekguru.shop/toolbox/hindi-level-test/,"index, follow, max-snippet:-1, max-image-preview:large",yes,What Level Is My Hindi? — Free Self-Assessment | EkGuru,"Eight honest questions place your Hindi from absolute beginner to advanced, and tell you what to work on next. Free, no sign-up.",What level is my Hindi?,754,79,no,WebApplication Offer Organization FAQPage Question Answer Question Answer Question Answer BreadcrumbList ListItem ListItem ListItem ListItem,0,A,
https://ekgurulearning.github.io/EkGuru/toolbox/hindi-numbers/index.html,https://ekguru.shop/toolbox/hindi-numbers/,toolbox,en,,https://ekguru.shop/toolbox/hindi-numbers/,"index, follow, max-snippet:-1, max-image-preview:large",yes,Hindi Numbers 0 to 100 — Tool and Full Table | EkGuru,"Every Hindi number from 0 to 100 in Devanagari with pronunciation. Type a number, get the Hindi word, or quiz yourself. Free, no sign-up.","Hindi numbers, 0 to 100",1002,94,no,WebApplication Offer Organization FAQPage Question Answer Question Answer Question Answer Question Answer BreadcrumbList ListItem ListItem ListItem ListItem,0,A,
https://ekgurulearning.github.io/EkGuru/toolbox/hindi-phrasebook/index.html,https://ekguru.shop/toolbox/hindi-phrasebook/,toolbox,en,,https://ekguru.shop/toolbox/hindi-phrasebook/,"index, follow, max-snippet:-1, max-image-preview:large",yes,Hindi Phrasebook — 69 Phrases People Actually Say | EkGuru,"Searchable Hindi phrasebook grouped by situation, with Devanagari, pronunciation and the politeness warnings most lists leave out. Free.",Hindi phrasebook,1551,263,no,WebApplication Offer Organization FAQPage Question Answer Question Answer Question Answer Question Answer BreadcrumbList ListItem ListItem ListItem ListItem,0,A,
https://ekgurulearning.github.io/EkGuru/toolbox/hindi-pronunciation/index.html,https://ekguru.shop/toolbox/hindi-pronunciation/,toolbox,en,,https://ekguru.shop/toolbox/hindi-pronunciation/,"index, follow, max-snippet:-1, max-image-preview:large",yes,Hindi Pronunciation Trainer — Minimal Pairs | EkGuru,"Twelve pairs of real Hindi words differing in one sound: aspiration, dental vs retroflex, and vowel length. The three things that produce a foreign accent.",Hindi pronunciation trainer,862,61,no,WebApplication Offer Organization FAQPage Question Answer Question Answer Question Answer BreadcrumbList ListItem ListItem ListItem ListItem,0,A,
https://ekgurulearning.github.io/EkGuru/toolbox/hindi-quiz/index.html,https://ekguru.shop/toolbox/hindi-quiz/,toolbox,en,,https://ekguru.shop/toolbox/hindi-quiz/,"index, follow, max-snippet:-1, max-image-preview:large",yes,"Free Hindi Quiz — Ten Questions, Different Every Time | EkGuru","Test your Hindi: phrases, numbers and Devanagari letters, drawn at random. Free, instant, no sign-up and no score sent anywhere.",Hindi quiz — ten questions,394,79,no,WebApplication Offer Organization FAQPage Question Answer Question Answer Question Answer BreadcrumbList ListItem ListItem ListItem ListItem,0,A,
https://ekgurulearning.github.io/EkGuru/toolbox/hindi-time-planner/index.html,https://ekguru.shop/toolbox/hindi-time-planner/,toolbox,en,,https://ekguru.shop/toolbox/hindi-time-planner/,"index, follow, max-snippet:-1, max-image-preview:large",yes,How Long Does It Take to Learn Hindi? — Planner | EkGuru,"Enter your real weekly hours and see a projection for reading Devanagari, survival Hindi, conversation and fluency. Honest arithmetic, no promises.",How long will Hindi take me?,604,75,no,WebApplication Offer Organization FAQPage Question Answer Question Answer Question Answer BreadcrumbList ListItem ListItem ListItem ListItem,0,A,
https://ekgurulearning.github.io/EkGuru/toolbox/hindi-typing/index.html,https://ekguru.shop/toolbox/hindi-typing/,toolbox,en,,https://ekguru.shop/toolbox/hindi-typing/,"index, follow, max-snippet:-1, max-image-preview:large",yes,Type in Hindi — Free Devanagari Typing Tool | EkGuru,"Type Hindi in English letters and get Devanagari instantly. Free, no sign-up, works on phone and desktop, with setup instructions for a real Hindi keyboard.",Type in Hindi without a Hindi keyboard,637,91,no,WebApplication Offer Organization FAQPage Question Answer Question Answer Question Answer Question Answer BreadcrumbList ListItem ListItem ListItem ListItem,0,A,
https://ekgurulearning.github.io/EkGuru/toolbox/hindi-verbs/index.html,https://ekguru.shop/toolbox/hindi-verbs/,toolbox,en,,https://ekguru.shop/toolbox/hindi-verbs/,"index, follow, max-snippet:-1, max-image-preview:large",yes,"Hindi Verbs — The First 20, in Three Tenses | EkGuru","The twenty Hindi verbs that appear in almost every conversation, in present, past and future, with the gender agreement shown rather than hidden.",Hindi verbs — the first twenty,755,101,no,WebApplication Offer Organization FAQPage Question Answer Question Answer Question Answer BreadcrumbList ListItem ListItem ListItem ListItem,0,A,
https://ekgurulearning.github.io/EkGuru/toolbox/hindi-vocabulary/index.html,https://ekguru.shop/toolbox/hindi-vocabulary/,toolbox,en,,https://ekguru.shop/toolbox/hindi-vocabulary/,"index, follow, max-snippet:-1, max-image-preview:large",yes,Hindi Vocabulary by Situation — 69 Words | EkGuru,"Hindi vocabulary grouped by situation: greetings, courtesy, travel, food, family. Search it, filter it, hide a column and test yourself. Free.",Hindi vocabulary by situation,1483,26,no,WebApplication Offer Organization FAQPage Question Answer Question Answer Question Answer BreadcrumbList ListItem ListItem ListItem ListItem,0,A,
https://ekgurulearning.github.io/EkGuru/toolbox/index.html,https://ekguru.shop/toolbox/,toolbox,en,,https://ekguru.shop/toolbox/,"index, follow, max-snippet:-1, max-image-preview:large",yes,"Free Hindi Learning Tools — Alphabet, Numbers, Quiz | EkGuru","12 free Hindi tools that run in your browser: alphabet explorer, numbers, phrasebook, flashcards, quiz, typing helper and more. No sign-up.",Free Hindi tools,570,278,no,CollectionPage ItemList ListItem ListItem ListItem ListItem ListItem ListItem ListItem ListItem ListItem ListItem ListItem ListItem BreadcrumbList ListItem ListItem ListItem,0,A,
https://ekgurulearning.github.io/EkGuru/tools/mail-activate.html,https://ekguru.shop/tools/mail-activate.html,tools,en,,,"noindex,nofollow",no,EkGuru — activate booking emails (one-time setup),,Activate booking emails,625,0,YES,,0,C,
https://ekgurulearning.github.io/EkGuru/tr/hindi/index.html,https://ekguru.shop/tr/hindi/,tr,tr,,https://ekguru.shop/tr/hindi/,"index, follow, max-snippet:-1, max-image-preview:large",yes,Hintçe öğrenmek — kapsamlı rehber | EkGuru,"Sıfırdan Hintçe öğrenmek: Devanagari alfabesi, telaffuz, ilk cümleler ve Türkçenin size hazır olarak verdiği avantajlar.",Sıfırdan Hintçe öğrenin,768,22,no,Article Language Organization Organization FAQPage Question Answer Question Answer Question Answer BreadcrumbList ListItem ListItem,18,A,
https://ekgurulearning.github.io/EkGuru/tutor/hemlata/index.html,https://ekguru.shop/tutor/hemlata/,tutor,en,,https://ekguru.shop/tutor/hemlata/,"index, follow, max-snippet:-1, max-image-preview:large, max-video-preview:-1",yes,Hemlata — Online Hindi Tutor | EkGuru,"Book a private Hindi lesson with Hemlata — native speaker from India, 3+ years' experience. Lessons $6 per 50 min. Trial lesson available.",Hemlata,627,50,no,Person PostalAddress Service Offer Course Organization CourseInstance Schedule Offer BreadcrumbList ListItem ListItem ListItem,0,A,
https://ekgurulearning.github.io/EkGuru/tutor/index.html,https://ekguru.shop/tutor/,tutor,en,,https://ekguru.shop/tutor/,"index,follow",yes,All Hindi Tutors — text directory | EkGuru,"Text directory of every Hindi tutor on EkGuru, with prices, subjects and availability.",Hindi tutors on EkGuru,675,4,no,Organization ImageObject Person CollegeOrUniversity ContactPoint BreadcrumbList ListItem ListItem ItemList ListItem Person ListItem Person ListItem Person ListItem Person,0,A,
https://ekgurulearning.github.io/EkGuru/tutor/shikha-dutta/index.html,https://ekguru.shop/tutor/shikha-dutta/,tutor,en,,https://ekguru.shop/tutor/shikha-dutta/,"index, follow, max-snippet:-1, max-image-preview:large, max-video-preview:-1",yes,Shikha Dutta — Online Hindi Tutor | EkGuru,"Book a private Hindi lesson with Shikha Dutta — native speaker from India, 16+ years' experience. Lessons $6 per 50 min. Trial lesson available.",Shikha Dutta,763,50,no,Person PostalAddress Service Offer Course Organization CourseInstance Schedule Offer BreadcrumbList ListItem ListItem ListItem,0,A,
https://ekgurulearning.github.io/EkGuru/tutor/sushila-g/index.html,https://ekguru.shop/tutor/sushila-g/,tutor,en,,https://ekguru.shop/tutor/sushila-g/,"index, follow, max-snippet:-1, max-image-preview:large, max-video-preview:-1",yes,"Sushila G. — Online Hindi Tutor (5.0★, 40 lessons) | EkGuru","Book a private Hindi lesson with Sushila G. — native speaker from India, 3+ years' experience, rated 5.0/5 from 3 reviews. Lessons $6 per 50 min. Trial…",Sushila G.,896,50,no,Person PostalAddress AggregateRating Service Offer Review Person Rating Review Person Rating Review Person Rating VideoObject Course Organization CourseInstance Schedule Offer BreadcrumbList ListItem ListItem ListItem,0,A,
https://ekgurulearning.github.io/EkGuru/tutor/tara/index.html,https://ekguru.shop/tutor/tara/,tutor,en,,https://ekguru.shop/tutor/tara/,"index, follow, max-snippet:-1, max-image-preview:large, max-video-preview:-1",yes,Tara — Online Hindi Tutor | EkGuru,"Book a private Hindi lesson with Tara — native speaker from India, 2+ years' experience. Lessons $6 per 50 min. Trial lesson available.",Tara,568,49,no,Person PostalAddress Service Offer Course Organization CourseInstance Schedule Offer BreadcrumbList ListItem ListItem ListItem,0,A,
https://ekgurulearning.github.io/EkGuru/tutor.html,https://ekguru.shop/tutor.html,tutor.html,en,,https://ekguru.shop/tutor/,"noindex, follow",no,Hindi Tutor Profile | EkGuru,"Hindi tutor profile — about, experience, intro video, availability and contact.","from the tutor data, but a first-pass crawler sees only this file: 48 words of markup and, until now, no heading at all. The pre-rendered pages under /tutor/ / are the canonical version and they do have one — but this URL is linked from the booking flow and gets indexed too. Visually hidden, and replaced the moment main.js runs. --> Hindi tutor profile",107,4,no,,0,C,
https://ekgurulearning.github.io/EkGuru/ur/hindi/index.html,https://ekguru.shop/ur/hindi/,ur,ur,,https://ekguru.shop/ur/hindi/,"index, follow, max-snippet:-1, max-image-preview:large",yes,ہندی سیکھیں — مکمل رہنما | EkGuru,اردو بولنے والوں کے لیے ہندی: دیوناگری رسم الخط، وہ الفاظ جو آپ پہلے سے جانتے ہیں، اور اصل میں سیکھنے کی چیز کیا ہے۔,اردو سے ہندی — آپ پہلے ہی بول لیتے ہیں,825,17,no,Article Language Organization Organization FAQPage Question Answer Question Answer Question Answer BreadcrumbList ListItem ListItem,18,A,
https://ekgurulearning.github.io/EkGuru/vi/hindi/index.html,https://ekguru.shop/vi/hindi/,vi,vi,,https://ekguru.shop/vi/hindi/,"index, follow, max-snippet:-1, max-image-preview:large",yes,Học tiếng Hindi — hướng dẫn đầy đủ | EkGuru,"Cách học tiếng Hindi từ con số không: chữ Devanagari, phát âm, những câu đầu tiên và điều mà người nói tiếng Việt cần chú ý.",Học tiếng Hindi từ đầu,1032,20,no,Article Language Organization Organization FAQPage Question Answer Question Answer Question Answer BreadcrumbList ListItem ListItem,18,A,
https://ekgurulearning.github.io/EkGuru/zh/hindi/index.html,https://ekguru.shop/zh/hindi/,zh,zh,,https://ekguru.shop/zh/hindi/,"index, follow, max-snippet:-1, max-image-preview:large",yes,学习印地语 — 完整指南 | EkGuru,从零开始学习印地语：天城文字母、发音、第一批句子，以及汉语母语者真正需要注意的地方。,从零开始学印地语,855,21,no,Article Language Organization Organization FAQPage Question Answer Question Answer Question Answer BreadcrumbList ListItem ListItem,18,A,
