path,category,title,canonical,robots,indexable,publication_state,ad_class,visible_words,h1_count,duplicate_ids,duplicate_external_scripts,images_missing_alt,internal_links,external_links,forms,adsense_loader,adsense_slots,consent_script,analytics_script,issues
404.html,utility,Page not found | EkGuru,https://ekguru.shop/404.html,"noindex, follow",no,NOINDEX,RESEARCH_REQUIRED,191,1,,,0,1,1,0,no,0,yes,yes,
about/index.html,other,About EkGuru — Who Runs This Site and Why | EkGuru,https://ekguru.shop/about/,"index, follow, max-snippet:-1, max-image-preview:large",yes,PUBLISHED,HIGH_CONTENT,746,1,,,0,48,3,0,no,0,yes,yes,
admin.html,utility,EkGuru — bookings,,"noindex,nofollow,noarchive",no,NOINDEX,ADMIN,3085,2,,,0,0,12,0,no,0,yes,yes,
answers/best-hindi-movies-to-learn-hindi/index.html,answer-content,What are the best Hindi movies for learning Hindi? | EkGuru,https://ekguru.shop/answers/best-hindi-movies-to-learn-hindi/,"index, follow, max-snippet:-1, max-image-preview:large",yes,PUBLISHED,HIGH_CONTENT,591,1,,,0,53,1,0,no,0,yes,yes,
answers/best-way-to-learn-hindi-as-a-beginner/index.html,answer-content,What is the best way to learn Hindi as a complete… | EkGuru,https://ekguru.shop/answers/best-way-to-learn-hindi-as-a-beginner/,"index, follow, max-snippet:-1, max-image-preview:large",yes,PUBLISHED,HIGH_CONTENT,833,1,,,0,55,1,0,no,0,yes,yes,
answers/can-i-learn-hindi-without-learning-the-script/index.html,answer-content,Can I learn Hindi without learning the Devanagari… | EkGuru,https://ekguru.shop/answers/can-i-learn-hindi-without-learning-the-script/,"index, follow, max-snippet:-1, max-image-preview:large",yes,PUBLISHED,HIGH_CONTENT,859,1,,,0,55,1,0,no,0,yes,yes,
answers/difference-between-hindi-and-urdu/index.html,answer-content,What is the difference between Hindi and Urdu? | EkGuru,https://ekguru.shop/answers/difference-between-hindi-and-urdu/,"index, follow, max-snippet:-1, max-image-preview:large",yes,PUBLISHED,HIGH_CONTENT,759,1,,,0,54,1,0,no,0,yes,yes,
answers/hindi-body-parts-vocabulary/index.html,answer-content,What are the body parts in Hindi? | EkGuru,https://ekguru.shop/answers/hindi-body-parts-vocabulary/,"index, follow, max-snippet:-1, max-image-preview:large",yes,PUBLISHED,HIGH_CONTENT,603,1,,,0,55,1,0,no,0,yes,yes,
answers/hindi-colours-list/index.html,answer-content,What are the colours in Hindi? | EkGuru,https://ekguru.shop/answers/hindi-colours-list/,"index, follow, max-snippet:-1, max-image-preview:large",yes,PUBLISHED,HIGH_CONTENT,554,1,,,0,54,1,0,no,0,yes,yes,
answers/hindi-days-of-the-week/index.html,answer-content,What are the days of the week in Hindi? | EkGuru,https://ekguru.shop/answers/hindi-days-of-the-week/,"index, follow, max-snippet:-1, max-image-preview:large",yes,PUBLISHED,HIGH_CONTENT,587,1,,,0,54,1,0,no,0,yes,yes,
answers/hindi-family-words/index.html,answer-content,What are the family words in Hindi? | EkGuru,https://ekguru.shop/answers/hindi-family-words/,"index, follow, max-snippet:-1, max-image-preview:large",yes,PUBLISHED,HIGH_CONTENT,601,1,,,0,55,1,0,no,0,yes,yes,
answers/hindi-greetings-namaste-and-others/index.html,answer-content,What are the common Hindi greetings besides namaste? | EkGuru,https://ekguru.shop/answers/hindi-greetings-namaste-and-others/,"index, follow, max-snippet:-1, max-image-preview:large",yes,PUBLISHED,HIGH_CONTENT,768,1,,,0,55,1,0,no,0,yes,yes,
answers/hindi-months-and-seasons/index.html,answer-content,What are the months and seasons in Hindi? | EkGuru,https://ekguru.shop/answers/hindi-months-and-seasons/,"index, follow, max-snippet:-1, max-image-preview:large",yes,PUBLISHED,HIGH_CONTENT,613,1,,,0,55,1,0,no,0,yes,yes,
answers/hindi-numbers-1-to-100/index.html,answer-content,How do you count to 100 in Hindi? | EkGuru,https://ekguru.shop/answers/hindi-numbers-1-to-100/,"index, follow, max-snippet:-1, max-image-preview:large",yes,PUBLISHED,HIGH_CONTENT,632,1,,,0,54,1,0,no,0,yes,yes,
answers/hindi-phrases-for-travelling-in-india/index.html,answer-content,What Hindi phrases do I need for travelling in India? | EkGuru,https://ekguru.shop/answers/hindi-phrases-for-travelling-in-india/,"index, follow, max-snippet:-1, max-image-preview:large",yes,PUBLISHED,HIGH_CONTENT,647,1,,,0,55,1,0,no,0,yes,yes,
answers/hindi-postpositions-ka-ki-ke/index.html,answer-content,"When do you use ka, ki and ke in Hindi? | EkGuru",https://ekguru.shop/answers/hindi-postpositions-ka-ki-ke/,"index, follow, max-snippet:-1, max-image-preview:large",yes,PUBLISHED,HIGH_CONTENT,645,1,,,0,54,1,0,no,0,yes,yes,
answers/hindi-pronouns-explained/index.html,answer-content,What are the Hindi pronouns and when do you use tu… | EkGuru,https://ekguru.shop/answers/hindi-pronouns-explained/,"index, follow, max-snippet:-1, max-image-preview:large",yes,PUBLISHED,HIGH_CONTENT,779,1,,,0,55,1,0,no,0,yes,yes,
answers/hindi-verb-hona-to-be/index.html,answer-content,How does the verb 'to be' work in Hindi? | EkGuru,https://ekguru.shop/answers/hindi-verb-hona-to-be/,"index, follow, max-snippet:-1, max-image-preview:large",yes,PUBLISHED,HIGH_CONTENT,754,1,,,0,55,1,0,no,0,yes,yes,
answers/hindi-vs-punjabi-vs-bengali/index.html,answer-content,How is Hindi different from Punjabi and Bengali? | EkGuru,https://ekguru.shop/answers/hindi-vs-punjabi-vs-bengali/,"index, follow, max-snippet:-1, max-image-preview:large",yes,PUBLISHED,HIGH_CONTENT,685,1,,,0,55,1,0,no,0,yes,yes,
answers/hindi-vs-sanskrit-difference/index.html,answer-content,What is the difference between Hindi and Sanskrit? | EkGuru,https://ekguru.shop/answers/hindi-vs-sanskrit-difference/,"noindex, follow",no,NOINDEX,RESEARCH_REQUIRED,690,1,,,0,55,1,0,no,0,yes,yes,
answers/hindi-word-order-explained/index.html,answer-content,What is the word order in Hindi? | EkGuru,https://ekguru.shop/answers/hindi-word-order-explained/,"index, follow, max-snippet:-1, max-image-preview:large",yes,PUBLISHED,HIGH_CONTENT,691,1,,,0,55,1,0,no,0,yes,yes,
answers/how-to-ask-for-directions-in-hindi/index.html,answer-content,How do you ask for directions in Hindi? | EkGuru,https://ekguru.shop/answers/how-to-ask-for-directions-in-hindi/,"index, follow, max-snippet:-1, max-image-preview:large",yes,PUBLISHED,HIGH_CONTENT,623,1,,,0,55,1,0,no,0,yes,yes,
answers/how-to-order-food-in-hindi/index.html,answer-content,How do you order food in Hindi? | EkGuru,https://ekguru.shop/answers/how-to-order-food-in-hindi/,"index, follow, max-snippet:-1, max-image-preview:large",yes,PUBLISHED,HIGH_CONTENT,609,1,,,0,55,1,0,no,0,yes,yes,
answers/how-to-practice-hindi-speaking-alone/index.html,answer-content,How can I practise speaking Hindi alone? | EkGuru,https://ekguru.shop/answers/how-to-practice-hindi-speaking-alone/,"index, follow, max-snippet:-1, max-image-preview:large",yes,PUBLISHED,HIGH_CONTENT,714,1,,,0,54,1,0,no,0,yes,yes,
answers/how-to-say-goodbye-in-hindi/index.html,answer-content,How do you say goodbye in Hindi? | EkGuru,https://ekguru.shop/answers/how-to-say-goodbye-in-hindi/,"index, follow, max-snippet:-1, max-image-preview:large",yes,PUBLISHED,HIGH_CONTENT,580,1,,,0,55,1,0,no,0,yes,yes,
answers/how-to-say-i-am-hungry-in-hindi/index.html,answer-content,How do you say I am hungry in Hindi? | EkGuru,https://ekguru.shop/answers/how-to-say-i-am-hungry-in-hindi/,"index, follow, max-snippet:-1, max-image-preview:large",yes,PUBLISHED,HIGH_CONTENT,483,1,,,0,55,1,0,no,0,yes,yes,
answers/how-to-say-i-am-learning-hindi/index.html,answer-content,"How do you say ""I am learning Hindi"" in Hindi? | EkGuru",https://ekguru.shop/answers/how-to-say-i-am-learning-hindi/,"index, follow, max-snippet:-1, max-image-preview:large",yes,PUBLISHED,HIGH_CONTENT,684,1,,,0,54,1,0,no,0,yes,yes,
answers/how-to-say-please-and-thank-you-in-hindi/index.html,answer-content,How do you say please and thank you in Hindi? | EkGuru,https://ekguru.shop/answers/how-to-say-please-and-thank-you-in-hindi/,"index, follow, max-snippet:-1, max-image-preview:large",yes,PUBLISHED,HIGH_CONTENT,695,1,,,0,55,1,0,no,0,yes,yes,
answers/how-to-tell-the-time-in-hindi/index.html,answer-content,How do you tell the time in Hindi? | EkGuru,https://ekguru.shop/answers/how-to-tell-the-time-in-hindi/,"index, follow, max-snippet:-1, max-image-preview:large",yes,PUBLISHED,HIGH_CONTENT,625,1,,,0,55,1,0,no,0,yes,yes,
answers/how-to-type-hindi-on-phone/index.html,answer-content,How do you type in Hindi on a phone or computer? | EkGuru,https://ekguru.shop/answers/how-to-type-hindi-on-phone/,"index, follow, max-snippet:-1, max-image-preview:large",yes,PUBLISHED,HIGH_CONTENT,619,1,,,0,55,1,0,no,0,yes,yes,
answers/index.html,answer-content,Hindi Answers | EkGuru,https://ekguru.shop/answers/,"index, follow, max-snippet:-1, max-image-preview:large",yes,PUBLISHED,HIGH_CONTENT,1482,1,,,0,55,1,0,no,0,yes,yes,
answers/what-does-ji-mean-in-hindi/index.html,answer-content,"What does ""ji"" mean in Hindi? | EkGuru",https://ekguru.shop/answers/what-does-ji-mean-in-hindi/,"index, follow, max-snippet:-1, max-image-preview:large",yes,PUBLISHED,HIGH_CONTENT,636,1,,,0,55,1,0,no,0,yes,yes,
ar/find-tutors.html,other,ابحث عن معلم لغة هندية عبر الإنترنت | EkGuru,https://ekguru.shop/ar/find-tutors.html,"index, follow, max-snippet:-1, max-image-preview:large",yes,PUBLISHED,MEDIUM_CONTENT,475,1,,,0,39,16,0,no,0,yes,yes,
ar/hindi/index.html,other,تعلم اللغة الهندية — دليل شامل | EkGuru,https://ekguru.shop/ar/hindi/,"index, follow, max-snippet:-1, max-image-preview:large",yes,PUBLISHED,MEDIUM_CONTENT,821,1,,,0,60,13,0,no,0,yes,yes,
ar/index.html,other,تعلم اللغة الهندية عبر الإنترنت مع معلم خاص | EkGuru,https://ekguru.shop/ar/,"index, follow, max-snippet:-1, max-image-preview:large",yes,PUBLISHED,MEDIUM_CONTENT,532,1,,,0,65,16,0,no,0,yes,yes,
ar/join.html,other,كن معلم لغة هندية — درّس على EkGuru,https://ekguru.shop/ar/join.html,"index, follow, max-snippet:-1, max-image-preview:large",yes,PUBLISHED,MEDIUM_CONTENT,468,1,,,0,32,16,0,no,0,yes,yes,
ask/best-way-to-learn-hindi-for-beginners/index.html,answer-content,What is the best way to learn Hindi for a complete… | EkGuru,https://ekguru.shop/ask/best-way-to-learn-hindi-for-beginners/,"index, follow, max-snippet:-1, max-image-preview:large",yes,PUBLISHED,HIGH_CONTENT,880,1,,,0,93,1,0,no,0,yes,yes,
ask/can-i-learn-hindi-by-myself/index.html,answer-content,Can I learn Hindi by myself? | EkGuru,https://ekguru.shop/ask/can-i-learn-hindi-by-myself/,"index, follow, max-snippet:-1, max-image-preview:large",yes,PUBLISHED,HIGH_CONTENT,932,1,,,0,93,1,0,no,0,yes,yes,
ask/can-i-learn-hindi-from-bollywood-alone/index.html,answer-content,Can I learn Hindi just by watching Bollywood? | EkGuru,https://ekguru.shop/ask/can-i-learn-hindi-from-bollywood-alone/,"index, follow, max-snippet:-1, max-image-preview:large",yes,PUBLISHED,HIGH_CONTENT,890,1,,,0,91,1,0,no,0,yes,yes,
ask/can-i-learn-hindi-in-3-months/index.html,answer-content,Can I learn Hindi in 3 months? | EkGuru,https://ekguru.shop/ask/can-i-learn-hindi-in-3-months/,"index, follow, max-snippet:-1, max-image-preview:large",yes,PUBLISHED,HIGH_CONTENT,879,1,,,0,92,1,0,no,0,yes,yes,
ask/cheapest-way-to-learn-hindi/index.html,answer-content,What is the cheapest way to learn Hindi? | EkGuru,https://ekguru.shop/ask/cheapest-way-to-learn-hindi/,"index, follow, max-snippet:-1, max-image-preview:large",yes,PUBLISHED,HIGH_CONTENT,948,1,,,0,93,1,0,no,0,yes,yes,
ask/do-hindi-speakers-mind-mistakes/index.html,answer-content,Will Hindi speakers mind if I make mistakes? | EkGuru,https://ekguru.shop/ask/do-hindi-speakers-mind-mistakes/,"index, follow, max-snippet:-1, max-image-preview:large",yes,PUBLISHED,HIGH_CONTENT,900,1,,,0,91,1,0,no,0,yes,yes,
ask/do-i-need-to-learn-devanagari/index.html,answer-content,Do I need to learn the Devanagari script to speak… | EkGuru,https://ekguru.shop/ask/do-i-need-to-learn-devanagari/,"index, follow, max-snippet:-1, max-image-preview:large",yes,PUBLISHED,HIGH_CONTENT,944,1,,,0,93,1,0,no,0,yes,yes,
ask/hindi-alphabet-question/index.html,answer-content,How many letters are in the Hindi alphabet? | EkGuru,https://ekguru.shop/ask/hindi-alphabet-question/,"index, follow, max-snippet:-1, max-image-preview:large",yes,PUBLISHED,HIGH_CONTENT,902,1,,,0,91,1,0,no,0,yes,yes,
ask/hindi-family-question/index.html,answer-content,Why does Hindi have so many words for uncle? | EkGuru,https://ekguru.shop/ask/hindi-family-question/,"index, follow, max-snippet:-1, max-image-preview:large",yes,PUBLISHED,HIGH_CONTENT,875,1,,,0,92,1,0,no,0,yes,yes,
ask/hindi-for-kids-how-to-start/index.html,answer-content,How can I teach my child Hindi? | EkGuru,https://ekguru.shop/ask/hindi-for-kids-how-to-start/,"index, follow, max-snippet:-1, max-image-preview:large",yes,PUBLISHED,HIGH_CONTENT,881,1,,,0,91,1,0,no,0,yes,yes,
ask/hindi-or-urdu-question/index.html,answer-content,Are Hindi and Urdu the same language? | EkGuru,https://ekguru.shop/ask/hindi-or-urdu-question/,"index, follow, max-snippet:-1, max-image-preview:large",yes,PUBLISHED,HIGH_CONTENT,819,1,,,0,91,1,0,no,0,yes,yes,
ask/hindi-or-urdu-which-to-learn/index.html,answer-content,Should I learn Hindi or Urdu? | EkGuru,https://ekguru.shop/ask/hindi-or-urdu-which-to-learn/,"index, follow, max-snippet:-1, max-image-preview:large",yes,PUBLISHED,HIGH_CONTENT,857,1,,,0,91,1,0,no,0,yes,yes,
ask/hindi-words-every-beginner-should-know/index.html,answer-content,What are the most useful Hindi words for a beginner? | EkGuru,https://ekguru.shop/ask/hindi-words-every-beginner-should-know/,"index, follow, max-snippet:-1, max-image-preview:large",yes,PUBLISHED,HIGH_CONTENT,854,1,,,0,93,1,0,no,0,yes,yes,
ask/how-long-to-learn-hindi/index.html,answer-content,How long does it take to learn Hindi? | EkGuru,https://ekguru.shop/ask/how-long-to-learn-hindi/,"index, follow, max-snippet:-1, max-image-preview:large",yes,PUBLISHED,HIGH_CONTENT,848,1,,,0,90,1,0,no,0,yes,yes,
ask/how-long-to-read-hindi-script/index.html,answer-content,How long does it take to learn to read Devanagari? | EkGuru,https://ekguru.shop/ask/how-long-to-read-hindi-script/,"index, follow, max-snippet:-1, max-image-preview:large",yes,PUBLISHED,HIGH_CONTENT,902,1,,,0,91,1,0,no,0,yes,yes,
ask/how-many-words-do-i-need-in-hindi/index.html,answer-content,How many Hindi words do I need to know? | EkGuru,https://ekguru.shop/ask/how-many-words-do-i-need-in-hindi/,"index, follow, max-snippet:-1, max-image-preview:large",yes,PUBLISHED,HIGH_CONTENT,869,1,,,0,91,1,0,no,0,yes,yes,
ask/how-much-does-a-hindi-tutor-cost/index.html,answer-content,How much does a Hindi tutor cost? | EkGuru,https://ekguru.shop/ask/how-much-does-a-hindi-tutor-cost/,"index, follow, max-snippet:-1, max-image-preview:large",yes,PUBLISHED,HIGH_CONTENT,871,1,,,0,91,1,0,no,0,yes,yes,
ask/how-to-count-1-to-10-in-hindi/index.html,answer-content,How do you count from 1 to 10 in Hindi? | EkGuru,https://ekguru.shop/ask/how-to-count-1-to-10-in-hindi/,"index, follow, max-snippet:-1, max-image-preview:large",yes,PUBLISHED,HIGH_CONTENT,891,1,,,0,91,1,0,no,0,yes,yes,
ask/how-to-introduce-yourself-in-hindi/index.html,answer-content,How do you introduce yourself in Hindi? | EkGuru,https://ekguru.shop/ask/how-to-introduce-yourself-in-hindi/,"index, follow, max-snippet:-1, max-image-preview:large",yes,PUBLISHED,HIGH_CONTENT,888,1,,,0,91,1,0,no,0,yes,yes,
ask/how-to-practice-hindi-without-a-partner/index.html,answer-content,How can I practise speaking Hindi if I have nobody… | EkGuru,https://ekguru.shop/ask/how-to-practice-hindi-without-a-partner/,"index, follow, max-snippet:-1, max-image-preview:large",yes,PUBLISHED,HIGH_CONTENT,828,1,,,0,90,1,0,no,0,yes,yes,
ask/how-to-remember-hindi-genders/index.html,answer-content,How do I remember whether a Hindi noun is masculine… | EkGuru,https://ekguru.shop/ask/how-to-remember-hindi-genders/,"index, follow, max-snippet:-1, max-image-preview:large",yes,PUBLISHED,HIGH_CONTENT,881,1,,,0,91,1,0,no,0,yes,yes,
ask/how-to-say-good-morning-in-hindi/index.html,answer-content,How do you say good morning in Hindi? | EkGuru,https://ekguru.shop/ask/how-to-say-good-morning-in-hindi/,"index, follow, max-snippet:-1, max-image-preview:large",yes,PUBLISHED,HIGH_CONTENT,853,1,,,0,92,1,0,no,0,yes,yes,
ask/how-to-say-hello-in-hindi-question/index.html,answer-content,How do you say hello in Hindi? | EkGuru,https://ekguru.shop/ask/how-to-say-hello-in-hindi-question/,"index, follow, max-snippet:-1, max-image-preview:large",yes,PUBLISHED,HIGH_CONTENT,834,1,,,0,91,1,0,no,0,yes,yes,
ask/how-to-say-how-are-you-in-hindi/index.html,answer-content,How do you say how are you in Hindi? | EkGuru,https://ekguru.shop/ask/how-to-say-how-are-you-in-hindi/,"index, follow, max-snippet:-1, max-image-preview:large",yes,PUBLISHED,HIGH_CONTENT,852,1,,,0,93,1,0,no,0,yes,yes,
ask/how-to-say-i-dont-understand-in-hindi/index.html,answer-content,How do you say I don't understand in Hindi? | EkGuru,https://ekguru.shop/ask/how-to-say-i-dont-understand-in-hindi/,"index, follow, max-snippet:-1, max-image-preview:large",yes,PUBLISHED,HIGH_CONTENT,876,1,,,0,91,1,0,no,0,yes,yes,
ask/how-to-say-i-love-you-in-hindi/index.html,answer-content,How do you say I love you in Hindi? | EkGuru,https://ekguru.shop/ask/how-to-say-i-love-you-in-hindi/,"index, follow, max-snippet:-1, max-image-preview:large",yes,PUBLISHED,HIGH_CONTENT,924,1,,,0,91,1,0,no,0,yes,yes,
ask/how-to-say-please-in-hindi/index.html,answer-content,How do you say please in Hindi? | EkGuru,https://ekguru.shop/ask/how-to-say-please-in-hindi/,"index, follow, max-snippet:-1, max-image-preview:large",yes,PUBLISHED,HIGH_CONTENT,863,1,,,0,92,1,0,no,0,yes,yes,
ask/how-to-say-sorry-in-hindi/index.html,answer-content,How do you say sorry in Hindi? | EkGuru,https://ekguru.shop/ask/how-to-say-sorry-in-hindi/,"index, follow, max-snippet:-1, max-image-preview:large",yes,PUBLISHED,HIGH_CONTENT,839,1,,,0,92,1,0,no,0,yes,yes,
ask/how-to-say-sorry-in-hindi-properly/index.html,answer-content,How do you apologise in Hindi? | EkGuru,https://ekguru.shop/ask/how-to-say-sorry-in-hindi-properly/,"index, follow, max-snippet:-1, max-image-preview:large",yes,PUBLISHED,HIGH_CONTENT,878,1,,,0,91,1,0,no,0,yes,yes,
ask/how-to-say-thank-you-in-hindi/index.html,answer-content,How do you say thank you in Hindi? | EkGuru,https://ekguru.shop/ask/how-to-say-thank-you-in-hindi/,"index, follow, max-snippet:-1, max-image-preview:large",yes,PUBLISHED,HIGH_CONTENT,865,1,,,0,91,1,0,no,0,yes,yes,
ask/how-to-say-what-is-your-name-in-hindi/index.html,answer-content,How do you say what is your name in Hindi? | EkGuru,https://ekguru.shop/ask/how-to-say-what-is-your-name-in-hindi/,"index, follow, max-snippet:-1, max-image-preview:large",yes,PUBLISHED,HIGH_CONTENT,799,1,,,0,93,1,0,no,0,yes,yes,
ask/how-to-say-yes-and-no-in-hindi/index.html,answer-content,How do you say yes and no in Hindi? | EkGuru,https://ekguru.shop/ask/how-to-say-yes-and-no-in-hindi/,"index, follow, max-snippet:-1, max-image-preview:large",yes,PUBLISHED,HIGH_CONTENT,862,1,,,0,91,1,0,no,0,yes,yes,
ask/how-to-write-name-hindi-question/index.html,answer-content,How do I write my name in Hindi? | EkGuru,https://ekguru.shop/ask/how-to-write-name-hindi-question/,"index, follow, max-snippet:-1, max-image-preview:large",yes,PUBLISHED,HIGH_CONTENT,844,1,,,0,93,1,0,no,0,yes,yes,
ask/index.html,answer-content,"Hindi Questions, Answered Directly | EkGuru",https://ekguru.shop/ask/,"index, follow, max-snippet:-1, max-image-preview:large",yes,PUBLISHED,HIGH_CONTENT,1942,1,,,0,54,1,0,no,0,yes,yes,
ask/is-duolingo-good-for-hindi/index.html,answer-content,Is Duolingo good for learning Hindi? | EkGuru,https://ekguru.shop/ask/is-duolingo-good-for-hindi/,"index, follow, max-snippet:-1, max-image-preview:large",yes,PUBLISHED,HIGH_CONTENT,932,1,,,0,93,1,0,no,0,yes,yes,
ask/is-hindi-hard-to-learn/index.html,answer-content,Is Hindi hard to learn for English speakers? | EkGuru,https://ekguru.shop/ask/is-hindi-hard-to-learn/,"index, follow, max-snippet:-1, max-image-preview:large",yes,PUBLISHED,HIGH_CONTENT,936,1,,,0,91,1,0,no,0,yes,yes,
ask/is-hindi-or-spanish-easier-to-learn/index.html,answer-content,Is Hindi harder than Spanish? | EkGuru,https://ekguru.shop/ask/is-hindi-or-spanish-easier-to-learn/,"index, follow, max-snippet:-1, max-image-preview:large",yes,PUBLISHED,HIGH_CONTENT,820,1,,,0,90,1,0,no,0,yes,yes,
ask/is-hindi-useful-to-learn/index.html,answer-content,Is Hindi actually useful to learn? | EkGuru,https://ekguru.shop/ask/is-hindi-useful-to-learn/,"index, follow, max-snippet:-1, max-image-preview:large",yes,PUBLISHED,HIGH_CONTENT,884,1,,,0,92,1,0,no,0,yes,yes,
ask/is-italki-or-preply-better-for-hindi/index.html,answer-content,Is italki or Preply better for learning Hindi? | EkGuru,https://ekguru.shop/ask/is-italki-or-preply-better-for-hindi/,"index, follow, max-snippet:-1, max-image-preview:large",yes,PUBLISHED,HIGH_CONTENT,850,1,,,0,91,1,0,no,0,yes,yes,
ask/what-does-acha-mean-in-hindi/index.html,answer-content,What does acha mean in Hindi? | EkGuru,https://ekguru.shop/ask/what-does-acha-mean-in-hindi/,"index, follow, max-snippet:-1, max-image-preview:large",yes,PUBLISHED,HIGH_CONTENT,862,1,,,0,92,1,0,no,0,yes,yes,
ask/what-does-namaste-really-mean/index.html,answer-content,What does namaste actually mean? | EkGuru,https://ekguru.shop/ask/what-does-namaste-really-mean/,"index, follow, max-snippet:-1, max-image-preview:large",yes,PUBLISHED,HIGH_CONTENT,897,1,,,0,91,1,0,no,0,yes,yes,
ask/what-does-yaar-mean-in-hindi/index.html,answer-content,What does yaar mean in Hindi? | EkGuru,https://ekguru.shop/ask/what-does-yaar-mean-in-hindi/,"index, follow, max-snippet:-1, max-image-preview:large",yes,PUBLISHED,HIGH_CONTENT,897,1,,,0,92,1,0,no,0,yes,yes,
ask/what-is-the-best-age-to-learn-hindi/index.html,answer-content,Am I too old to learn Hindi? | EkGuru,https://ekguru.shop/ask/what-is-the-best-age-to-learn-hindi/,"index, follow, max-snippet:-1, max-image-preview:large",yes,PUBLISHED,HIGH_CONTENT,804,1,,,0,90,1,0,no,0,yes,yes,
ask/what-is-the-hardest-part-of-hindi/index.html,answer-content,What is the hardest part of learning Hindi? | EkGuru,https://ekguru.shop/ask/what-is-the-hardest-part-of-hindi/,"index, follow, max-snippet:-1, max-image-preview:large",yes,PUBLISHED,HIGH_CONTENT,916,1,,,0,91,1,0,no,0,yes,yes,
bengali/alphabet/index.html,other,The Bengali alphabet | EkGuru,https://ekguru.shop/bengali/alphabet/,"index, follow, max-snippet:-1, max-image-preview:large",yes,PUBLISHED,MEDIUM_CONTENT,949,1,,,0,83,1,0,no,0,yes,no,
bengali/beginners/index.html,other,Bengali for absolute beginners | EkGuru,https://ekguru.shop/bengali/beginners/,"index, follow, max-snippet:-1, max-image-preview:large",yes,PUBLISHED,MEDIUM_CONTENT,908,1,,,0,83,1,0,no,0,yes,no,
bengali/bengali-vs-assamese/index.html,other,Bengali vs Assamese | EkGuru,https://ekguru.shop/bengali/bengali-vs-assamese/,"noindex, follow",no,NOINDEX,RESEARCH_REQUIRED,912,1,,,0,83,1,0,no,0,yes,no,
bengali/bollywood/index.html,other,Learning from Bengali cinema | EkGuru,https://ekguru.shop/bengali/bollywood/,"index, follow, max-snippet:-1, max-image-preview:large",yes,PUBLISHED,MEDIUM_CONTENT,819,1,,,0,83,1,0,no,0,yes,no,
bengali/business/index.html,other,Bengali for work and business | EkGuru,https://ekguru.shop/bengali/business/,"index, follow, max-snippet:-1, max-image-preview:large",yes,PUBLISHED,MEDIUM_CONTENT,859,1,,,0,83,1,0,no,0,yes,no,
bengali/conversation/index.html,other,Real Bengali conversation | EkGuru,https://ekguru.shop/bengali/conversation/,"index, follow, max-snippet:-1, max-image-preview:large",yes,PUBLISHED,MEDIUM_CONTENT,873,1,,,0,83,1,0,no,0,yes,no,
bengali/emergency/index.html,other,Emergency Bengali | EkGuru,https://ekguru.shop/bengali/emergency/,"index, follow, max-snippet:-1, max-image-preview:large",yes,PUBLISHED,MEDIUM_CONTENT,840,1,,,0,83,1,0,no,0,yes,no,
bengali/family/index.html,other,Family words in Bengali | EkGuru,https://ekguru.shop/bengali/family/,"index, follow, max-snippet:-1, max-image-preview:large",yes,PUBLISHED,MEDIUM_CONTENT,885,1,,,0,83,1,0,no,0,yes,no,
bengali/flashcards-topic/index.html,other,Flashcards by topic in Bengali | EkGuru,https://ekguru.shop/bengali/flashcards-topic/,"index, follow, max-snippet:-1, max-image-preview:large",yes,PUBLISHED,MEDIUM_CONTENT,831,1,,,0,82,1,0,no,0,yes,no,
bengali/for-kids/index.html,other,Bengali for kids | EkGuru,https://ekguru.shop/bengali/for-kids/,"index, follow, max-snippet:-1, max-image-preview:large",yes,PUBLISHED,MEDIUM_CONTENT,829,1,,,0,83,1,0,no,0,yes,no,
bengali/formal-informal/index.html,other,Formal and informal Bengali | EkGuru,https://ekguru.shop/bengali/formal-informal/,"index, follow, max-snippet:-1, max-image-preview:large",yes,PUBLISHED,MEDIUM_CONTENT,887,1,,,0,83,1,0,no,0,yes,no,
bengali/grammar/index.html,other,Bengali grammar | EkGuru,https://ekguru.shop/bengali/grammar/,"index, follow, max-snippet:-1, max-image-preview:large",yes,PUBLISHED,MEDIUM_CONTENT,839,1,,,0,83,1,0,no,0,yes,no,
bengali/greetings/index.html,other,Saying hello the Bengali way | EkGuru,https://ekguru.shop/bengali/greetings/,"index, follow, max-snippet:-1, max-image-preview:large",yes,PUBLISHED,MEDIUM_CONTENT,911,1,,,0,82,1,0,no,0,yes,no,
bengali/heritage/index.html,other,Bengali for heritage learners | EkGuru,https://ekguru.shop/bengali/heritage/,"index, follow, max-snippet:-1, max-image-preview:large",yes,PUBLISHED,MEDIUM_CONTENT,866,1,,,0,83,1,0,no,0,yes,no,
bengali/how-long/index.html,other,How long does Bengali take? | EkGuru,https://ekguru.shop/bengali/how-long/,"index, follow, max-snippet:-1, max-image-preview:large",yes,PUBLISHED,MEDIUM_CONTENT,847,1,,,0,83,1,0,no,0,yes,no,
bengali/index.html,other,Learn Bengali (বাংলা) | EkGuru,https://ekguru.shop/learn/bengali/,"noindex, follow",no,NOINDEX,RESEARCH_REQUIRED,1026,1,,,0,45,1,0,no,0,yes,no,
bengali/indian-languages/index.html,other,Bengali among Indian languages | EkGuru,https://ekguru.shop/bengali/indian-languages/,"index, follow, max-snippet:-1, max-image-preview:large",yes,PUBLISHED,MEDIUM_CONTENT,867,1,,,0,83,1,0,no,0,yes,no,
bengali/listening/index.html,other,Understanding spoken Bengali | EkGuru,https://ekguru.shop/bengali/listening/,"index, follow, max-snippet:-1, max-image-preview:large",yes,PUBLISHED,MEDIUM_CONTENT,876,1,,,0,83,1,0,no,0,yes,no,
bengali/mistakes/index.html,other,Mistakes every learner makes in Bengali | EkGuru,https://ekguru.shop/bengali/mistakes/,"index, follow, max-snippet:-1, max-image-preview:large",yes,PUBLISHED,MEDIUM_CONTENT,926,1,,,0,83,1,0,no,0,yes,no,
bengali/name-topic/index.html,other,Write your name in Bengali | EkGuru,https://ekguru.shop/bengali/name-topic/,"index, follow, max-snippet:-1, max-image-preview:large",yes,PUBLISHED,MEDIUM_CONTENT,901,1,,,0,83,1,0,no,0,yes,no,
bengali/numbers/index.html,other,Bengali numbers 1–100 | EkGuru,https://ekguru.shop/bengali/numbers/,"index, follow, max-snippet:-1, max-image-preview:large",yes,PUBLISHED,MEDIUM_CONTENT,945,1,,,0,84,1,0,no,0,yes,no,
bengali/phrases-food/index.html,other,Bengali food phrases | EkGuru,https://ekguru.shop/bengali/phrases-food/,"index, follow, max-snippet:-1, max-image-preview:large",yes,PUBLISHED,MEDIUM_CONTENT,857,1,,,0,83,1,0,no,0,yes,no,
bengali/phrases-travel/index.html,other,Travel phrases in Bengali | EkGuru,https://ekguru.shop/bengali/phrases-travel/,"index, follow, max-snippet:-1, max-image-preview:large",yes,PUBLISHED,MEDIUM_CONTENT,885,1,,,0,83,1,0,no,0,yes,no,
bengali/pronunciation/index.html,other,Bengali pronunciation | EkGuru,https://ekguru.shop/bengali/pronunciation/,"index, follow, max-snippet:-1, max-image-preview:large",yes,PUBLISHED,MEDIUM_CONTENT,880,1,,,0,83,1,0,no,0,yes,no,
bengali/reading/index.html,other,Reading Bengali | EkGuru,https://ekguru.shop/bengali/reading/,"index, follow, max-snippet:-1, max-image-preview:large",yes,PUBLISHED,MEDIUM_CONTENT,842,1,,,0,83,1,0,no,0,yes,no,
bengali/relationships/index.html,other,Talking about relationships in Bengali | EkGuru,https://ekguru.shop/bengali/relationships/,"index, follow, max-snippet:-1, max-image-preview:large",yes,PUBLISHED,MEDIUM_CONTENT,828,1,,,0,83,1,0,no,0,yes,no,
bengali/sentence-structure/index.html,other,Bengali sentence structure | EkGuru,https://ekguru.shop/bengali/sentence-structure/,"index, follow, max-snippet:-1, max-image-preview:large",yes,PUBLISHED,MEDIUM_CONTENT,887,1,,,0,83,1,0,no,0,yes,no,
bengali/shopping/index.html,other,Shopping and bargaining in Bengali | EkGuru,https://ekguru.shop/bengali/shopping/,"index, follow, max-snippet:-1, max-image-preview:large",yes,PUBLISHED,MEDIUM_CONTENT,894,1,,,0,83,1,0,no,0,yes,no,
bengali/slang/index.html,other,Bengali slang | EkGuru,https://ekguru.shop/bengali/slang/,"index, follow, max-snippet:-1, max-image-preview:large",yes,PUBLISHED,MEDIUM_CONTENT,855,1,,,0,83,1,0,no,0,yes,no,
bengali/speaking/index.html,other,Speaking practice in Bengali | EkGuru,https://ekguru.shop/bengali/speaking/,"index, follow, max-snippet:-1, max-image-preview:large",yes,PUBLISHED,MEDIUM_CONTENT,955,1,,,0,83,1,0,no,0,yes,no,
bengali/time-date/index.html,other,Time and dates in Bengali | EkGuru,https://ekguru.shop/bengali/time-date/,"index, follow, max-snippet:-1, max-image-preview:large",yes,PUBLISHED,MEDIUM_CONTENT,854,1,,,0,83,1,0,no,0,yes,no,
bengali/verbs/index.html,other,Bengali verbs | EkGuru,https://ekguru.shop/bengali/verbs/,"index, follow, max-snippet:-1, max-image-preview:large",yes,PUBLISHED,MEDIUM_CONTENT,875,1,,,0,83,1,0,no,0,yes,no,
bengali/vocabulary/index.html,other,Core Bengali vocabulary | EkGuru,https://ekguru.shop/bengali/vocabulary/,"index, follow, max-snippet:-1, max-image-preview:large",yes,PUBLISHED,MEDIUM_CONTENT,825,1,,,0,83,1,0,no,0,yes,no,
bengali/writing/index.html,other,Writing Bengali | EkGuru,https://ekguru.shop/bengali/writing/,"index, follow, max-snippet:-1, max-image-preview:large",yes,PUBLISHED,MEDIUM_CONTENT,881,1,,,0,83,1,0,no,0,yes,no,
bn/hindi/index.html,other,হিন্দি শেখা — সম্পূর্ণ নির্দেশিকা | EkGuru,https://ekguru.shop/bn/hindi/,"index, follow, max-snippet:-1, max-image-preview:large",yes,PUBLISHED,MEDIUM_CONTENT,941,1,,,0,59,13,0,no,0,yes,yes,
contact/index.html,form,Contact EkGuru — Talk to a Real Person | EkGuru,https://ekguru.shop/contact/,"index, follow, max-snippet:-1, max-image-preview:large",yes,PUBLISHED,TRANSACTIONAL,531,1,,,0,40,1,1,no,0,yes,yes,
cookie-policy/index.html,legal,Cookie Policy — Every Cookie and Every Storage Key | EkGuru,https://ekguru.shop/cookie-policy/,"index, follow, max-snippet:-1, max-image-preview:large",yes,PUBLISHED,UTILITY,638,1,,,0,39,2,0,no,0,yes,yes,
copyright/index.html,legal,Copyright & Content Use — EkGuru,https://ekguru.shop/copyright/,"index, follow, max-snippet:-1, max-image-preview:large",yes,PUBLISHED,UTILITY,515,1,,,0,39,2,0,no,0,yes,yes,
courses/by-country/index.html,other,"Language Courses by Country — Every Language, Ever | EkGuru",https://ekguru.shop/courses/by-country/,"index, follow, max-snippet:-1, max-image-preview:large",yes,PUBLISHED,INTERACTIVE_LEARNING,449,1,,,0,72,1,0,no,0,yes,yes,
courses/index.html,course-catalogue,Free published language courses | EkGuru,https://ekguru.shop/courses/,"index, follow, max-snippet:-1, max-image-preview:large",yes,PUBLISHED,INTERACTIVE_LEARNING,777,1,,,0,59,1,0,no,0,yes,no,
daily-hindi/day-1/index.html,learning-content,"Day 1: Namaste, and the sound of Hindi — Daily Hindi | EkGuru",https://ekguru.shop/daily-hindi/day-1/,"index, follow, max-snippet:-1, max-image-preview:large",yes,PUBLISHED,HIGH_CONTENT,639,1,,,0,53,1,0,no,0,yes,yes,
daily-hindi/day-10/index.html,learning-content,Day 10: Vowels and matras — Daily Hindi | EkGuru,https://ekguru.shop/daily-hindi/day-10/,"index, follow, max-snippet:-1, max-image-preview:large",yes,PUBLISHED,HIGH_CONTENT,675,1,,,0,54,1,0,no,0,yes,yes,
daily-hindi/day-11/index.html,learning-content,Day 11: I don't understand — Daily Hindi | EkGuru,https://ekguru.shop/daily-hindi/day-11/,"index, follow, max-snippet:-1, max-image-preview:large",yes,PUBLISHED,HIGH_CONTENT,614,1,,,0,54,1,0,no,0,yes,yes,
daily-hindi/day-12/index.html,learning-content,Day 12: Reading your first words — Daily Hindi | EkGuru,https://ekguru.shop/daily-hindi/day-12/,"index, follow, max-snippet:-1, max-image-preview:large",yes,PUBLISHED,HIGH_CONTENT,657,1,,,0,54,1,0,no,0,yes,yes,
daily-hindi/day-13/index.html,learning-content,"Day 13: Numbers 11 to 20, and prices — Daily Hindi | EkGuru",https://ekguru.shop/daily-hindi/day-13/,"index, follow, max-snippet:-1, max-image-preview:large",yes,PUBLISHED,HIGH_CONTENT,649,1,,,0,54,1,0,no,0,yes,yes,
daily-hindi/day-14/index.html,learning-content,"Day 14: This, that, here, there — Daily Hindi | EkGuru",https://ekguru.shop/daily-hindi/day-14/,"index, follow, max-snippet:-1, max-image-preview:large",yes,PUBLISHED,HIGH_CONTENT,603,1,,,0,54,1,0,no,0,yes,yes,
daily-hindi/day-15/index.html,learning-content,Day 15: Asking how much — Daily Hindi | EkGuru,https://ekguru.shop/daily-hindi/day-15/,"index, follow, max-snippet:-1, max-image-preview:large",yes,PUBLISHED,HIGH_CONTENT,629,1,,,0,54,1,0,no,0,yes,yes,
daily-hindi/day-16/index.html,learning-content,Day 16: Gender — the thing English did not prepare… | EkGuru,https://ekguru.shop/daily-hindi/day-16/,"index, follow, max-snippet:-1, max-image-preview:large",yes,PUBLISHED,HIGH_CONTENT,628,1,,,0,54,1,0,no,0,yes,yes,
daily-hindi/day-17/index.html,learning-content,Day 17: Your first verbs — Daily Hindi | EkGuru,https://ekguru.shop/daily-hindi/day-17/,"index, follow, max-snippet:-1, max-image-preview:large",yes,PUBLISHED,HIGH_CONTENT,568,1,,,0,54,1,0,no,0,yes,yes,
daily-hindi/day-18/index.html,learning-content,"Day 18: The present tense, and your own gender… | EkGuru",https://ekguru.shop/daily-hindi/day-18/,"index, follow, max-snippet:-1, max-image-preview:large",yes,PUBLISHED,HIGH_CONTENT,613,1,,,0,54,1,0,no,0,yes,yes,
daily-hindi/day-19/index.html,learning-content,Day 19: Directions — Daily Hindi | EkGuru,https://ekguru.shop/daily-hindi/day-19/,"index, follow, max-snippet:-1, max-image-preview:large",yes,PUBLISHED,HIGH_CONTENT,614,1,,,0,54,1,0,no,0,yes,yes,
daily-hindi/day-2/index.html,learning-content,"Day 2: Your name, and theirs — Daily Hindi | EkGuru",https://ekguru.shop/daily-hindi/day-2/,"index, follow, max-snippet:-1, max-image-preview:large",yes,PUBLISHED,HIGH_CONTENT,624,1,,,0,54,1,0,no,0,yes,yes,
daily-hindi/day-20/index.html,learning-content,Day 20: Ordering food — Daily Hindi | EkGuru,https://ekguru.shop/daily-hindi/day-20/,"index, follow, max-snippet:-1, max-image-preview:large",yes,PUBLISHED,HIGH_CONTENT,642,1,,,0,54,1,0,no,0,yes,yes,
daily-hindi/day-21/index.html,learning-content,"Day 21: The past tense, part one — Daily Hindi | EkGuru",https://ekguru.shop/daily-hindi/day-21/,"index, follow, max-snippet:-1, max-image-preview:large",yes,PUBLISHED,HIGH_CONTENT,600,1,,,0,54,1,0,no,0,yes,yes,
daily-hindi/day-22/index.html,learning-content,Day 22: ने — the hardest thing in Hindi — Daily Hindi | EkGuru,https://ekguru.shop/daily-hindi/day-22/,"index, follow, max-snippet:-1, max-image-preview:large",yes,PUBLISHED,HIGH_CONTENT,637,1,,,0,54,1,0,no,0,yes,yes,
daily-hindi/day-23/index.html,learning-content,Day 23: The future — Daily Hindi | EkGuru,https://ekguru.shop/daily-hindi/day-23/,"index, follow, max-snippet:-1, max-image-preview:large",yes,PUBLISHED,HIGH_CONTENT,566,1,,,0,54,1,0,no,0,yes,yes,
daily-hindi/day-24/index.html,learning-content,Day 24: Days and time — Daily Hindi | EkGuru,https://ekguru.shop/daily-hindi/day-24/,"index, follow, max-snippet:-1, max-image-preview:large",yes,PUBLISHED,HIGH_CONTENT,640,1,,,0,54,1,0,no,0,yes,yes,
daily-hindi/day-25/index.html,learning-content,Day 25: Family words — Daily Hindi | EkGuru,https://ekguru.shop/daily-hindi/day-25/,"index, follow, max-snippet:-1, max-image-preview:large",yes,PUBLISHED,HIGH_CONTENT,619,1,,,0,54,1,0,no,0,yes,yes,
daily-hindi/day-26/index.html,learning-content,Day 26: Likes and wants — Daily Hindi | EkGuru,https://ekguru.shop/daily-hindi/day-26/,"index, follow, max-snippet:-1, max-image-preview:large",yes,PUBLISHED,HIGH_CONTENT,640,1,,,0,54,1,0,no,0,yes,yes,
daily-hindi/day-27/index.html,learning-content,Day 27: Small talk that is not a phrasebook — Daily… | EkGuru,https://ekguru.shop/daily-hindi/day-27/,"index, follow, max-snippet:-1, max-image-preview:large",yes,PUBLISHED,HIGH_CONTENT,649,1,,,0,54,1,0,no,0,yes,yes,
daily-hindi/day-28/index.html,learning-content,Day 28: Listening at real speed — Daily Hindi | EkGuru,https://ekguru.shop/daily-hindi/day-28/,"index, follow, max-snippet:-1, max-image-preview:large",yes,PUBLISHED,HIGH_CONTENT,604,1,,,0,54,1,0,no,0,yes,yes,
daily-hindi/day-29/index.html,learning-content,Day 29: Writing your own sentences — Daily Hindi | EkGuru,https://ekguru.shop/daily-hindi/day-29/,"index, follow, max-snippet:-1, max-image-preview:large",yes,PUBLISHED,HIGH_CONTENT,594,1,,,0,54,1,0,no,0,yes,yes,
daily-hindi/day-3/index.html,learning-content,Day 3: Numbers 1 to 10 — Daily Hindi | EkGuru,https://ekguru.shop/daily-hindi/day-3/,"index, follow, max-snippet:-1, max-image-preview:large",yes,PUBLISHED,HIGH_CONTENT,662,1,,,0,54,1,0,no,0,yes,yes,
daily-hindi/day-30/index.html,learning-content,Day 30: What comes after thirty days — Daily Hindi | EkGuru,https://ekguru.shop/daily-hindi/day-30/,"index, follow, max-snippet:-1, max-image-preview:large",yes,PUBLISHED,HIGH_CONTENT,677,1,,,0,54,1,0,no,0,yes,yes,
daily-hindi/day-4/index.html,learning-content,"Day 4: Thank you, sorry, please — Daily Hindi | EkGuru",https://ekguru.shop/daily-hindi/day-4/,"index, follow, max-snippet:-1, max-image-preview:large",yes,PUBLISHED,HIGH_CONTENT,586,1,,,0,54,1,0,no,0,yes,yes,
daily-hindi/day-5/index.html,learning-content,Day 5: How are you — and the आप problem — Daily Hindi | EkGuru,https://ekguru.shop/daily-hindi/day-5/,"index, follow, max-snippet:-1, max-image-preview:large",yes,PUBLISHED,HIGH_CONTENT,610,1,,,0,54,1,0,no,0,yes,yes,
daily-hindi/day-6/index.html,learning-content,Day 6: The alphabet — the back of the mouth — Daily… | EkGuru,https://ekguru.shop/daily-hindi/day-6/,"index, follow, max-snippet:-1, max-image-preview:large",yes,PUBLISHED,HIGH_CONTENT,684,1,,,0,54,1,0,no,0,yes,yes,
daily-hindi/day-7/index.html,learning-content,Day 7: The alphabet — palate and retroflex — Daily… | EkGuru,https://ekguru.shop/daily-hindi/day-7/,"index, follow, max-snippet:-1, max-image-preview:large",yes,PUBLISHED,HIGH_CONTENT,740,1,,,0,54,1,0,no,0,yes,yes,
daily-hindi/day-8/index.html,learning-content,Day 8: Where are you from — Daily Hindi | EkGuru,https://ekguru.shop/daily-hindi/day-8/,"index, follow, max-snippet:-1, max-image-preview:large",yes,PUBLISHED,HIGH_CONTENT,615,1,,,0,54,1,0,no,0,yes,yes,
daily-hindi/day-9/index.html,learning-content,Day 9: The alphabet — teeth and lips — Daily Hindi | EkGuru,https://ekguru.shop/daily-hindi/day-9/,"index, follow, max-snippet:-1, max-image-preview:large",yes,PUBLISHED,HIGH_CONTENT,751,1,,,0,54,1,0,no,0,yes,yes,
daily-hindi/index.html,learning-content,Daily Hindi — Free 30-Day Beginner Course | EkGuru,https://ekguru.shop/daily-hindi/,"index, follow, max-snippet:-1, max-image-preview:large",yes,PUBLISHED,HIGH_CONTENT,899,1,,,0,92,1,0,no,0,yes,yes,
de/find-tutors.html,other,Hindi-Lehrer online finden | EkGuru,https://ekguru.shop/de/find-tutors.html,"index, follow, max-snippet:-1, max-image-preview:large",yes,PUBLISHED,MEDIUM_CONTENT,467,1,,,0,39,16,0,no,0,yes,yes,
de/hindi/index.html,other,Hindi lernen online — der komplette Leitfaden | EkGuru,https://ekguru.shop/de/hindi/,"index, follow, max-snippet:-1, max-image-preview:large",yes,PUBLISHED,MEDIUM_CONTENT,891,1,,,0,60,13,0,no,0,yes,yes,
de/index.html,other,Hindi online lernen mit Privatlehrer | EkGuru,https://ekguru.shop/de/,"index, follow, max-snippet:-1, max-image-preview:large",yes,PUBLISHED,MEDIUM_CONTENT,516,1,,,0,65,16,0,no,0,yes,yes,
de/join.html,other,Hindi-Lehrer werden — Unterrichte auf EkGuru,https://ekguru.shop/de/join.html,"index, follow, max-snippet:-1, max-image-preview:large",yes,PUBLISHED,MEDIUM_CONTENT,468,1,,,0,32,16,0,no,0,yes,yes,
disclaimer/index.html,legal,"Disclaimer — Accuracy, Prices and Advertising on… | EkGuru",https://ekguru.shop/disclaimer/,"index, follow, max-snippet:-1, max-image-preview:large",yes,PUBLISHED,UTILITY,541,1,,,0,41,2,0,no,0,yes,yes,
es/find-tutors.html,other,Encuentra un profesor de hindi online | EkGuru,https://ekguru.shop/es/find-tutors.html,"index, follow, max-snippet:-1, max-image-preview:large",yes,PUBLISHED,MEDIUM_CONTENT,548,1,,,0,39,16,0,no,0,yes,yes,
es/hindi/index.html,other,Aprender hindi online — guía completa | EkGuru,https://ekguru.shop/es/hindi/,"index, follow, max-snippet:-1, max-image-preview:large",yes,PUBLISHED,MEDIUM_CONTENT,1021,1,,,0,60,13,0,no,0,yes,yes,
es/index.html,other,Aprende hindi online con un profesor particular | EkGuru,https://ekguru.shop/es/,"index, follow, max-snippet:-1, max-image-preview:large",yes,PUBLISHED,MEDIUM_CONTENT,598,1,,,0,65,16,0,no,0,yes,yes,
es/join.html,other,Sé profesor de hindi — Enseña en EkGuru,https://ekguru.shop/es/join.html,"index, follow, max-snippet:-1, max-image-preview:large",yes,PUBLISHED,MEDIUM_CONTENT,542,1,,,0,32,16,0,no,0,yes,yes,
faq/index.html,other,Hindi Learning FAQ — Real Answers to Real Questions | EkGuru,https://ekguru.shop/faq/,"index, follow, max-snippet:-1, max-image-preview:large",yes,PUBLISHED,MEDIUM_CONTENT,964,1,,,0,68,1,0,no,0,yes,yes,
find-tutors.html,tutor,Find a Hindi Tutor Online — Tutor Profiles | EkGuru,https://ekguru.shop/find-tutors.html,"index, follow, max-snippet:-1, max-image-preview:large",yes,PUBLISHED,MEDIUM_CONTENT,797,1,,,0,0,9,0,no,0,yes,yes,
fr/find-tutors.html,other,Trouvez un professeur d'hindi en ligne | EkGuru,https://ekguru.shop/fr/find-tutors.html,"index, follow, max-snippet:-1, max-image-preview:large",yes,PUBLISHED,MEDIUM_CONTENT,534,1,,,0,39,16,0,no,0,yes,yes,
fr/hindi/index.html,other,Apprendre l'hindi en ligne — le guide complet | EkGuru,https://ekguru.shop/fr/hindi/,"index, follow, max-snippet:-1, max-image-preview:large",yes,PUBLISHED,MEDIUM_CONTENT,975,1,,,0,60,13,0,no,0,yes,yes,
fr/index.html,other,Cours d'hindi en ligne avec un professeur natif | EkGuru,https://ekguru.shop/fr/,"index, follow, max-snippet:-1, max-image-preview:large",yes,PUBLISHED,MEDIUM_CONTENT,617,1,,,0,65,16,0,no,0,yes,yes,
fr/join.html,other,Devenez professeur d'hindi — Enseignez sur EkGuru,https://ekguru.shop/fr/join.html,"index, follow, max-snippet:-1, max-image-preview:large",yes,PUBLISHED,MEDIUM_CONTENT,561,1,,,0,32,16,0,no,0,yes,yes,
gujarati/alphabet/index.html,other,Gujarati alphabet | EkGuru,https://ekguru.shop/gujarati/alphabet/,"index, follow, max-snippet:-1, max-image-preview:large",yes,PUBLISHED,MEDIUM_CONTENT,728,1,,,0,83,1,0,no,0,yes,no,
gujarati/beginners/index.html,other,Gujarati for absolute beginners | EkGuru,https://ekguru.shop/gujarati/beginners/,"index, follow, max-snippet:-1, max-image-preview:large",yes,PUBLISHED,MEDIUM_CONTENT,684,1,,,0,83,1,0,no,0,yes,no,
gujarati/business/index.html,other,Gujarati for work and business | EkGuru,https://ekguru.shop/gujarati/business/,"index, follow, max-snippet:-1, max-image-preview:large",yes,PUBLISHED,MEDIUM_CONTENT,659,1,,,0,83,1,0,no,0,yes,no,
gujarati/conversation/index.html,other,Real Gujarati conversation | EkGuru,https://ekguru.shop/gujarati/conversation/,"index, follow, max-snippet:-1, max-image-preview:large",yes,PUBLISHED,MEDIUM_CONTENT,685,1,,,0,83,1,0,no,0,yes,no,
gujarati/emergency/index.html,other,Emergency Gujarati | EkGuru,https://ekguru.shop/gujarati/emergency/,"index, follow, max-snippet:-1, max-image-preview:large",yes,PUBLISHED,MEDIUM_CONTENT,711,1,,,0,83,1,0,no,0,yes,no,
gujarati/family/index.html,other,Family words in Gujarati | EkGuru,https://ekguru.shop/gujarati/family/,"index, follow, max-snippet:-1, max-image-preview:large",yes,PUBLISHED,MEDIUM_CONTENT,636,1,,,0,83,1,0,no,0,yes,no,
gujarati/flashcards-topic/index.html,other,Flashcards by topic in Gujarati | EkGuru,https://ekguru.shop/gujarati/flashcards-topic/,"index, follow, max-snippet:-1, max-image-preview:large",yes,PUBLISHED,MEDIUM_CONTENT,652,1,,,0,82,1,0,no,0,yes,no,
gujarati/for-kids/index.html,other,Gujarati for kids | EkGuru,https://ekguru.shop/gujarati/for-kids/,"index, follow, max-snippet:-1, max-image-preview:large",yes,PUBLISHED,MEDIUM_CONTENT,646,1,,,0,83,1,0,no,0,yes,no,
gujarati/formal-informal/index.html,other,Formal and informal Gujarati | EkGuru,https://ekguru.shop/gujarati/formal-informal/,"index, follow, max-snippet:-1, max-image-preview:large",yes,PUBLISHED,MEDIUM_CONTENT,717,1,,,0,83,1,0,no,0,yes,no,
gujarati/grammar/index.html,other,"Gujarati grammar, plainly explained | EkGuru",https://ekguru.shop/gujarati/grammar/,"index, follow, max-snippet:-1, max-image-preview:large",yes,PUBLISHED,MEDIUM_CONTENT,702,1,,,0,83,1,0,no,0,yes,no,
gujarati/greetings/index.html,other,Saying hello the Gujarati way | EkGuru,https://ekguru.shop/gujarati/greetings/,"index, follow, max-snippet:-1, max-image-preview:large",yes,PUBLISHED,MEDIUM_CONTENT,726,1,,,0,82,1,0,no,0,yes,no,
gujarati/gujarati-cinema/index.html,other,Learning from Gujarati cinema | EkGuru,https://ekguru.shop/gujarati/gujarati-cinema/,"index, follow, max-snippet:-1, max-image-preview:large",yes,PUBLISHED,MEDIUM_CONTENT,663,1,,,0,83,1,0,no,0,yes,no,
gujarati/gujarati-vs-hindi/index.html,other,Gujarati vs Hindi | EkGuru,https://ekguru.shop/gujarati/gujarati-vs-hindi/,"index, follow, max-snippet:-1, max-image-preview:large",yes,PUBLISHED,MEDIUM_CONTENT,711,1,,,0,83,1,0,no,0,yes,no,
gujarati/heritage/index.html,other,Gujarati for heritage learners | EkGuru,https://ekguru.shop/gujarati/heritage/,"index, follow, max-snippet:-1, max-image-preview:large",yes,PUBLISHED,MEDIUM_CONTENT,696,1,,,0,83,1,0,no,0,yes,no,
gujarati/how-long/index.html,other,How long does Gujarati take? | EkGuru,https://ekguru.shop/gujarati/how-long/,"index, follow, max-snippet:-1, max-image-preview:large",yes,PUBLISHED,MEDIUM_CONTENT,691,1,,,0,83,1,0,no,0,yes,no,
gujarati/index.html,other,Learn Gujarati (ગુજરાતી) | EkGuru,https://ekguru.shop/learn/gujarati/,"noindex, follow",no,NOINDEX,RESEARCH_REQUIRED,922,1,,,0,45,1,0,no,0,yes,no,
gujarati/indian-languages/index.html,other,Gujarati among Indian languages | EkGuru,https://ekguru.shop/gujarati/indian-languages/,"index, follow, max-snippet:-1, max-image-preview:large",yes,PUBLISHED,MEDIUM_CONTENT,644,1,,,0,83,1,0,no,0,yes,no,
gujarati/listening/index.html,other,Understanding spoken Gujarati | EkGuru,https://ekguru.shop/gujarati/listening/,"index, follow, max-snippet:-1, max-image-preview:large",yes,PUBLISHED,MEDIUM_CONTENT,713,1,,,0,83,1,0,no,0,yes,no,
gujarati/mistakes/index.html,other,Mistakes every learner makes in Gujarati | EkGuru,https://ekguru.shop/gujarati/mistakes/,"index, follow, max-snippet:-1, max-image-preview:large",yes,PUBLISHED,MEDIUM_CONTENT,751,1,,,0,83,1,0,no,0,yes,no,
gujarati/name-topic/index.html,other,Write your name in Gujarati | EkGuru,https://ekguru.shop/gujarati/name-topic/,"index, follow, max-snippet:-1, max-image-preview:large",yes,PUBLISHED,MEDIUM_CONTENT,712,1,,,0,83,1,0,no,0,yes,no,
gujarati/numbers/index.html,other,Counting in Gujarati | EkGuru,https://ekguru.shop/gujarati/numbers/,"index, follow, max-snippet:-1, max-image-preview:large",yes,PUBLISHED,MEDIUM_CONTENT,654,1,,,0,83,1,0,no,0,yes,no,
gujarati/phrases-food/index.html,other,Food phrases in Gujarati | EkGuru,https://ekguru.shop/gujarati/phrases-food/,"index, follow, max-snippet:-1, max-image-preview:large",yes,PUBLISHED,MEDIUM_CONTENT,678,1,,,0,83,1,0,no,0,yes,no,
gujarati/phrases-travel/index.html,other,Travel phrases in Gujarati | EkGuru,https://ekguru.shop/gujarati/phrases-travel/,"index, follow, max-snippet:-1, max-image-preview:large",yes,PUBLISHED,MEDIUM_CONTENT,645,1,,,0,83,1,0,no,0,yes,no,
gujarati/pronunciation/index.html,other,Gujarati pronunciation | EkGuru,https://ekguru.shop/gujarati/pronunciation/,"index, follow, max-snippet:-1, max-image-preview:large",yes,PUBLISHED,MEDIUM_CONTENT,674,1,,,0,83,1,0,no,0,yes,no,
gujarati/reading/index.html,other,Reading Gujarati | EkGuru,https://ekguru.shop/gujarati/reading/,"index, follow, max-snippet:-1, max-image-preview:large",yes,PUBLISHED,MEDIUM_CONTENT,661,1,,,0,83,1,0,no,0,yes,no,
gujarati/relationships/index.html,other,Talking about relationships in Gujarati | EkGuru,https://ekguru.shop/gujarati/relationships/,"index, follow, max-snippet:-1, max-image-preview:large",yes,PUBLISHED,MEDIUM_CONTENT,675,1,,,0,83,1,0,no,0,yes,no,
gujarati/sentence-structure/index.html,other,Gujarati sentence structure | EkGuru,https://ekguru.shop/gujarati/sentence-structure/,"index, follow, max-snippet:-1, max-image-preview:large",yes,PUBLISHED,MEDIUM_CONTENT,805,1,,,0,83,1,0,no,0,yes,no,
gujarati/shopping/index.html,other,Shopping and bargaining in Gujarati | EkGuru,https://ekguru.shop/gujarati/shopping/,"index, follow, max-snippet:-1, max-image-preview:large",yes,PUBLISHED,MEDIUM_CONTENT,739,1,,,0,83,1,0,no,0,yes,no,
gujarati/slang/index.html,other,Gujarati slang | EkGuru,https://ekguru.shop/gujarati/slang/,"index, follow, max-snippet:-1, max-image-preview:large",yes,PUBLISHED,MEDIUM_CONTENT,697,1,,,0,83,1,0,no,0,yes,no,
gujarati/speaking/index.html,other,Speaking practice in Gujarati | EkGuru,https://ekguru.shop/gujarati/speaking/,"index, follow, max-snippet:-1, max-image-preview:large",yes,PUBLISHED,MEDIUM_CONTENT,701,1,,,0,83,1,0,no,0,yes,no,
gujarati/time-date/index.html,other,Time and dates in Gujarati | EkGuru,https://ekguru.shop/gujarati/time-date/,"index, follow, max-snippet:-1, max-image-preview:large",yes,PUBLISHED,MEDIUM_CONTENT,634,1,,,0,83,1,0,no,0,yes,no,
gujarati/verbs/index.html,other,Gujarati verbs | EkGuru,https://ekguru.shop/gujarati/verbs/,"index, follow, max-snippet:-1, max-image-preview:large",yes,PUBLISHED,MEDIUM_CONTENT,714,1,,,0,83,1,0,no,0,yes,no,
gujarati/vocabulary/index.html,other,Core Gujarati vocabulary | EkGuru,https://ekguru.shop/gujarati/vocabulary/,"index, follow, max-snippet:-1, max-image-preview:large",yes,PUBLISHED,MEDIUM_CONTENT,642,1,,,0,83,1,0,no,0,yes,no,
gujarati/writing/index.html,other,Writing Gujarati | EkGuru,https://ekguru.shop/gujarati/writing/,"index, follow, max-snippet:-1, max-image-preview:large",yes,PUBLISHED,MEDIUM_CONTENT,656,1,,,0,83,1,0,no,0,yes,no,
hindi/alphabet/index.html,learning-content,"Devanagari, letter by letter | EkGuru",https://ekguru.shop/hindi/alphabet/,"index, follow, max-snippet:-1, max-image-preview:large",yes,PUBLISHED,HIGH_CONTENT,591,1,,,0,63,1,0,no,0,yes,yes,
hindi/beginners/index.html,learning-content,Learning Hindi from absolutely nothing | EkGuru,https://ekguru.shop/hindi/beginners/,"index, follow, max-snippet:-1, max-image-preview:large",yes,PUBLISHED,HIGH_CONTENT,603,1,,,0,64,1,0,no,0,yes,yes,
hindi/bollywood/index.html,learning-content,Hindi through Bollywood | EkGuru,https://ekguru.shop/hindi/bollywood/,"index, follow, max-snippet:-1, max-image-preview:large",yes,PUBLISHED,HIGH_CONTENT,526,1,,,0,58,1,0,no,0,yes,yes,
hindi/business/index.html,learning-content,Professional Hindi | EkGuru,https://ekguru.shop/hindi/business/,"index, follow, max-snippet:-1, max-image-preview:large",yes,PUBLISHED,HIGH_CONTENT,503,1,,,0,56,1,0,no,0,yes,yes,
hindi/conversation/index.html,learning-content,Actually talking to someone | EkGuru,https://ekguru.shop/hindi/conversation/,"index, follow, max-snippet:-1, max-image-preview:large",yes,PUBLISHED,HIGH_CONTENT,782,1,,,0,61,1,0,no,0,yes,yes,
hindi/emergency/index.html,learning-content,The Hindi you hope not to need | EkGuru,https://ekguru.shop/hindi/emergency/,"index, follow, max-snippet:-1, max-image-preview:large",yes,PUBLISHED,HIGH_CONTENT,693,1,,,0,58,1,0,no,0,yes,yes,
hindi/family/index.html,learning-content,"Kinship terms, and why there are so many | EkGuru",https://ekguru.shop/hindi/family/,"index, follow, max-snippet:-1, max-image-preview:large",yes,PUBLISHED,HIGH_CONTENT,646,1,,,0,59,1,0,no,0,yes,yes,
hindi/flashcards-topic/index.html,learning-content,How to actually remember words | EkGuru,https://ekguru.shop/hindi/flashcards-topic/,"index, follow, max-snippet:-1, max-image-preview:large",yes,PUBLISHED,HIGH_CONTENT,548,1,,,0,60,1,0,no,0,yes,yes,
hindi/for-kids/index.html,learning-content,Teaching Hindi to a child | EkGuru,https://ekguru.shop/hindi/for-kids/,"index, follow, max-snippet:-1, max-image-preview:large",yes,PUBLISHED,HIGH_CONTENT,520,1,,,0,56,1,0,no,0,yes,yes,
hindi/formal-informal/index.html,learning-content,"आप, तुम and तू | EkGuru",https://ekguru.shop/hindi/formal-informal/,"index, follow, max-snippet:-1, max-image-preview:large",yes,PUBLISHED,HIGH_CONTENT,690,1,,,0,62,1,0,no,0,yes,yes,
hindi/grammar/index.html,learning-content,How Hindi is put together | EkGuru,https://ekguru.shop/hindi/grammar/,"index, follow, max-snippet:-1, max-image-preview:large",yes,PUBLISHED,HIGH_CONTENT,596,1,,,0,62,1,0,no,0,yes,yes,
hindi/greetings/index.html,learning-content,Saying hello properly | EkGuru,https://ekguru.shop/hindi/greetings/,"index, follow, max-snippet:-1, max-image-preview:large",yes,PUBLISHED,HIGH_CONTENT,763,1,,,0,66,1,0,no,0,yes,yes,
hindi/heritage/index.html,learning-content,When you grew up hearing it | EkGuru,https://ekguru.shop/hindi/heritage/,"index, follow, max-snippet:-1, max-image-preview:large",yes,PUBLISHED,HIGH_CONTENT,546,1,,,0,59,1,0,no,0,yes,yes,
hindi/hindi-vs-urdu/index.html,learning-content,"Hindi and Urdu: one spoken language, two scripts | EkGuru",https://ekguru.shop/hindi/hindi-vs-urdu/,"index, follow, max-snippet:-1, max-image-preview:large",yes,PUBLISHED,HIGH_CONTENT,528,1,,,0,59,1,0,no,0,yes,yes,
hindi/hinglish/index.html,learning-content,The way Hindi is actually spoken in cities | EkGuru,https://ekguru.shop/hindi/hinglish/,"index, follow, max-snippet:-1, max-image-preview:large",yes,PUBLISHED,HIGH_CONTENT,535,1,,,0,58,1,0,no,0,yes,yes,
hindi/how-long/index.html,learning-content,How long Hindi takes to learn — the honest answer | EkGuru,https://ekguru.shop/hindi/how-long/,"index, follow, max-snippet:-1, max-image-preview:large",yes,PUBLISHED,HIGH_CONTENT,606,1,,,0,64,1,0,no,0,yes,yes,
hindi/index.html,learning-content,Every Hindi Topic — The Complete Learning Map | EkGuru,https://ekguru.shop/hindi/,"index, follow, max-snippet:-1, max-image-preview:large",yes,PUBLISHED,HIGH_CONTENT,1371,1,,,0,97,1,0,no,0,yes,yes,
hindi/indian-languages/index.html,learning-content,"Hindi vs Punjabi, Bengali, Tamil, Sanskrit and the… | EkGuru",https://ekguru.shop/hindi/indian-languages/,"index, follow, max-snippet:-1, max-image-preview:large",yes,PUBLISHED,HIGH_CONTENT,541,1,,,0,57,1,0,no,0,yes,yes,
hindi/listening/index.html,learning-content,Understanding Hindi at real speed | EkGuru,https://ekguru.shop/hindi/listening/,"index, follow, max-snippet:-1, max-image-preview:large",yes,PUBLISHED,HIGH_CONTENT,538,1,,,0,58,1,0,no,0,yes,yes,
hindi/mistakes/index.html,learning-content,The errors learners actually make | EkGuru,https://ekguru.shop/hindi/mistakes/,"index, follow, max-snippet:-1, max-image-preview:large",yes,PUBLISHED,HIGH_CONTENT,511,1,,,0,58,1,0,no,0,yes,yes,
hindi/name-topic/index.html,learning-content,Writing a name in Devanagari | EkGuru,https://ekguru.shop/hindi/name-topic/,"index, follow, max-snippet:-1, max-image-preview:large",yes,PUBLISHED,HIGH_CONTENT,547,1,,,0,58,1,0,no,0,yes,yes,
hindi/numbers/index.html,learning-content,Counting in Hindi | EkGuru,https://ekguru.shop/hindi/numbers/,"index, follow, max-snippet:-1, max-image-preview:large",yes,PUBLISHED,HIGH_CONTENT,555,1,,,0,59,1,0,no,0,yes,yes,
hindi/phrases-food/index.html,learning-content,"Ordering, refusing and enjoying food in Hindi | EkGuru",https://ekguru.shop/hindi/phrases-food/,"index, follow, max-snippet:-1, max-image-preview:large",yes,PUBLISHED,HIGH_CONTENT,684,1,,,0,58,1,0,no,0,yes,yes,
hindi/phrases-travel/index.html,learning-content,The Hindi that actually helps on a trip | EkGuru,https://ekguru.shop/hindi/phrases-travel/,"index, follow, max-snippet:-1, max-image-preview:large",yes,PUBLISHED,HIGH_CONTENT,757,1,,,0,59,1,0,no,0,yes,yes,
hindi/pronunciation/index.html,learning-content,How Hindi actually sounds | EkGuru,https://ekguru.shop/hindi/pronunciation/,"index, follow, max-snippet:-1, max-image-preview:large",yes,PUBLISHED,HIGH_CONTENT,565,1,,,0,59,1,0,no,0,yes,yes,
hindi/reading/index.html,learning-content,From sounding out to actually reading | EkGuru,https://ekguru.shop/hindi/reading/,"index, follow, max-snippet:-1, max-image-preview:large",yes,PUBLISHED,HIGH_CONTENT,545,1,,,0,59,1,0,no,0,yes,yes,
hindi/relationships/index.html,learning-content,"Talking to a partner, and to their family | EkGuru",https://ekguru.shop/hindi/relationships/,"index, follow, max-snippet:-1, max-image-preview:large",yes,PUBLISHED,HIGH_CONTENT,680,1,,,0,58,1,0,no,0,yes,yes,
hindi/sentence-structure/index.html,learning-content,Building a Hindi sentence | EkGuru,https://ekguru.shop/hindi/sentence-structure/,"index, follow, max-snippet:-1, max-image-preview:large",yes,PUBLISHED,HIGH_CONTENT,522,1,,,0,58,1,0,no,0,yes,yes,
hindi/shopping/index.html,learning-content,"Prices, bargaining and Indian numbers | EkGuru",https://ekguru.shop/hindi/shopping/,"index, follow, max-snippet:-1, max-image-preview:large",yes,PUBLISHED,HIGH_CONTENT,511,1,,,0,57,1,0,no,0,yes,yes,
hindi/slang/index.html,learning-content,The words nobody teaches you | EkGuru,https://ekguru.shop/hindi/slang/,"index, follow, max-snippet:-1, max-image-preview:large",yes,PUBLISHED,HIGH_CONTENT,540,1,,,0,58,1,0,no,0,yes,yes,
hindi/speaking/index.html,learning-content,Getting words out of your mouth | EkGuru,https://ekguru.shop/hindi/speaking/,"index, follow, max-snippet:-1, max-image-preview:large",yes,PUBLISHED,HIGH_CONTENT,540,1,,,0,58,1,0,no,0,yes,yes,
hindi/time-date/index.html,learning-content,"Days, months and telling the time | EkGuru",https://ekguru.shop/hindi/time-date/,"index, follow, max-snippet:-1, max-image-preview:large",yes,PUBLISHED,HIGH_CONTENT,577,1,,,0,62,1,0,no,0,yes,yes,
hindi/verbs/index.html,learning-content,"The verb system, without the fog | EkGuru",https://ekguru.shop/hindi/verbs/,"index, follow, max-snippet:-1, max-image-preview:large",yes,PUBLISHED,HIGH_CONTENT,527,1,,,0,58,1,0,no,0,yes,yes,
hindi/vocabulary/index.html,learning-content,"Which words to learn, and in what order | EkGuru",https://ekguru.shop/hindi/vocabulary/,"index, follow, max-snippet:-1, max-image-preview:large",yes,PUBLISHED,HIGH_CONTENT,686,1,,,0,64,1,0,no,0,yes,yes,
hindi/writing/index.html,learning-content,Handwriting and typing Devanagari | EkGuru,https://ekguru.shop/hindi/writing/,"index, follow, max-snippet:-1, max-image-preview:large",yes,PUBLISHED,HIGH_CONTENT,561,1,,,0,59,1,0,no,0,yes,yes,
hindi-tutor/ahmedabad/index.html,tutor,Hindi Tutors in Ahmedabad — Online Lessons | EkGuru,https://ekguru.shop/hindi-tutor/ahmedabad/,"index, follow, max-snippet:-1, max-image-preview:large",yes,PUBLISHED,MEDIUM_CONTENT,646,1,,,0,67,1,0,no,0,yes,yes,
hindi-tutor/australia/index.html,tutor,Hindi Tutors in Australia — Online Lessons | EkGuru,https://ekguru.shop/hindi-tutor/australia/,"index, follow, max-snippet:-1, max-image-preview:large",yes,PUBLISHED,MEDIUM_CONTENT,657,1,,,0,67,1,0,no,0,yes,yes,
hindi-tutor/bangalore/index.html,tutor,Hindi Tutors in Bangalore — Online Lessons | EkGuru,https://ekguru.shop/hindi-tutor/bangalore/,"index, follow, max-snippet:-1, max-image-preview:large",yes,PUBLISHED,MEDIUM_CONTENT,656,1,,,0,67,1,0,no,0,yes,yes,
hindi-tutor/canada/index.html,tutor,Hindi Tutors in Canada — Online Lessons | EkGuru,https://ekguru.shop/hindi-tutor/canada/,"index, follow, max-snippet:-1, max-image-preview:large",yes,PUBLISHED,MEDIUM_CONTENT,656,1,,,0,67,1,0,no,0,yes,yes,
hindi-tutor/chandigarh/index.html,tutor,Hindi Tutors in Chandigarh — Online Lessons | EkGuru,https://ekguru.shop/hindi-tutor/chandigarh/,"index, follow, max-snippet:-1, max-image-preview:large",yes,PUBLISHED,MEDIUM_CONTENT,653,1,,,0,67,1,0,no,0,yes,yes,
hindi-tutor/chennai/index.html,tutor,Hindi Tutors in Chennai — Online Lessons | EkGuru,https://ekguru.shop/hindi-tutor/chennai/,"index, follow, max-snippet:-1, max-image-preview:large",yes,PUBLISHED,MEDIUM_CONTENT,662,1,,,0,67,1,0,no,0,yes,yes,
hindi-tutor/delhi/index.html,tutor,Hindi Tutors in Delhi — Online Lessons | EkGuru,https://ekguru.shop/hindi-tutor/delhi/,"index, follow, max-snippet:-1, max-image-preview:large",yes,PUBLISHED,MEDIUM_CONTENT,679,1,,,0,67,1,0,no,0,yes,yes,
hindi-tutor/dubai/index.html,tutor,Hindi Tutors in Dubai — Online Lessons | EkGuru,https://ekguru.shop/hindi-tutor/dubai/,"index, follow, max-snippet:-1, max-image-preview:large",yes,PUBLISHED,MEDIUM_CONTENT,721,1,,,0,67,1,0,no,0,yes,yes,
hindi-tutor/germany/index.html,tutor,Hindi Tutors in Germany — Online Lessons | EkGuru,https://ekguru.shop/hindi-tutor/germany/,"index, follow, max-snippet:-1, max-image-preview:large",yes,PUBLISHED,MEDIUM_CONTENT,659,1,,,0,67,1,0,no,0,yes,yes,
hindi-tutor/houston/index.html,tutor,Hindi Tutors in Houston — Online Lessons | EkGuru,https://ekguru.shop/hindi-tutor/houston/,"index, follow, max-snippet:-1, max-image-preview:large",yes,PUBLISHED,MEDIUM_CONTENT,698,1,,,0,67,1,0,no,0,yes,yes,
hindi-tutor/hyderabad/index.html,tutor,Hindi Tutors in Hyderabad — Online Lessons | EkGuru,https://ekguru.shop/hindi-tutor/hyderabad/,"index, follow, max-snippet:-1, max-image-preview:large",yes,PUBLISHED,MEDIUM_CONTENT,664,1,,,0,67,1,0,no,0,yes,yes,
hindi-tutor/index.html,tutor,Hindi Tutors by Location — India and Worldwide | EkGuru,https://ekguru.shop/hindi-tutor/,"index, follow, max-snippet:-1, max-image-preview:large",yes,PUBLISHED,MEDIUM_CONTENT,705,1,,,0,53,1,0,no,0,yes,yes,
hindi-tutor/jaipur/index.html,tutor,Hindi Tutors in Jaipur — Online Lessons | EkGuru,https://ekguru.shop/hindi-tutor/jaipur/,"index, follow, max-snippet:-1, max-image-preview:large",yes,PUBLISHED,MEDIUM_CONTENT,662,1,,,0,67,1,0,no,0,yes,yes,
hindi-tutor/japan/index.html,tutor,Hindi Tutors in Japan — Online Lessons | EkGuru,https://ekguru.shop/hindi-tutor/japan/,"index, follow, max-snippet:-1, max-image-preview:large",yes,PUBLISHED,MEDIUM_CONTENT,668,1,,,0,67,1,0,no,0,yes,yes,
hindi-tutor/kolkata/index.html,tutor,Hindi Tutors in Kolkata — Online Lessons | EkGuru,https://ekguru.shop/hindi-tutor/kolkata/,"index, follow, max-snippet:-1, max-image-preview:large",yes,PUBLISHED,MEDIUM_CONTENT,660,1,,,0,67,1,0,no,0,yes,yes,
hindi-tutor/london/index.html,tutor,Hindi Tutors in London — Online Lessons | EkGuru,https://ekguru.shop/hindi-tutor/london/,"index, follow, max-snippet:-1, max-image-preview:large",yes,PUBLISHED,MEDIUM_CONTENT,721,1,,,0,67,1,0,no,0,yes,yes,
hindi-tutor/lucknow/index.html,tutor,Hindi Tutors in Lucknow — Online Lessons | EkGuru,https://ekguru.shop/hindi-tutor/lucknow/,"index, follow, max-snippet:-1, max-image-preview:large",yes,PUBLISHED,MEDIUM_CONTENT,650,1,,,0,67,1,0,no,0,yes,yes,
hindi-tutor/melbourne/index.html,tutor,Hindi Tutors in Melbourne — Online Lessons | EkGuru,https://ekguru.shop/hindi-tutor/melbourne/,"index, follow, max-snippet:-1, max-image-preview:large",yes,PUBLISHED,MEDIUM_CONTENT,692,1,,,0,67,1,0,no,0,yes,yes,
hindi-tutor/mumbai/index.html,tutor,Hindi Tutors in Mumbai — Online Lessons | EkGuru,https://ekguru.shop/hindi-tutor/mumbai/,"index, follow, max-snippet:-1, max-image-preview:large",yes,PUBLISHED,MEDIUM_CONTENT,656,1,,,0,67,1,0,no,0,yes,yes,
hindi-tutor/nepal/index.html,tutor,Hindi Tutors in Nepal — Online Lessons | EkGuru,https://ekguru.shop/hindi-tutor/nepal/,"index, follow, max-snippet:-1, max-image-preview:large",yes,PUBLISHED,MEDIUM_CONTENT,664,1,,,0,67,1,0,no,0,yes,yes,
hindi-tutor/new-york/index.html,tutor,Hindi Tutors in New York — Online Lessons | EkGuru,https://ekguru.shop/hindi-tutor/new-york/,"index, follow, max-snippet:-1, max-image-preview:large",yes,PUBLISHED,MEDIUM_CONTENT,714,1,,,0,67,1,0,no,0,yes,yes,
hindi-tutor/patna/index.html,tutor,Hindi Tutors in Patna — Online Lessons | EkGuru,https://ekguru.shop/hindi-tutor/patna/,"index, follow, max-snippet:-1, max-image-preview:large",yes,PUBLISHED,MEDIUM_CONTENT,645,1,,,0,67,1,0,no,0,yes,yes,
hindi-tutor/pune/index.html,tutor,Hindi Tutors in Pune — Online Lessons | EkGuru,https://ekguru.shop/hindi-tutor/pune/,"index, follow, max-snippet:-1, max-image-preview:large",yes,PUBLISHED,MEDIUM_CONTENT,652,1,,,0,67,1,0,no,0,yes,yes,
hindi-tutor/san-francisco/index.html,tutor,Hindi Tutors in San Francisco Bay Area — Online… | EkGuru,https://ekguru.shop/hindi-tutor/san-francisco/,"index, follow, max-snippet:-1, max-image-preview:large",yes,PUBLISHED,MEDIUM_CONTENT,734,1,,,0,67,1,0,no,0,yes,yes,
hindi-tutor/singapore/index.html,tutor,Hindi Tutors in Singapore — Online Lessons | EkGuru,https://ekguru.shop/hindi-tutor/singapore/,"index, follow, max-snippet:-1, max-image-preview:large",yes,PUBLISHED,MEDIUM_CONTENT,663,1,,,0,67,1,0,no,0,yes,yes,
hindi-tutor/south-africa/index.html,tutor,Hindi Tutors in South Africa — Online Lessons | EkGuru,https://ekguru.shop/hindi-tutor/south-africa/,"index, follow, max-snippet:-1, max-image-preview:large",yes,PUBLISHED,MEDIUM_CONTENT,666,1,,,0,67,1,0,no,0,yes,yes,
hindi-tutor/spain/index.html,tutor,Hindi Tutors in Spain — Online Lessons | EkGuru,https://ekguru.shop/hindi-tutor/spain/,"index, follow, max-snippet:-1, max-image-preview:large",yes,PUBLISHED,MEDIUM_CONTENT,661,1,,,0,67,1,0,no,0,yes,yes,
hindi-tutor/sydney/index.html,tutor,Hindi Tutors in Sydney — Online Lessons | EkGuru,https://ekguru.shop/hindi-tutor/sydney/,"index, follow, max-snippet:-1, max-image-preview:large",yes,PUBLISHED,MEDIUM_CONTENT,706,1,,,0,67,1,0,no,0,yes,yes,
hindi-tutor/toronto/index.html,tutor,Hindi Tutors in Toronto — Online Lessons | EkGuru,https://ekguru.shop/hindi-tutor/toronto/,"index, follow, max-snippet:-1, max-image-preview:large",yes,PUBLISHED,MEDIUM_CONTENT,704,1,,,0,67,1,0,no,0,yes,yes,
hindi-tutor/united-arab-emirates/index.html,tutor,Hindi Tutors in UAE — Online Lessons | EkGuru,https://ekguru.shop/hindi-tutor/united-arab-emirates/,"index, follow, max-snippet:-1, max-image-preview:large",yes,PUBLISHED,MEDIUM_CONTENT,662,1,,,0,67,1,0,no,0,yes,yes,
hindi-tutor/united-kingdom/index.html,tutor,Hindi Tutors in United Kingdom — Online Lessons | EkGuru,https://ekguru.shop/hindi-tutor/united-kingdom/,"index, follow, max-snippet:-1, max-image-preview:large",yes,PUBLISHED,MEDIUM_CONTENT,683,1,,,0,67,1,0,no,0,yes,yes,
hindi-tutor/united-states/index.html,tutor,Hindi Tutors in United States — Online Lessons | EkGuru,https://ekguru.shop/hindi-tutor/united-states/,"index, follow, max-snippet:-1, max-image-preview:large",yes,PUBLISHED,MEDIUM_CONTENT,675,1,,,0,67,1,0,no,0,yes,yes,
hindi-tutor/worldwide/index.html,tutor,Hindi Tutors in Anywhere in the World — Online… | EkGuru,https://ekguru.shop/hindi-tutor/worldwide/,"index, follow, max-snippet:-1, max-image-preview:large",yes,PUBLISHED,MEDIUM_CONTENT,669,1,,,0,67,1,0,no,0,yes,yes,
how-levels-work/index.html,other,"How EkGuru levels work — A1 to C2, and why C4 does | EkGuru",https://ekguru.shop/how-levels-work/,"index, follow, max-snippet:-1, max-image-preview:large",yes,PUBLISHED,MEDIUM_CONTENT,1399,1,,,0,49,1,0,no,0,yes,no,
id/hindi/index.html,other,Belajar bahasa Hindi — panduan lengkap | EkGuru,https://ekguru.shop/id/hindi/,"index, follow, max-snippet:-1, max-image-preview:large",yes,PUBLISHED,MEDIUM_CONTENT,919,1,,,0,59,13,0,no,0,yes,yes,
index.html,homepage,Learn Hindi Online with a Private Tutor | EkGuru,https://ekguru.shop/,"index, follow, max-snippet:-1, max-image-preview:large",yes,PUBLISHED,HIGH_CONTENT,1409,1,,,0,18,12,1,no,0,yes,yes,
it/hindi/index.html,other,Imparare l'hindi — la guida completa | EkGuru,https://ekguru.shop/it/hindi/,"index, follow, max-snippet:-1, max-image-preview:large",yes,PUBLISHED,MEDIUM_CONTENT,947,1,,,0,59,13,0,no,0,yes,yes,
ja/find-tutors.html,other,ヒンディー語講師を探す | EkGuru,https://ekguru.shop/ja/find-tutors.html,"index, follow, max-snippet:-1, max-image-preview:large",yes,PUBLISHED,MEDIUM_CONTENT,217,1,,,0,39,16,0,no,0,yes,yes,
ja/hindi/index.html,other,ヒンディー語を学ぶ — 完全ガイド | EkGuru,https://ekguru.shop/ja/hindi/,"index, follow, max-snippet:-1, max-image-preview:large",yes,PUBLISHED,MEDIUM_CONTENT,433,1,,,0,60,13,0,no,0,yes,yes,
ja/index.html,other,オンラインでヒンディー語を学ぶ | EkGuru マンツーマンレッスン,https://ekguru.shop/ja/,"index, follow, max-snippet:-1, max-image-preview:large",yes,PUBLISHED,MEDIUM_CONTENT,294,1,,,0,65,16,0,no,0,yes,yes,
ja/join.html,other,ヒンディー語講師になる — EkGuruで教える,https://ekguru.shop/ja/join.html,"index, follow, max-snippet:-1, max-image-preview:large",yes,PUBLISHED,MEDIUM_CONTENT,161,1,,,0,32,16,0,no,0,yes,yes,
join.html,form,Become a Hindi Tutor — Free Listing | EkGuru,https://ekguru.shop/join.html,"index, follow, max-snippet:-1, max-image-preview:large",yes,PUBLISHED,TRANSACTIONAL,810,1,,,0,0,9,0,no,0,yes,yes,
kannada/alphabet/index.html,other,Kannada alphabet | EkGuru,https://ekguru.shop/kannada/alphabet/,"noindex, follow",no,NOINDEX,RESEARCH_REQUIRED,756,1,,,0,83,1,0,no,0,yes,no,
kannada/beginners/index.html,other,Kannada for absolute beginners | EkGuru,https://ekguru.shop/kannada/beginners/,"noindex, follow",no,NOINDEX,RESEARCH_REQUIRED,721,1,,,0,83,1,0,no,0,yes,no,
kannada/business/index.html,other,Kannada for work and business | EkGuru,https://ekguru.shop/kannada/business/,"noindex, follow",no,NOINDEX,RESEARCH_REQUIRED,649,1,,,0,83,1,0,no,0,yes,no,
kannada/conversation/index.html,other,Real Kannada conversation | EkGuru,https://ekguru.shop/kannada/conversation/,"noindex, follow",no,NOINDEX,RESEARCH_REQUIRED,807,1,,,0,83,1,0,no,0,yes,no,
kannada/emergency/index.html,other,Emergency Kannada | EkGuru,https://ekguru.shop/kannada/emergency/,"noindex, follow",no,NOINDEX,RESEARCH_REQUIRED,684,1,,,0,83,1,0,no,0,yes,no,
kannada/family/index.html,other,Family words in Kannada | EkGuru,https://ekguru.shop/kannada/family/,"noindex, follow",no,NOINDEX,RESEARCH_REQUIRED,709,1,,,0,83,1,0,no,0,yes,no,
kannada/flashcards-topic/index.html,other,Flashcards by topic in Kannada | EkGuru,https://ekguru.shop/kannada/flashcards-topic/,"noindex, follow",no,NOINDEX,RESEARCH_REQUIRED,646,1,,,0,82,1,0,no,0,yes,no,
kannada/for-kids/index.html,other,Kannada for kids | EkGuru,https://ekguru.shop/kannada/for-kids/,"noindex, follow",no,NOINDEX,RESEARCH_REQUIRED,641,1,,,0,83,1,0,no,0,yes,no,
kannada/formal-informal/index.html,other,Formal and informal Kannada | EkGuru,https://ekguru.shop/kannada/formal-informal/,"noindex, follow",no,NOINDEX,RESEARCH_REQUIRED,725,1,,,0,83,1,0,no,0,yes,no,
kannada/grammar/index.html,other,Kannada grammar | EkGuru,https://ekguru.shop/kannada/grammar/,"noindex, follow",no,NOINDEX,RESEARCH_REQUIRED,763,1,,,0,83,1,0,no,0,yes,no,
kannada/greetings/index.html,other,Saying hello the Kannada way | EkGuru,https://ekguru.shop/kannada/greetings/,"noindex, follow",no,NOINDEX,RESEARCH_REQUIRED,774,1,,,0,82,1,0,no,0,yes,no,
kannada/heritage/index.html,other,Kannada for heritage learners | EkGuru,https://ekguru.shop/kannada/heritage/,"noindex, follow",no,NOINDEX,RESEARCH_REQUIRED,680,1,,,0,83,1,0,no,0,yes,no,
kannada/how-long/index.html,other,How long does Kannada take? | EkGuru,https://ekguru.shop/kannada/how-long/,"noindex, follow",no,NOINDEX,RESEARCH_REQUIRED,691,1,,,0,83,1,0,no,0,yes,no,
kannada/index.html,other,Learn Kannada (ಕನ್ನಡ) | EkGuru,https://ekguru.shop/kannada/,"noindex, follow",no,NOINDEX,RESEARCH_REQUIRED,919,1,,,0,44,1,0,no,0,yes,no,
kannada/indian-languages/index.html,other,Kannada among Indian languages | EkGuru,https://ekguru.shop/kannada/indian-languages/,"noindex, follow",no,NOINDEX,RESEARCH_REQUIRED,653,1,,,0,83,1,0,no,0,yes,no,
kannada/kannada-vs-telugu/index.html,other,Kannada vs Telugu | EkGuru,https://ekguru.shop/kannada/kannada-vs-telugu/,"noindex, follow",no,NOINDEX,RESEARCH_REQUIRED,707,1,,,0,83,1,0,no,0,yes,no,
kannada/listening/index.html,other,Understanding spoken Kannada | EkGuru,https://ekguru.shop/kannada/listening/,"noindex, follow",no,NOINDEX,RESEARCH_REQUIRED,699,1,,,0,83,1,0,no,0,yes,no,
kannada/mistakes/index.html,other,Mistakes every learner makes in Kannada | EkGuru,https://ekguru.shop/kannada/mistakes/,"noindex, follow",no,NOINDEX,RESEARCH_REQUIRED,735,1,,,0,83,1,0,no,0,yes,no,
kannada/name-topic/index.html,other,Write your name in Kannada | EkGuru,https://ekguru.shop/kannada/name-topic/,"noindex, follow",no,NOINDEX,RESEARCH_REQUIRED,708,1,,,0,83,1,0,no,0,yes,no,
kannada/numbers/index.html,other,Counting in Kannada | EkGuru,https://ekguru.shop/kannada/numbers/,"noindex, follow",no,NOINDEX,RESEARCH_REQUIRED,730,1,,,0,83,1,0,no,0,yes,no,
kannada/phrases-food/index.html,other,Food phrases in Kannada | EkGuru,https://ekguru.shop/kannada/phrases-food/,"noindex, follow",no,NOINDEX,RESEARCH_REQUIRED,733,1,,,0,83,1,0,no,0,yes,no,
kannada/phrases-travel/index.html,other,Travel phrases in Kannada | EkGuru,https://ekguru.shop/kannada/phrases-travel/,"noindex, follow",no,NOINDEX,RESEARCH_REQUIRED,701,1,,,0,83,1,0,no,0,yes,no,
kannada/pronunciation/index.html,other,Kannada pronunciation | EkGuru,https://ekguru.shop/kannada/pronunciation/,"noindex, follow",no,NOINDEX,RESEARCH_REQUIRED,744,1,,,0,83,1,0,no,0,yes,no,
kannada/reading/index.html,other,Reading Kannada | EkGuru,https://ekguru.shop/kannada/reading/,"noindex, follow",no,NOINDEX,RESEARCH_REQUIRED,653,1,,,0,83,1,0,no,0,yes,no,
kannada/relationships/index.html,other,Talking about relationships in Kannada | EkGuru,https://ekguru.shop/kannada/relationships/,"noindex, follow",no,NOINDEX,RESEARCH_REQUIRED,664,1,,,0,83,1,0,no,0,yes,no,
kannada/sandalwood/index.html,other,Learning from Kannada cinema | EkGuru,https://ekguru.shop/kannada/sandalwood/,"noindex, follow",no,NOINDEX,RESEARCH_REQUIRED,662,1,,,0,83,1,0,no,0,yes,no,
kannada/sentence-structure/index.html,other,Kannada sentence structure | EkGuru,https://ekguru.shop/kannada/sentence-structure/,"noindex, follow",no,NOINDEX,RESEARCH_REQUIRED,753,1,,,0,83,1,0,no,0,yes,no,
kannada/shopping/index.html,other,Shopping and bargaining in Kannada | EkGuru,https://ekguru.shop/kannada/shopping/,"noindex, follow",no,NOINDEX,RESEARCH_REQUIRED,730,1,,,0,83,1,0,no,0,yes,no,
kannada/slang/index.html,other,Kannada slang | EkGuru,https://ekguru.shop/kannada/slang/,"noindex, follow",no,NOINDEX,RESEARCH_REQUIRED,675,1,,,0,83,1,0,no,0,yes,no,
kannada/speaking/index.html,other,Speaking practice in Kannada | EkGuru,https://ekguru.shop/kannada/speaking/,"noindex, follow",no,NOINDEX,RESEARCH_REQUIRED,692,1,,,0,83,1,0,no,0,yes,no,
kannada/time-date/index.html,other,Time and dates in Kannada | EkGuru,https://ekguru.shop/kannada/time-date/,"noindex, follow",no,NOINDEX,RESEARCH_REQUIRED,675,1,,,0,83,1,0,no,0,yes,no,
kannada/verbs/index.html,other,Kannada verbs | EkGuru,https://ekguru.shop/kannada/verbs/,"noindex, follow",no,NOINDEX,RESEARCH_REQUIRED,750,1,,,0,83,1,0,no,0,yes,no,
kannada/vocabulary/index.html,other,Core Kannada vocabulary | EkGuru,https://ekguru.shop/kannada/vocabulary/,"noindex, follow",no,NOINDEX,RESEARCH_REQUIRED,709,1,,,0,83,1,0,no,0,yes,no,
kannada/writing/index.html,other,Writing Kannada | EkGuru,https://ekguru.shop/kannada/writing/,"noindex, follow",no,NOINDEX,RESEARCH_REQUIRED,655,1,,,0,83,1,0,no,0,yes,no,
ko/hindi/index.html,other,힌디어 배우기 — 한국어 화자를 위한 완전 가이드 | EkGuru,https://ekguru.shop/ko/hindi/,"index, follow, max-snippet:-1, max-image-preview:large",yes,PUBLISHED,MEDIUM_CONTENT,829,1,,,0,59,13,0,no,0,yes,yes,
languages/af/level/a1/index.html,course-level,Afrikaans A1 — not published | EkGuru,https://ekguru.shop/languages/af/level/a1/,"noindex, follow",no,PUBLIC_CONTENT_BUG,RESEARCH_REQUIRED,238,1,,,0,45,3,0,no,0,no,yes,
languages/af/level/a2/index.html,course-level,Afrikaans A2 — not published | EkGuru,https://ekguru.shop/languages/af/level/a2/,"noindex, follow",no,PUBLIC_CONTENT_BUG,RESEARCH_REQUIRED,238,1,,,0,45,3,0,no,0,no,yes,
languages/af/level/a3/index.html,course-level,Afrikaans A3 — not published | EkGuru,https://ekguru.shop/languages/af/level/a3/,"noindex, follow",no,NOINDEX,RESEARCH_REQUIRED,243,1,,,0,45,3,0,no,0,no,yes,
languages/af/level/b1/index.html,course-level,Afrikaans B1 — not published | EkGuru,https://ekguru.shop/languages/af/level/b1/,"noindex, follow",no,PUBLIC_CONTENT_BUG,RESEARCH_REQUIRED,238,1,,,0,45,3,0,no,0,no,yes,
languages/af/level/b2/index.html,course-level,Afrikaans B2 — not published | EkGuru,https://ekguru.shop/languages/af/level/b2/,"noindex, follow",no,PUBLIC_CONTENT_BUG,RESEARCH_REQUIRED,238,1,,,0,45,3,0,no,0,no,yes,
languages/af/level/b3/index.html,course-level,Afrikaans B3 — not published | EkGuru,https://ekguru.shop/languages/af/level/b3/,"noindex, follow",no,NOINDEX,RESEARCH_REQUIRED,243,1,,,0,45,3,0,no,0,no,yes,
languages/af/level/c1/index.html,course-level,Afrikaans C1 — not published | EkGuru,https://ekguru.shop/languages/af/level/c1/,"noindex, follow",no,PUBLIC_CONTENT_BUG,RESEARCH_REQUIRED,238,1,,,0,45,3,0,no,0,no,yes,
languages/af/level/c2/index.html,course-level,Afrikaans C2 — not published | EkGuru,https://ekguru.shop/languages/af/level/c2/,"noindex, follow",no,PUBLIC_CONTENT_BUG,RESEARCH_REQUIRED,238,1,,,0,45,3,0,no,0,no,yes,
languages/af/level/c3/index.html,course-level,Afrikaans C3 — not published | EkGuru,https://ekguru.shop/languages/af/level/c3/,"noindex, follow",no,NOINDEX,RESEARCH_REQUIRED,243,1,,,0,45,3,0,no,0,no,yes,
languages/af/level/c4/index.html,course-level,Afrikaans C4 — not published | EkGuru,https://ekguru.shop/languages/af/level/c4/,"noindex, follow",no,NOINDEX,RESEARCH_REQUIRED,243,1,,,0,45,3,0,no,0,no,yes,
languages/af/level/c5/index.html,course-level,Afrikaans C5 — not published | EkGuru,https://ekguru.shop/languages/af/level/c5/,"noindex, follow",no,NOINDEX,RESEARCH_REQUIRED,243,1,,,0,45,3,0,no,0,no,yes,
languages/af/level/index.html,course-ladder,Afrikaans course — not published | EkGuru,https://ekguru.shop/languages/af/level/,"noindex, follow",no,NOINDEX,RESEARCH_REQUIRED,249,1,,,0,44,3,0,no,0,no,yes,
languages/am/level/a1/index.html,course-level,Amharic A1 — not published | EkGuru,https://ekguru.shop/languages/am/level/a1/,"noindex, follow",no,PUBLIC_CONTENT_BUG,RESEARCH_REQUIRED,238,1,,,0,45,3,0,no,0,no,yes,
languages/am/level/a2/index.html,course-level,Amharic A2 — not published | EkGuru,https://ekguru.shop/languages/am/level/a2/,"noindex, follow",no,PUBLIC_CONTENT_BUG,RESEARCH_REQUIRED,238,1,,,0,45,3,0,no,0,no,yes,
languages/am/level/a3/index.html,course-level,Amharic A3 — not published | EkGuru,https://ekguru.shop/languages/am/level/a3/,"noindex, follow",no,NOINDEX,RESEARCH_REQUIRED,243,1,,,0,45,3,0,no,0,no,yes,
languages/am/level/b1/index.html,course-level,Amharic B1 — not published | EkGuru,https://ekguru.shop/languages/am/level/b1/,"noindex, follow",no,PUBLIC_CONTENT_BUG,RESEARCH_REQUIRED,238,1,,,0,45,3,0,no,0,no,yes,
languages/am/level/b2/index.html,course-level,Amharic B2 — not published | EkGuru,https://ekguru.shop/languages/am/level/b2/,"noindex, follow",no,PUBLIC_CONTENT_BUG,RESEARCH_REQUIRED,238,1,,,0,45,3,0,no,0,no,yes,
languages/am/level/b3/index.html,course-level,Amharic B3 — not published | EkGuru,https://ekguru.shop/languages/am/level/b3/,"noindex, follow",no,NOINDEX,RESEARCH_REQUIRED,243,1,,,0,45,3,0,no,0,no,yes,
languages/am/level/c1/index.html,course-level,Amharic C1 — not published | EkGuru,https://ekguru.shop/languages/am/level/c1/,"noindex, follow",no,PUBLIC_CONTENT_BUG,RESEARCH_REQUIRED,238,1,,,0,45,3,0,no,0,no,yes,
languages/am/level/c2/index.html,course-level,Amharic C2 — not published | EkGuru,https://ekguru.shop/languages/am/level/c2/,"noindex, follow",no,PUBLIC_CONTENT_BUG,RESEARCH_REQUIRED,238,1,,,0,45,3,0,no,0,no,yes,
languages/am/level/c3/index.html,course-level,Amharic C3 — not published | EkGuru,https://ekguru.shop/languages/am/level/c3/,"noindex, follow",no,NOINDEX,RESEARCH_REQUIRED,243,1,,,0,45,3,0,no,0,no,yes,
languages/am/level/c4/index.html,course-level,Amharic C4 — not published | EkGuru,https://ekguru.shop/languages/am/level/c4/,"noindex, follow",no,NOINDEX,RESEARCH_REQUIRED,243,1,,,0,45,3,0,no,0,no,yes,
languages/am/level/c5/index.html,course-level,Amharic C5 — not published | EkGuru,https://ekguru.shop/languages/am/level/c5/,"noindex, follow",no,NOINDEX,RESEARCH_REQUIRED,243,1,,,0,45,3,0,no,0,no,yes,
languages/am/level/index.html,course-ladder,Amharic course — not published | EkGuru,https://ekguru.shop/languages/am/level/,"noindex, follow",no,NOINDEX,RESEARCH_REQUIRED,249,1,,,0,44,3,0,no,0,no,yes,
languages/ar/course/index.html,other,Learn Arabic — free course | EkGuru,https://ekguru.shop/languages/ar/course/,"index, follow, max-snippet:-1, max-image-preview:large",yes,PUBLISHED,HIGH_CONTENT,650,1,,,0,60,3,0,no,0,yes,yes,
languages/ar/index.html,other,Learn Arabic basics — free starter pack | EkGuru,https://ekguru.shop/languages/ar/,"index, follow, max-snippet:-1, max-image-preview:large",yes,PUBLISHED,HIGH_CONTENT,442,1,,,0,43,3,0,no,0,yes,no,
languages/ar/lessons/alphabet-and-sounds/index.html,other,The Arabic Alphabet and Sounds — Arabic Course | EkGuru,https://ekguru.shop/languages/ar/lessons/alphabet-and-sounds/,"index, follow, max-snippet:-1, max-image-preview:large",yes,PUBLISHED,HIGH_CONTENT,604,1,,,0,48,3,0,no,0,yes,yes,
languages/ar/lessons/food-and-ordering/index.html,other,Arabic Food and Ordering — Arabic Course | EkGuru,https://ekguru.shop/languages/ar/lessons/food-and-ordering/,"index, follow, max-snippet:-1, max-image-preview:large",yes,PUBLISHED,HIGH_CONTENT,519,1,,,0,48,3,0,no,0,yes,yes,
languages/ar/lessons/greetings-and-introductions/index.html,other,Arabic Greetings and Introductions — Arabic Course | EkGuru,https://ekguru.shop/languages/ar/lessons/greetings-and-introductions/,"index, follow, max-snippet:-1, max-image-preview:large",yes,PUBLISHED,HIGH_CONTENT,582,1,,,0,48,3,0,no,0,yes,yes,
languages/ar/lessons/numbers-1-to-20/index.html,other,Arabic Numbers 1 to 20 — Arabic Course | EkGuru,https://ekguru.shop/languages/ar/lessons/numbers-1-to-20/,"index, follow, max-snippet:-1, max-image-preview:large",yes,PUBLISHED,HIGH_CONTENT,549,1,,,0,48,3,0,no,0,yes,yes,
languages/ar/lessons/present-tense-verbs/index.html,other,Arabic Present Tense — Verbs — Arabic Course | EkGuru,https://ekguru.shop/languages/ar/lessons/present-tense-verbs/,"index, follow, max-snippet:-1, max-image-preview:large",yes,PUBLISHED,HIGH_CONTENT,506,1,,,0,48,3,0,no,0,yes,yes,
languages/ar/lessons/pronouns-and-to-be/index.html,other,Arabic Pronouns and To Be — Arabic Course | EkGuru,https://ekguru.shop/languages/ar/lessons/pronouns-and-to-be/,"index, follow, max-snippet:-1, max-image-preview:large",yes,PUBLISHED,HIGH_CONTENT,567,1,,,0,48,3,0,no,0,yes,yes,
languages/ar/level/a1/index.html,course-level,"Arabic A1 — Starter: greetings, gender, first verbs | EkGuru",https://ekguru.shop/languages/ar/level/a1/,"index, follow, max-snippet:-1, max-image-preview:large",yes,PUBLISHABLE_EXISTING,INTERACTIVE_LEARNING,8015,1,,,0,57,3,0,no,0,no,yes,
languages/ar/level/a2/index.html,course-level,"Arabic A2 — Elementary: past, future, descriptions, food | EkGuru",https://ekguru.shop/languages/ar/level/a2/,"index, follow, max-snippet:-1, max-image-preview:large",yes,PUBLISHABLE_EXISTING,INTERACTIVE_LEARNING,7758,1,,,0,57,3,0,no,0,no,yes,
languages/ar/level/a3/index.html,course-level,Arabic A3 — not published | EkGuru,https://ekguru.shop/languages/ar/level/a3/,"noindex, follow",no,NOINDEX,RESEARCH_REQUIRED,245,1,,,0,45,3,0,no,0,no,yes,
languages/ar/level/b1/index.html,course-level,"Arabic B1 — Intermediate: كان, dual, commands, opinions | EkGuru",https://ekguru.shop/languages/ar/level/b1/,"index, follow, max-snippet:-1, max-image-preview:large",yes,PUBLISHABLE_EXISTING,INTERACTIVE_LEARNING,7937,1,,,0,57,3,0,no,0,no,yes,
languages/ar/level/b2/index.html,course-level,"Arabic B2 — Advanced: subjunctive, conditionals, debate, culture | EkGuru",https://ekguru.shop/languages/ar/level/b2/,"index, follow, max-snippet:-1, max-image-preview:large",yes,PUBLISHABLE_EXISTING,INTERACTIVE_LEARNING,8335,1,,,0,56,3,0,no,0,no,yes,
languages/ar/level/b3/index.html,course-level,Arabic B3 — not published | EkGuru,https://ekguru.shop/languages/ar/level/b3/,"noindex, follow",no,NOINDEX,RESEARCH_REQUIRED,245,1,,,0,45,3,0,no,0,no,yes,
languages/ar/level/c1/index.html,course-level,Arabic C1 — not published | EkGuru,https://ekguru.shop/languages/ar/level/c1/,"noindex, follow",no,PUBLIC_CONTENT_BUG,RESEARCH_REQUIRED,240,1,,,0,45,3,0,no,0,no,yes,
languages/ar/level/c2/index.html,course-level,Arabic C2 — not published | EkGuru,https://ekguru.shop/languages/ar/level/c2/,"noindex, follow",no,PUBLIC_CONTENT_BUG,RESEARCH_REQUIRED,240,1,,,0,45,3,0,no,0,no,yes,
languages/ar/level/c3/index.html,course-level,Arabic C3 — not published | EkGuru,https://ekguru.shop/languages/ar/level/c3/,"noindex, follow",no,NOINDEX,RESEARCH_REQUIRED,245,1,,,0,45,3,0,no,0,no,yes,
languages/ar/level/c4/index.html,course-level,Arabic C4 — not published | EkGuru,https://ekguru.shop/languages/ar/level/c4/,"noindex, follow",no,NOINDEX,RESEARCH_REQUIRED,245,1,,,0,45,3,0,no,0,no,yes,
languages/ar/level/c5/index.html,course-level,Arabic C5 — not published | EkGuru,https://ekguru.shop/languages/ar/level/c5/,"noindex, follow",no,NOINDEX,RESEARCH_REQUIRED,245,1,,,0,45,3,0,no,0,no,yes,
languages/ar/level/index.html,course-ladder,"Arabic levels — A1, A2, B1, B2 available | EkGuru | EkGuru",https://ekguru.shop/languages/ar/level/,"index, follow, max-snippet:-1, max-image-preview:large",yes,PUBLISHED,INTERACTIVE_LEARNING,557,1,,,0,50,3,0,no,0,no,yes,
languages/ar/practice/index.html,other,Arabic Practice — Vocabulary & Grammar Drills | EkGuru,https://ekguru.shop/languages/ar/practice/,"index, follow, max-snippet:-1, max-image-preview:large",yes,PUBLISHED,INTERACTIVE_LEARNING,385,1,,,0,43,3,0,no,0,yes,yes,
languages/ar/quiz/index.html,other,Arabic Quiz — Topic Questions with Explanations | EkGuru,https://ekguru.shop/languages/ar/quiz/,"index, follow, max-snippet:-1, max-image-preview:large",yes,PUBLISHED,INTERACTIVE_LEARNING,381,1,,,0,43,3,0,no,0,yes,yes,
languages/ar/review/index.html,other,Arabic Review — spaced repetition | EkGuru,https://ekguru.shop/languages/ar/review/,"noindex, follow",no,NOINDEX,RESEARCH_REQUIRED,372,1,,,0,43,3,0,no,0,yes,yes,
languages/az/level/a1/index.html,course-level,Azerbaijani A1 — not published | EkGuru,https://ekguru.shop/languages/az/level/a1/,"noindex, follow",no,PUBLIC_CONTENT_BUG,RESEARCH_REQUIRED,238,1,,,0,45,3,0,no,0,no,yes,
languages/az/level/a2/index.html,course-level,Azerbaijani A2 — not published | EkGuru,https://ekguru.shop/languages/az/level/a2/,"noindex, follow",no,PUBLIC_CONTENT_BUG,RESEARCH_REQUIRED,238,1,,,0,45,3,0,no,0,no,yes,
languages/az/level/a3/index.html,course-level,Azerbaijani A3 — not published | EkGuru,https://ekguru.shop/languages/az/level/a3/,"noindex, follow",no,NOINDEX,RESEARCH_REQUIRED,243,1,,,0,45,3,0,no,0,no,yes,
languages/az/level/b1/index.html,course-level,Azerbaijani B1 — not published | EkGuru,https://ekguru.shop/languages/az/level/b1/,"noindex, follow",no,PUBLIC_CONTENT_BUG,RESEARCH_REQUIRED,238,1,,,0,45,3,0,no,0,no,yes,
languages/az/level/b2/index.html,course-level,Azerbaijani B2 — not published | EkGuru,https://ekguru.shop/languages/az/level/b2/,"noindex, follow",no,PUBLIC_CONTENT_BUG,RESEARCH_REQUIRED,238,1,,,0,45,3,0,no,0,no,yes,
languages/az/level/b3/index.html,course-level,Azerbaijani B3 — not published | EkGuru,https://ekguru.shop/languages/az/level/b3/,"noindex, follow",no,NOINDEX,RESEARCH_REQUIRED,243,1,,,0,45,3,0,no,0,no,yes,
languages/az/level/c1/index.html,course-level,Azerbaijani C1 — not published | EkGuru,https://ekguru.shop/languages/az/level/c1/,"noindex, follow",no,PUBLIC_CONTENT_BUG,RESEARCH_REQUIRED,238,1,,,0,45,3,0,no,0,no,yes,
languages/az/level/c2/index.html,course-level,Azerbaijani C2 — not published | EkGuru,https://ekguru.shop/languages/az/level/c2/,"noindex, follow",no,PUBLIC_CONTENT_BUG,RESEARCH_REQUIRED,238,1,,,0,45,3,0,no,0,no,yes,
languages/az/level/c3/index.html,course-level,Azerbaijani C3 — not published | EkGuru,https://ekguru.shop/languages/az/level/c3/,"noindex, follow",no,NOINDEX,RESEARCH_REQUIRED,243,1,,,0,45,3,0,no,0,no,yes,
languages/az/level/c4/index.html,course-level,Azerbaijani C4 — not published | EkGuru,https://ekguru.shop/languages/az/level/c4/,"noindex, follow",no,NOINDEX,RESEARCH_REQUIRED,243,1,,,0,45,3,0,no,0,no,yes,
languages/az/level/c5/index.html,course-level,Azerbaijani C5 — not published | EkGuru,https://ekguru.shop/languages/az/level/c5/,"noindex, follow",no,NOINDEX,RESEARCH_REQUIRED,243,1,,,0,45,3,0,no,0,no,yes,
languages/az/level/index.html,course-ladder,Azerbaijani course — not published | EkGuru,https://ekguru.shop/languages/az/level/,"noindex, follow",no,NOINDEX,RESEARCH_REQUIRED,249,1,,,0,44,3,0,no,0,no,yes,
languages/bg/level/a1/index.html,course-level,Bulgarian A1 — not published | EkGuru,https://ekguru.shop/languages/bg/level/a1/,"noindex, follow",no,PUBLIC_CONTENT_BUG,RESEARCH_REQUIRED,238,1,,,0,45,3,0,no,0,no,yes,
languages/bg/level/a2/index.html,course-level,Bulgarian A2 — not published | EkGuru,https://ekguru.shop/languages/bg/level/a2/,"noindex, follow",no,PUBLIC_CONTENT_BUG,RESEARCH_REQUIRED,238,1,,,0,45,3,0,no,0,no,yes,
languages/bg/level/a3/index.html,course-level,Bulgarian A3 — not published | EkGuru,https://ekguru.shop/languages/bg/level/a3/,"noindex, follow",no,NOINDEX,RESEARCH_REQUIRED,243,1,,,0,45,3,0,no,0,no,yes,
languages/bg/level/b1/index.html,course-level,Bulgarian B1 — not published | EkGuru,https://ekguru.shop/languages/bg/level/b1/,"noindex, follow",no,PUBLIC_CONTENT_BUG,RESEARCH_REQUIRED,238,1,,,0,45,3,0,no,0,no,yes,
languages/bg/level/b2/index.html,course-level,Bulgarian B2 — not published | EkGuru,https://ekguru.shop/languages/bg/level/b2/,"noindex, follow",no,PUBLIC_CONTENT_BUG,RESEARCH_REQUIRED,238,1,,,0,45,3,0,no,0,no,yes,
languages/bg/level/b3/index.html,course-level,Bulgarian B3 — not published | EkGuru,https://ekguru.shop/languages/bg/level/b3/,"noindex, follow",no,NOINDEX,RESEARCH_REQUIRED,243,1,,,0,45,3,0,no,0,no,yes,
languages/bg/level/c1/index.html,course-level,Bulgarian C1 — not published | EkGuru,https://ekguru.shop/languages/bg/level/c1/,"noindex, follow",no,PUBLIC_CONTENT_BUG,RESEARCH_REQUIRED,238,1,,,0,45,3,0,no,0,no,yes,
languages/bg/level/c2/index.html,course-level,Bulgarian C2 — not published | EkGuru,https://ekguru.shop/languages/bg/level/c2/,"noindex, follow",no,PUBLIC_CONTENT_BUG,RESEARCH_REQUIRED,238,1,,,0,45,3,0,no,0,no,yes,
languages/bg/level/c3/index.html,course-level,Bulgarian C3 — not published | EkGuru,https://ekguru.shop/languages/bg/level/c3/,"noindex, follow",no,NOINDEX,RESEARCH_REQUIRED,243,1,,,0,45,3,0,no,0,no,yes,
languages/bg/level/c4/index.html,course-level,Bulgarian C4 — not published | EkGuru,https://ekguru.shop/languages/bg/level/c4/,"noindex, follow",no,NOINDEX,RESEARCH_REQUIRED,243,1,,,0,45,3,0,no,0,no,yes,
languages/bg/level/c5/index.html,course-level,Bulgarian C5 — not published | EkGuru,https://ekguru.shop/languages/bg/level/c5/,"noindex, follow",no,NOINDEX,RESEARCH_REQUIRED,243,1,,,0,45,3,0,no,0,no,yes,
languages/bg/level/index.html,course-ladder,Bulgarian course — not published | EkGuru,https://ekguru.shop/languages/bg/level/,"noindex, follow",no,NOINDEX,RESEARCH_REQUIRED,249,1,,,0,44,3,0,no,0,no,yes,
languages/bn/index.html,other,Learn Bengali basics — free starter pack | EkGuru,https://ekguru.shop/learn/bengali/,"noindex, follow",no,NOINDEX,RESEARCH_REQUIRED,439,1,,,0,44,3,0,no,0,yes,no,
languages/bn/level/a1/index.html,course-level,"Bengali A1 — Starter: greetings, আছে, first verbs | EkGuru",https://ekguru.shop/languages/bn/level/a1/,"index, follow, max-snippet:-1, max-image-preview:large",yes,PUBLISHABLE_EXISTING,INTERACTIVE_LEARNING,7427,1,,,0,56,3,0,no,0,no,yes,
languages/bn/level/a2/index.html,course-level,"Bengali A2 — Elementary: past, future, postpositions, food | EkGuru",https://ekguru.shop/languages/bn/level/a2/,"index, follow, max-snippet:-1, max-image-preview:large",yes,PUBLISHABLE_EXISTING,INTERACTIVE_LEARNING,7253,1,,,0,56,3,0,no,0,no,yes,
languages/bn/level/a3/index.html,course-level,Bengali A3 — not published | EkGuru,https://ekguru.shop/languages/bn/level/a3/,"noindex, follow",no,NOINDEX,RESEARCH_REQUIRED,245,1,,,0,45,3,0,no,0,no,yes,
languages/bn/level/b1/index.html,course-level,"Bengali B1 — Intermediate: commands, obligation, family, opinions | EkGuru",https://ekguru.shop/languages/bn/level/b1/,"index, follow, max-snippet:-1, max-image-preview:large",yes,PUBLISHABLE_EXISTING,INTERACTIVE_LEARNING,7377,1,,,0,56,3,0,no,0,no,yes,
languages/bn/level/b2/index.html,course-level,"Bengali B2 — Advanced: conditionals, passive, debate, culture | EkGuru",https://ekguru.shop/languages/bn/level/b2/,"index, follow, max-snippet:-1, max-image-preview:large",yes,PUBLISHABLE_EXISTING,INTERACTIVE_LEARNING,7523,1,,,0,55,3,0,no,0,no,yes,
languages/bn/level/b3/index.html,course-level,Bengali B3 — not published | EkGuru,https://ekguru.shop/languages/bn/level/b3/,"noindex, follow",no,NOINDEX,RESEARCH_REQUIRED,245,1,,,0,45,3,0,no,0,no,yes,
languages/bn/level/c1/index.html,course-level,Bengali C1 — not published | EkGuru,https://ekguru.shop/languages/bn/level/c1/,"noindex, follow",no,PUBLIC_CONTENT_BUG,RESEARCH_REQUIRED,240,1,,,0,45,3,0,no,0,no,yes,
languages/bn/level/c2/index.html,course-level,Bengali C2 — not published | EkGuru,https://ekguru.shop/languages/bn/level/c2/,"noindex, follow",no,PUBLIC_CONTENT_BUG,RESEARCH_REQUIRED,240,1,,,0,45,3,0,no,0,no,yes,
languages/bn/level/c3/index.html,course-level,Bengali C3 — not published | EkGuru,https://ekguru.shop/languages/bn/level/c3/,"noindex, follow",no,NOINDEX,RESEARCH_REQUIRED,245,1,,,0,45,3,0,no,0,no,yes,
languages/bn/level/c4/index.html,course-level,Bengali C4 — not published | EkGuru,https://ekguru.shop/languages/bn/level/c4/,"noindex, follow",no,NOINDEX,RESEARCH_REQUIRED,245,1,,,0,45,3,0,no,0,no,yes,
languages/bn/level/c5/index.html,course-level,Bengali C5 — not published | EkGuru,https://ekguru.shop/languages/bn/level/c5/,"noindex, follow",no,NOINDEX,RESEARCH_REQUIRED,245,1,,,0,45,3,0,no,0,no,yes,
languages/bn/level/index.html,course-ladder,"Bengali levels — A1, A2, B1, B2 available | EkGuru | EkGuru",https://ekguru.shop/languages/bn/level/,"index, follow, max-snippet:-1, max-image-preview:large",yes,PUBLISHED,INTERACTIVE_LEARNING,557,1,,,0,50,3,0,no,0,no,yes,
languages/bo/level/a1/index.html,course-level,Tibetan A1 — not published | EkGuru,https://ekguru.shop/languages/bo/level/a1/,"noindex, follow",no,PUBLIC_CONTENT_BUG,RESEARCH_REQUIRED,238,1,,,0,45,3,0,no,0,no,yes,
languages/bo/level/a2/index.html,course-level,Tibetan A2 — not published | EkGuru,https://ekguru.shop/languages/bo/level/a2/,"noindex, follow",no,PUBLIC_CONTENT_BUG,RESEARCH_REQUIRED,238,1,,,0,45,3,0,no,0,no,yes,
languages/bo/level/a3/index.html,course-level,Tibetan A3 — not published | EkGuru,https://ekguru.shop/languages/bo/level/a3/,"noindex, follow",no,NOINDEX,RESEARCH_REQUIRED,243,1,,,0,45,3,0,no,0,no,yes,
languages/bo/level/b1/index.html,course-level,Tibetan B1 — not published | EkGuru,https://ekguru.shop/languages/bo/level/b1/,"noindex, follow",no,PUBLIC_CONTENT_BUG,RESEARCH_REQUIRED,238,1,,,0,45,3,0,no,0,no,yes,
languages/bo/level/b2/index.html,course-level,Tibetan B2 — not published | EkGuru,https://ekguru.shop/languages/bo/level/b2/,"noindex, follow",no,PUBLIC_CONTENT_BUG,RESEARCH_REQUIRED,238,1,,,0,45,3,0,no,0,no,yes,
languages/bo/level/b3/index.html,course-level,Tibetan B3 — not published | EkGuru,https://ekguru.shop/languages/bo/level/b3/,"noindex, follow",no,NOINDEX,RESEARCH_REQUIRED,243,1,,,0,45,3,0,no,0,no,yes,
languages/bo/level/c1/index.html,course-level,Tibetan C1 — not published | EkGuru,https://ekguru.shop/languages/bo/level/c1/,"noindex, follow",no,PUBLIC_CONTENT_BUG,RESEARCH_REQUIRED,238,1,,,0,45,3,0,no,0,no,yes,
languages/bo/level/c2/index.html,course-level,Tibetan C2 — not published | EkGuru,https://ekguru.shop/languages/bo/level/c2/,"noindex, follow",no,PUBLIC_CONTENT_BUG,RESEARCH_REQUIRED,238,1,,,0,45,3,0,no,0,no,yes,
languages/bo/level/c3/index.html,course-level,Tibetan C3 — not published | EkGuru,https://ekguru.shop/languages/bo/level/c3/,"noindex, follow",no,NOINDEX,RESEARCH_REQUIRED,243,1,,,0,45,3,0,no,0,no,yes,
languages/bo/level/c4/index.html,course-level,Tibetan C4 — not published | EkGuru,https://ekguru.shop/languages/bo/level/c4/,"noindex, follow",no,NOINDEX,RESEARCH_REQUIRED,243,1,,,0,45,3,0,no,0,no,yes,
languages/bo/level/c5/index.html,course-level,Tibetan C5 — not published | EkGuru,https://ekguru.shop/languages/bo/level/c5/,"noindex, follow",no,NOINDEX,RESEARCH_REQUIRED,243,1,,,0,45,3,0,no,0,no,yes,
languages/bo/level/index.html,course-ladder,Tibetan course — not published | EkGuru,https://ekguru.shop/languages/bo/level/,"noindex, follow",no,NOINDEX,RESEARCH_REQUIRED,249,1,,,0,44,3,0,no,0,no,yes,
languages/ca/level/a1/index.html,course-level,Catalan A1 — not published | EkGuru,https://ekguru.shop/languages/ca/level/a1/,"noindex, follow",no,PUBLIC_CONTENT_BUG,RESEARCH_REQUIRED,238,1,,,0,45,3,0,no,0,no,yes,
languages/ca/level/a2/index.html,course-level,Catalan A2 — not published | EkGuru,https://ekguru.shop/languages/ca/level/a2/,"noindex, follow",no,PUBLIC_CONTENT_BUG,RESEARCH_REQUIRED,238,1,,,0,45,3,0,no,0,no,yes,
languages/ca/level/a3/index.html,course-level,Catalan A3 — not published | EkGuru,https://ekguru.shop/languages/ca/level/a3/,"noindex, follow",no,NOINDEX,RESEARCH_REQUIRED,243,1,,,0,45,3,0,no,0,no,yes,
languages/ca/level/b1/index.html,course-level,Catalan B1 — not published | EkGuru,https://ekguru.shop/languages/ca/level/b1/,"noindex, follow",no,PUBLIC_CONTENT_BUG,RESEARCH_REQUIRED,238,1,,,0,45,3,0,no,0,no,yes,
languages/ca/level/b2/index.html,course-level,Catalan B2 — not published | EkGuru,https://ekguru.shop/languages/ca/level/b2/,"noindex, follow",no,PUBLIC_CONTENT_BUG,RESEARCH_REQUIRED,238,1,,,0,45,3,0,no,0,no,yes,
languages/ca/level/b3/index.html,course-level,Catalan B3 — not published | EkGuru,https://ekguru.shop/languages/ca/level/b3/,"noindex, follow",no,NOINDEX,RESEARCH_REQUIRED,243,1,,,0,45,3,0,no,0,no,yes,
languages/ca/level/c1/index.html,course-level,Catalan C1 — not published | EkGuru,https://ekguru.shop/languages/ca/level/c1/,"noindex, follow",no,PUBLIC_CONTENT_BUG,RESEARCH_REQUIRED,238,1,,,0,45,3,0,no,0,no,yes,
languages/ca/level/c2/index.html,course-level,Catalan C2 — not published | EkGuru,https://ekguru.shop/languages/ca/level/c2/,"noindex, follow",no,PUBLIC_CONTENT_BUG,RESEARCH_REQUIRED,238,1,,,0,45,3,0,no,0,no,yes,
languages/ca/level/c3/index.html,course-level,Catalan C3 — not published | EkGuru,https://ekguru.shop/languages/ca/level/c3/,"noindex, follow",no,NOINDEX,RESEARCH_REQUIRED,243,1,,,0,45,3,0,no,0,no,yes,
languages/ca/level/c4/index.html,course-level,Catalan C4 — not published | EkGuru,https://ekguru.shop/languages/ca/level/c4/,"noindex, follow",no,NOINDEX,RESEARCH_REQUIRED,243,1,,,0,45,3,0,no,0,no,yes,
languages/ca/level/c5/index.html,course-level,Catalan C5 — not published | EkGuru,https://ekguru.shop/languages/ca/level/c5/,"noindex, follow",no,NOINDEX,RESEARCH_REQUIRED,243,1,,,0,45,3,0,no,0,no,yes,
languages/ca/level/index.html,course-ladder,Catalan course — not published | EkGuru,https://ekguru.shop/languages/ca/level/,"noindex, follow",no,NOINDEX,RESEARCH_REQUIRED,249,1,,,0,44,3,0,no,0,no,yes,
languages/cs/level/a1/index.html,course-level,Czech A1 — not published | EkGuru,https://ekguru.shop/languages/cs/level/a1/,"noindex, follow",no,PUBLIC_CONTENT_BUG,RESEARCH_REQUIRED,238,1,,,0,45,3,0,no,0,no,yes,
languages/cs/level/a2/index.html,course-level,Czech A2 — not published | EkGuru,https://ekguru.shop/languages/cs/level/a2/,"noindex, follow",no,PUBLIC_CONTENT_BUG,RESEARCH_REQUIRED,238,1,,,0,45,3,0,no,0,no,yes,
languages/cs/level/a3/index.html,course-level,Czech A3 — not published | EkGuru,https://ekguru.shop/languages/cs/level/a3/,"noindex, follow",no,NOINDEX,RESEARCH_REQUIRED,243,1,,,0,45,3,0,no,0,no,yes,
languages/cs/level/b1/index.html,course-level,Czech B1 — not published | EkGuru,https://ekguru.shop/languages/cs/level/b1/,"noindex, follow",no,PUBLIC_CONTENT_BUG,RESEARCH_REQUIRED,238,1,,,0,45,3,0,no,0,no,yes,
languages/cs/level/b2/index.html,course-level,Czech B2 — not published | EkGuru,https://ekguru.shop/languages/cs/level/b2/,"noindex, follow",no,PUBLIC_CONTENT_BUG,RESEARCH_REQUIRED,238,1,,,0,45,3,0,no,0,no,yes,
languages/cs/level/b3/index.html,course-level,Czech B3 — not published | EkGuru,https://ekguru.shop/languages/cs/level/b3/,"noindex, follow",no,NOINDEX,RESEARCH_REQUIRED,243,1,,,0,45,3,0,no,0,no,yes,
languages/cs/level/c1/index.html,course-level,Czech C1 — not published | EkGuru,https://ekguru.shop/languages/cs/level/c1/,"noindex, follow",no,PUBLIC_CONTENT_BUG,RESEARCH_REQUIRED,238,1,,,0,45,3,0,no,0,no,yes,
languages/cs/level/c2/index.html,course-level,Czech C2 — not published | EkGuru,https://ekguru.shop/languages/cs/level/c2/,"noindex, follow",no,PUBLIC_CONTENT_BUG,RESEARCH_REQUIRED,238,1,,,0,45,3,0,no,0,no,yes,
languages/cs/level/c3/index.html,course-level,Czech C3 — not published | EkGuru,https://ekguru.shop/languages/cs/level/c3/,"noindex, follow",no,NOINDEX,RESEARCH_REQUIRED,243,1,,,0,45,3,0,no,0,no,yes,
languages/cs/level/c4/index.html,course-level,Czech C4 — not published | EkGuru,https://ekguru.shop/languages/cs/level/c4/,"noindex, follow",no,NOINDEX,RESEARCH_REQUIRED,243,1,,,0,45,3,0,no,0,no,yes,
languages/cs/level/c5/index.html,course-level,Czech C5 — not published | EkGuru,https://ekguru.shop/languages/cs/level/c5/,"noindex, follow",no,NOINDEX,RESEARCH_REQUIRED,243,1,,,0,45,3,0,no,0,no,yes,
languages/cs/level/index.html,course-ladder,Czech course — not published | EkGuru,https://ekguru.shop/languages/cs/level/,"noindex, follow",no,NOINDEX,RESEARCH_REQUIRED,249,1,,,0,44,3,0,no,0,no,yes,
languages/cy/level/a1/index.html,course-level,Welsh A1 — not published | EkGuru,https://ekguru.shop/languages/cy/level/a1/,"noindex, follow",no,PUBLIC_CONTENT_BUG,RESEARCH_REQUIRED,238,1,,,0,45,3,0,no,0,no,yes,
languages/cy/level/a2/index.html,course-level,Welsh A2 — not published | EkGuru,https://ekguru.shop/languages/cy/level/a2/,"noindex, follow",no,PUBLIC_CONTENT_BUG,RESEARCH_REQUIRED,238,1,,,0,45,3,0,no,0,no,yes,
languages/cy/level/a3/index.html,course-level,Welsh A3 — not published | EkGuru,https://ekguru.shop/languages/cy/level/a3/,"noindex, follow",no,NOINDEX,RESEARCH_REQUIRED,243,1,,,0,45,3,0,no,0,no,yes,
languages/cy/level/b1/index.html,course-level,Welsh B1 — not published | EkGuru,https://ekguru.shop/languages/cy/level/b1/,"noindex, follow",no,PUBLIC_CONTENT_BUG,RESEARCH_REQUIRED,238,1,,,0,45,3,0,no,0,no,yes,
languages/cy/level/b2/index.html,course-level,Welsh B2 — not published | EkGuru,https://ekguru.shop/languages/cy/level/b2/,"noindex, follow",no,PUBLIC_CONTENT_BUG,RESEARCH_REQUIRED,238,1,,,0,45,3,0,no,0,no,yes,
languages/cy/level/b3/index.html,course-level,Welsh B3 — not published | EkGuru,https://ekguru.shop/languages/cy/level/b3/,"noindex, follow",no,NOINDEX,RESEARCH_REQUIRED,243,1,,,0,45,3,0,no,0,no,yes,
languages/cy/level/c1/index.html,course-level,Welsh C1 — not published | EkGuru,https://ekguru.shop/languages/cy/level/c1/,"noindex, follow",no,PUBLIC_CONTENT_BUG,RESEARCH_REQUIRED,238,1,,,0,45,3,0,no,0,no,yes,
languages/cy/level/c2/index.html,course-level,Welsh C2 — not published | EkGuru,https://ekguru.shop/languages/cy/level/c2/,"noindex, follow",no,PUBLIC_CONTENT_BUG,RESEARCH_REQUIRED,238,1,,,0,45,3,0,no,0,no,yes,
languages/cy/level/c3/index.html,course-level,Welsh C3 — not published | EkGuru,https://ekguru.shop/languages/cy/level/c3/,"noindex, follow",no,NOINDEX,RESEARCH_REQUIRED,243,1,,,0,45,3,0,no,0,no,yes,
languages/cy/level/c4/index.html,course-level,Welsh C4 — not published | EkGuru,https://ekguru.shop/languages/cy/level/c4/,"noindex, follow",no,NOINDEX,RESEARCH_REQUIRED,243,1,,,0,45,3,0,no,0,no,yes,
languages/cy/level/c5/index.html,course-level,Welsh C5 — not published | EkGuru,https://ekguru.shop/languages/cy/level/c5/,"noindex, follow",no,NOINDEX,RESEARCH_REQUIRED,243,1,,,0,45,3,0,no,0,no,yes,
languages/cy/level/index.html,course-ladder,Welsh course — not published | EkGuru,https://ekguru.shop/languages/cy/level/,"noindex, follow",no,NOINDEX,RESEARCH_REQUIRED,249,1,,,0,44,3,0,no,0,no,yes,
languages/da/level/a1/index.html,course-level,Danish A1 — not published | EkGuru,https://ekguru.shop/languages/da/level/a1/,"noindex, follow",no,PUBLIC_CONTENT_BUG,RESEARCH_REQUIRED,238,1,,,0,45,3,0,no,0,no,yes,
languages/da/level/a2/index.html,course-level,Danish A2 — not published | EkGuru,https://ekguru.shop/languages/da/level/a2/,"noindex, follow",no,PUBLIC_CONTENT_BUG,RESEARCH_REQUIRED,238,1,,,0,45,3,0,no,0,no,yes,
languages/da/level/a3/index.html,course-level,Danish A3 — not published | EkGuru,https://ekguru.shop/languages/da/level/a3/,"noindex, follow",no,NOINDEX,RESEARCH_REQUIRED,243,1,,,0,45,3,0,no,0,no,yes,
languages/da/level/b1/index.html,course-level,Danish B1 — not published | EkGuru,https://ekguru.shop/languages/da/level/b1/,"noindex, follow",no,PUBLIC_CONTENT_BUG,RESEARCH_REQUIRED,238,1,,,0,45,3,0,no,0,no,yes,
languages/da/level/b2/index.html,course-level,Danish B2 — not published | EkGuru,https://ekguru.shop/languages/da/level/b2/,"noindex, follow",no,PUBLIC_CONTENT_BUG,RESEARCH_REQUIRED,238,1,,,0,45,3,0,no,0,no,yes,
languages/da/level/b3/index.html,course-level,Danish B3 — not published | EkGuru,https://ekguru.shop/languages/da/level/b3/,"noindex, follow",no,NOINDEX,RESEARCH_REQUIRED,243,1,,,0,45,3,0,no,0,no,yes,
languages/da/level/c1/index.html,course-level,Danish C1 — not published | EkGuru,https://ekguru.shop/languages/da/level/c1/,"noindex, follow",no,PUBLIC_CONTENT_BUG,RESEARCH_REQUIRED,238,1,,,0,45,3,0,no,0,no,yes,
languages/da/level/c2/index.html,course-level,Danish C2 — not published | EkGuru,https://ekguru.shop/languages/da/level/c2/,"noindex, follow",no,PUBLIC_CONTENT_BUG,RESEARCH_REQUIRED,238,1,,,0,45,3,0,no,0,no,yes,
languages/da/level/c3/index.html,course-level,Danish C3 — not published | EkGuru,https://ekguru.shop/languages/da/level/c3/,"noindex, follow",no,NOINDEX,RESEARCH_REQUIRED,243,1,,,0,45,3,0,no,0,no,yes,
languages/da/level/c4/index.html,course-level,Danish C4 — not published | EkGuru,https://ekguru.shop/languages/da/level/c4/,"noindex, follow",no,NOINDEX,RESEARCH_REQUIRED,243,1,,,0,45,3,0,no,0,no,yes,
languages/da/level/c5/index.html,course-level,Danish C5 — not published | EkGuru,https://ekguru.shop/languages/da/level/c5/,"noindex, follow",no,NOINDEX,RESEARCH_REQUIRED,243,1,,,0,45,3,0,no,0,no,yes,
languages/da/level/index.html,course-ladder,Danish course — not published | EkGuru,https://ekguru.shop/languages/da/level/,"noindex, follow",no,NOINDEX,RESEARCH_REQUIRED,249,1,,,0,44,3,0,no,0,no,yes,
languages/de/course/index.html,other,Learn German — free course | EkGuru,https://ekguru.shop/languages/de/course/,"index, follow, max-snippet:-1, max-image-preview:large",yes,PUBLISHED,HIGH_CONTENT,657,1,,,0,60,3,0,no,0,yes,yes,
languages/de/index.html,other,Learn German basics — free starter pack | EkGuru,https://ekguru.shop/languages/de/,"index, follow, max-snippet:-1, max-image-preview:large",yes,PUBLISHED,HIGH_CONTENT,437,1,,,0,43,3,0,no,0,yes,no,
languages/de/lessons/food-and-ordering/index.html,other,German Food and Ordering — German Course | EkGuru,https://ekguru.shop/languages/de/lessons/food-and-ordering/,"index, follow, max-snippet:-1, max-image-preview:large",yes,PUBLISHED,HIGH_CONTENT,570,1,,,0,48,3,0,no,0,yes,yes,
languages/de/lessons/greetings-and-introductions/index.html,other,German Greetings and Introductions — German Course | EkGuru,https://ekguru.shop/languages/de/lessons/greetings-and-introductions/,"index, follow, max-snippet:-1, max-image-preview:large",yes,PUBLISHED,HIGH_CONTENT,561,1,,,0,48,3,0,no,0,yes,yes,
languages/de/lessons/nouns-gender-and-articles/index.html,other,"German Nouns, Gender and Articles — German Course | EkGuru",https://ekguru.shop/languages/de/lessons/nouns-gender-and-articles/,"index, follow, max-snippet:-1, max-image-preview:large",yes,PUBLISHED,HIGH_CONTENT,585,1,,,0,48,3,0,no,0,yes,yes,
languages/de/lessons/numbers-1-to-20/index.html,other,German Numbers 1 to 20 — German Course | EkGuru,https://ekguru.shop/languages/de/lessons/numbers-1-to-20/,"index, follow, max-snippet:-1, max-image-preview:large",yes,PUBLISHED,HIGH_CONTENT,559,1,,,0,48,3,0,no,0,yes,yes,
languages/de/lessons/present-tense-regular-verbs/index.html,other,German Present Tense — Regular Verbs — German Course | EkGuru,https://ekguru.shop/languages/de/lessons/present-tense-regular-verbs/,"index, follow, max-snippet:-1, max-image-preview:large",yes,PUBLISHED,HIGH_CONTENT,553,1,,,0,48,3,0,no,0,yes,yes,
languages/de/lessons/sein-and-haben/index.html,other,Sein and Haben — To Be and To Have — German Course | EkGuru,https://ekguru.shop/languages/de/lessons/sein-and-haben/,"index, follow, max-snippet:-1, max-image-preview:large",yes,PUBLISHED,HIGH_CONTENT,628,1,,,0,48,3,0,no,0,yes,yes,
languages/de/level/a1/index.html,course-level,"German A1 — Beginner: first words, family, food | EkGuru",https://ekguru.shop/languages/de/level/a1/,"index, follow, max-snippet:-1, max-image-preview:large",yes,PUBLISHABLE_EXISTING,INTERACTIVE_LEARNING,8068,1,,,0,57,3,0,no,0,no,yes,
languages/de/level/a2/index.html,course-level,"German A2 — Elementary: city, travel, routines, health | EkGuru",https://ekguru.shop/languages/de/level/a2/,"index, follow, max-snippet:-1, max-image-preview:large",yes,PUBLISHABLE_EXISTING,INTERACTIVE_LEARNING,8069,1,,,0,57,3,0,no,0,no,yes,
languages/de/level/a3/index.html,course-level,German A3 — not published | EkGuru,https://ekguru.shop/languages/de/level/a3/,"noindex, follow",no,NOINDEX,RESEARCH_REQUIRED,245,1,,,0,45,3,0,no,0,no,yes,
languages/de/level/b1/index.html,course-level,"German B1 — Intermediate: stories, opinions, work, plans | EkGuru",https://ekguru.shop/languages/de/level/b1/,"index, follow, max-snippet:-1, max-image-preview:large",yes,PUBLISHABLE_EXISTING,INTERACTIVE_LEARNING,8238,1,,,0,57,3,0,no,0,no,yes,
languages/de/level/b2/index.html,course-level,"German B2 — Upper intermediate: debate, work, culture | EkGuru",https://ekguru.shop/languages/de/level/b2/,"index, follow, max-snippet:-1, max-image-preview:large",yes,PUBLISHABLE_EXISTING,INTERACTIVE_LEARNING,8789,1,,,0,56,3,0,no,0,no,yes,
languages/de/level/b3/index.html,course-level,German B3 — not published | EkGuru,https://ekguru.shop/languages/de/level/b3/,"noindex, follow",no,NOINDEX,RESEARCH_REQUIRED,245,1,,,0,45,3,0,no,0,no,yes,
languages/de/level/c1/index.html,course-level,German C1 — not published | EkGuru,https://ekguru.shop/languages/de/level/c1/,"noindex, follow",no,PUBLIC_CONTENT_BUG,RESEARCH_REQUIRED,240,1,,,0,45,3,0,no,0,no,yes,
languages/de/level/c2/index.html,course-level,German C2 — not published | EkGuru,https://ekguru.shop/languages/de/level/c2/,"noindex, follow",no,PUBLIC_CONTENT_BUG,RESEARCH_REQUIRED,240,1,,,0,45,3,0,no,0,no,yes,
languages/de/level/c3/index.html,course-level,German C3 — not published | EkGuru,https://ekguru.shop/languages/de/level/c3/,"noindex, follow",no,NOINDEX,RESEARCH_REQUIRED,245,1,,,0,45,3,0,no,0,no,yes,
languages/de/level/c4/index.html,course-level,German C4 — not published | EkGuru,https://ekguru.shop/languages/de/level/c4/,"noindex, follow",no,NOINDEX,RESEARCH_REQUIRED,245,1,,,0,45,3,0,no,0,no,yes,
languages/de/level/c5/index.html,course-level,German C5 — not published | EkGuru,https://ekguru.shop/languages/de/level/c5/,"noindex, follow",no,NOINDEX,RESEARCH_REQUIRED,245,1,,,0,45,3,0,no,0,no,yes,
languages/de/level/index.html,course-ladder,"German levels — A1, A2, B1, B2 available | EkGuru | EkGuru",https://ekguru.shop/languages/de/level/,"index, follow, max-snippet:-1, max-image-preview:large",yes,PUBLISHED,INTERACTIVE_LEARNING,557,1,,,0,50,3,0,no,0,no,yes,
languages/de/practice/index.html,other,German Practice — Vocabulary & Grammar Drills | EkGuru,https://ekguru.shop/languages/de/practice/,"index, follow, max-snippet:-1, max-image-preview:large",yes,PUBLISHED,INTERACTIVE_LEARNING,385,1,,,0,43,3,0,no,0,yes,yes,
languages/de/quiz/index.html,other,German Quiz — Topic Questions with Explanations | EkGuru,https://ekguru.shop/languages/de/quiz/,"index, follow, max-snippet:-1, max-image-preview:large",yes,PUBLISHED,INTERACTIVE_LEARNING,381,1,,,0,43,3,0,no,0,yes,yes,
languages/de/review/index.html,other,German Review — spaced repetition | EkGuru,https://ekguru.shop/languages/de/review/,"noindex, follow",no,NOINDEX,RESEARCH_REQUIRED,372,1,,,0,43,3,0,no,0,yes,yes,
languages/dz/level/a1/index.html,course-level,Dzongkha A1 — not published | EkGuru,https://ekguru.shop/languages/dz/level/a1/,"noindex, follow",no,PUBLIC_CONTENT_BUG,RESEARCH_REQUIRED,238,1,,,0,45,3,0,no,0,no,yes,
languages/dz/level/a2/index.html,course-level,Dzongkha A2 — not published | EkGuru,https://ekguru.shop/languages/dz/level/a2/,"noindex, follow",no,PUBLIC_CONTENT_BUG,RESEARCH_REQUIRED,238,1,,,0,45,3,0,no,0,no,yes,
languages/dz/level/a3/index.html,course-level,Dzongkha A3 — not published | EkGuru,https://ekguru.shop/languages/dz/level/a3/,"noindex, follow",no,NOINDEX,RESEARCH_REQUIRED,243,1,,,0,45,3,0,no,0,no,yes,
languages/dz/level/b1/index.html,course-level,Dzongkha B1 — not published | EkGuru,https://ekguru.shop/languages/dz/level/b1/,"noindex, follow",no,PUBLIC_CONTENT_BUG,RESEARCH_REQUIRED,238,1,,,0,45,3,0,no,0,no,yes,
languages/dz/level/b2/index.html,course-level,Dzongkha B2 — not published | EkGuru,https://ekguru.shop/languages/dz/level/b2/,"noindex, follow",no,PUBLIC_CONTENT_BUG,RESEARCH_REQUIRED,238,1,,,0,45,3,0,no,0,no,yes,
languages/dz/level/b3/index.html,course-level,Dzongkha B3 — not published | EkGuru,https://ekguru.shop/languages/dz/level/b3/,"noindex, follow",no,NOINDEX,RESEARCH_REQUIRED,243,1,,,0,45,3,0,no,0,no,yes,
languages/dz/level/c1/index.html,course-level,Dzongkha C1 — not published | EkGuru,https://ekguru.shop/languages/dz/level/c1/,"noindex, follow",no,PUBLIC_CONTENT_BUG,RESEARCH_REQUIRED,238,1,,,0,45,3,0,no,0,no,yes,
languages/dz/level/c2/index.html,course-level,Dzongkha C2 — not published | EkGuru,https://ekguru.shop/languages/dz/level/c2/,"noindex, follow",no,PUBLIC_CONTENT_BUG,RESEARCH_REQUIRED,238,1,,,0,45,3,0,no,0,no,yes,
languages/dz/level/c3/index.html,course-level,Dzongkha C3 — not published | EkGuru,https://ekguru.shop/languages/dz/level/c3/,"noindex, follow",no,NOINDEX,RESEARCH_REQUIRED,243,1,,,0,45,3,0,no,0,no,yes,
languages/dz/level/c4/index.html,course-level,Dzongkha C4 — not published | EkGuru,https://ekguru.shop/languages/dz/level/c4/,"noindex, follow",no,NOINDEX,RESEARCH_REQUIRED,243,1,,,0,45,3,0,no,0,no,yes,
languages/dz/level/c5/index.html,course-level,Dzongkha C5 — not published | EkGuru,https://ekguru.shop/languages/dz/level/c5/,"noindex, follow",no,NOINDEX,RESEARCH_REQUIRED,243,1,,,0,45,3,0,no,0,no,yes,
languages/dz/level/index.html,course-ladder,Dzongkha course — not published | EkGuru,https://ekguru.shop/languages/dz/level/,"noindex, follow",no,NOINDEX,RESEARCH_REQUIRED,249,1,,,0,44,3,0,no,0,no,yes,
languages/el/level/a1/index.html,course-level,Greek A1 — not published | EkGuru,https://ekguru.shop/languages/el/level/a1/,"noindex, follow",no,PUBLIC_CONTENT_BUG,RESEARCH_REQUIRED,238,1,,,0,45,3,0,no,0,no,yes,
languages/el/level/a2/index.html,course-level,Greek A2 — not published | EkGuru,https://ekguru.shop/languages/el/level/a2/,"noindex, follow",no,PUBLIC_CONTENT_BUG,RESEARCH_REQUIRED,238,1,,,0,45,3,0,no,0,no,yes,
languages/el/level/a3/index.html,course-level,Greek A3 — not published | EkGuru,https://ekguru.shop/languages/el/level/a3/,"noindex, follow",no,NOINDEX,RESEARCH_REQUIRED,243,1,,,0,45,3,0,no,0,no,yes,
languages/el/level/b1/index.html,course-level,Greek B1 — not published | EkGuru,https://ekguru.shop/languages/el/level/b1/,"noindex, follow",no,PUBLIC_CONTENT_BUG,RESEARCH_REQUIRED,238,1,,,0,45,3,0,no,0,no,yes,
languages/el/level/b2/index.html,course-level,Greek B2 — not published | EkGuru,https://ekguru.shop/languages/el/level/b2/,"noindex, follow",no,PUBLIC_CONTENT_BUG,RESEARCH_REQUIRED,238,1,,,0,45,3,0,no,0,no,yes,
languages/el/level/b3/index.html,course-level,Greek B3 — not published | EkGuru,https://ekguru.shop/languages/el/level/b3/,"noindex, follow",no,NOINDEX,RESEARCH_REQUIRED,243,1,,,0,45,3,0,no,0,no,yes,
languages/el/level/c1/index.html,course-level,Greek C1 — not published | EkGuru,https://ekguru.shop/languages/el/level/c1/,"noindex, follow",no,PUBLIC_CONTENT_BUG,RESEARCH_REQUIRED,238,1,,,0,45,3,0,no,0,no,yes,
languages/el/level/c2/index.html,course-level,Greek C2 — not published | EkGuru,https://ekguru.shop/languages/el/level/c2/,"noindex, follow",no,PUBLIC_CONTENT_BUG,RESEARCH_REQUIRED,238,1,,,0,45,3,0,no,0,no,yes,
languages/el/level/c3/index.html,course-level,Greek C3 — not published | EkGuru,https://ekguru.shop/languages/el/level/c3/,"noindex, follow",no,NOINDEX,RESEARCH_REQUIRED,243,1,,,0,45,3,0,no,0,no,yes,
languages/el/level/c4/index.html,course-level,Greek C4 — not published | EkGuru,https://ekguru.shop/languages/el/level/c4/,"noindex, follow",no,NOINDEX,RESEARCH_REQUIRED,243,1,,,0,45,3,0,no,0,no,yes,
languages/el/level/c5/index.html,course-level,Greek C5 — not published | EkGuru,https://ekguru.shop/languages/el/level/c5/,"noindex, follow",no,NOINDEX,RESEARCH_REQUIRED,243,1,,,0,45,3,0,no,0,no,yes,
languages/el/level/index.html,course-ladder,Greek course — not published | EkGuru,https://ekguru.shop/languages/el/level/,"noindex, follow",no,NOINDEX,RESEARCH_REQUIRED,249,1,,,0,44,3,0,no,0,no,yes,
languages/en/index.html,other,Learn English basics — free starter pack | EkGuru,https://ekguru.shop/languages/en/,"noindex, follow",no,NOINDEX,RESEARCH_REQUIRED,558,1,,,0,45,3,0,no,0,yes,no,
languages/en/level/a1/index.html,course-level,English A1 — not published | EkGuru,https://ekguru.shop/languages/en/level/a1/,"noindex, follow",no,PUBLIC_CONTENT_BUG,RESEARCH_REQUIRED,238,1,,,0,45,3,0,no,0,no,yes,
languages/en/level/a2/index.html,course-level,English A2 — not published | EkGuru,https://ekguru.shop/languages/en/level/a2/,"noindex, follow",no,PUBLIC_CONTENT_BUG,RESEARCH_REQUIRED,238,1,,,0,45,3,0,no,0,no,yes,
languages/en/level/a3/index.html,course-level,English A3 — not published | EkGuru,https://ekguru.shop/languages/en/level/a3/,"noindex, follow",no,NOINDEX,RESEARCH_REQUIRED,243,1,,,0,45,3,0,no,0,no,yes,
languages/en/level/b1/index.html,course-level,English B1 — not published | EkGuru,https://ekguru.shop/languages/en/level/b1/,"noindex, follow",no,PUBLIC_CONTENT_BUG,RESEARCH_REQUIRED,238,1,,,0,45,3,0,no,0,no,yes,
languages/en/level/b2/index.html,course-level,English B2 — not published | EkGuru,https://ekguru.shop/languages/en/level/b2/,"noindex, follow",no,PUBLIC_CONTENT_BUG,RESEARCH_REQUIRED,238,1,,,0,45,3,0,no,0,no,yes,
languages/en/level/b3/index.html,course-level,English B3 — not published | EkGuru,https://ekguru.shop/languages/en/level/b3/,"noindex, follow",no,NOINDEX,RESEARCH_REQUIRED,243,1,,,0,45,3,0,no,0,no,yes,
languages/en/level/c1/index.html,course-level,English C1 — not published | EkGuru,https://ekguru.shop/languages/en/level/c1/,"noindex, follow",no,PUBLIC_CONTENT_BUG,RESEARCH_REQUIRED,238,1,,,0,45,3,0,no,0,no,yes,
languages/en/level/c2/index.html,course-level,English C2 — not published | EkGuru,https://ekguru.shop/languages/en/level/c2/,"noindex, follow",no,PUBLIC_CONTENT_BUG,RESEARCH_REQUIRED,238,1,,,0,45,3,0,no,0,no,yes,
languages/en/level/c3/index.html,course-level,English C3 — not published | EkGuru,https://ekguru.shop/languages/en/level/c3/,"noindex, follow",no,NOINDEX,RESEARCH_REQUIRED,243,1,,,0,45,3,0,no,0,no,yes,
languages/en/level/c4/index.html,course-level,English C4 — not published | EkGuru,https://ekguru.shop/languages/en/level/c4/,"noindex, follow",no,NOINDEX,RESEARCH_REQUIRED,243,1,,,0,45,3,0,no,0,no,yes,
languages/en/level/c5/index.html,course-level,English C5 — not published | EkGuru,https://ekguru.shop/languages/en/level/c5/,"noindex, follow",no,NOINDEX,RESEARCH_REQUIRED,243,1,,,0,45,3,0,no,0,no,yes,
languages/en/level/index.html,course-ladder,English course — not published | EkGuru,https://ekguru.shop/languages/en/level/,"noindex, follow",no,NOINDEX,RESEARCH_REQUIRED,249,1,,,0,44,3,0,no,0,no,yes,
languages/es/course/index.html,other,Learn Spanish — free course | EkGuru,https://ekguru.shop/languages/es/course/,"index, follow, max-snippet:-1, max-image-preview:large",yes,PUBLISHED,HIGH_CONTENT,683,1,,,0,62,3,0,no,0,yes,yes,
languages/es/index.html,other,Learn Spanish basics — free starter pack | EkGuru,https://ekguru.shop/languages/es/,"index, follow, max-snippet:-1, max-image-preview:large",yes,PUBLISHED,HIGH_CONTENT,470,1,,,0,43,3,0,no,0,yes,no,
languages/es/lessons/food-and-ordering/index.html,other,Food and Ordering in Spanish — Spanish Course | EkGuru,https://ekguru.shop/languages/es/lessons/food-and-ordering/,"index, follow, max-snippet:-1, max-image-preview:large",yes,PUBLISHED,HIGH_CONTENT,441,1,,,0,48,3,0,no,0,yes,yes,
languages/es/lessons/gender-and-articles/index.html,other,Gender and Articles in Spanish — Spanish Course | EkGuru,https://ekguru.shop/languages/es/lessons/gender-and-articles/,"index, follow, max-snippet:-1, max-image-preview:large",yes,PUBLISHED,HIGH_CONTENT,443,1,,,0,48,3,0,no,0,yes,yes,
languages/es/lessons/greetings-and-introductions/index.html,other,Spanish Greetings and Introductions — Spanish Course | EkGuru,https://ekguru.shop/languages/es/lessons/greetings-and-introductions/,"index, follow, max-snippet:-1, max-image-preview:large",yes,PUBLISHED,HIGH_CONTENT,490,1,,,0,48,3,0,no,0,yes,yes,
languages/es/lessons/numbers-1-to-20/index.html,other,Spanish Numbers 1 to 20 — Spanish Course | EkGuru,https://ekguru.shop/languages/es/lessons/numbers-1-to-20/,"index, follow, max-snippet:-1, max-image-preview:large",yes,PUBLISHED,HIGH_CONTENT,397,1,,,0,48,3,0,no,0,yes,yes,
languages/es/lessons/present-tense-regular-verbs/index.html,other,Spanish Present Tense — Regular Verbs — Spanish Course | EkGuru,https://ekguru.shop/languages/es/lessons/present-tense-regular-verbs/,"index, follow, max-snippet:-1, max-image-preview:large",yes,PUBLISHED,HIGH_CONTENT,453,1,,,0,48,3,0,no,0,yes,yes,
languages/es/lessons/ser-and-estar/index.html,other,"Ser and Estar — The Two Ways to Say ""To Be"" — Span | EkGuru",https://ekguru.shop/languages/es/lessons/ser-and-estar/,"index, follow, max-snippet:-1, max-image-preview:large",yes,PUBLISHED,HIGH_CONTENT,474,1,,,0,48,3,0,no,0,yes,yes,
languages/es/level/a1/index.html,course-level,"Spanish A1 — Beginner: first words, family, food | EkGuru",https://ekguru.shop/languages/es/level/a1/,"index, follow, max-snippet:-1, max-image-preview:large",yes,PUBLISHABLE_EXISTING,INTERACTIVE_LEARNING,8168,1,,,0,59,3,0,no,0,no,yes,
languages/es/level/a2/index.html,course-level,"Spanish A2 — Elementary: city, travel, routines, health | EkGuru",https://ekguru.shop/languages/es/level/a2/,"index, follow, max-snippet:-1, max-image-preview:large",yes,PUBLISHABLE_EXISTING,INTERACTIVE_LEARNING,8231,1,,,0,59,3,0,no,0,no,yes,
languages/es/level/a3/index.html,course-level,Spanish A3 — not published | EkGuru,https://ekguru.shop/languages/es/level/a3/,"noindex, follow",no,NOINDEX,RESEARCH_REQUIRED,245,1,,,0,45,3,0,no,0,no,yes,
languages/es/level/b1/index.html,course-level,"Spanish B1 — Intermediate: stories, opinions, work, plans | EkGuru",https://ekguru.shop/languages/es/level/b1/,"index, follow, max-snippet:-1, max-image-preview:large",yes,PUBLISHABLE_EXISTING,INTERACTIVE_LEARNING,8313,1,,,0,59,3,0,no,0,no,yes,
languages/es/level/b2/index.html,course-level,"Spanish B2 — Upper intermediate: debate, work, culture | EkGuru",https://ekguru.shop/languages/es/level/b2/,"index, follow, max-snippet:-1, max-image-preview:large",yes,PUBLISHABLE_EXISTING,INTERACTIVE_LEARNING,8717,1,,,0,59,3,0,no,0,no,yes,
languages/es/level/b3/index.html,course-level,Spanish B3 — not published | EkGuru,https://ekguru.shop/languages/es/level/b3/,"noindex, follow",no,NOINDEX,RESEARCH_REQUIRED,245,1,,,0,45,3,0,no,0,no,yes,
languages/es/level/c1/index.html,course-level,Spanish C1 — Spanish C1 Advanced Mastery | EkGuru,https://ekguru.shop/languages/es/level/c1/,"index, follow, max-snippet:-1, max-image-preview:large",yes,PUBLISHABLE_EXISTING,INTERACTIVE_LEARNING,8181,1,,,0,59,3,0,no,0,no,yes,
languages/es/level/c2/index.html,course-level,Spanish C2 — Spanish C2 Advanced Mastery | EkGuru,https://ekguru.shop/languages/es/level/c2/,"index, follow, max-snippet:-1, max-image-preview:large",yes,PUBLISHABLE_EXISTING,INTERACTIVE_LEARNING,8038,1,,,0,58,3,0,no,0,no,yes,
languages/es/level/c3/index.html,course-level,Spanish C3 — not published | EkGuru,https://ekguru.shop/languages/es/level/c3/,"noindex, follow",no,NOINDEX,RESEARCH_REQUIRED,245,1,,,0,45,3,0,no,0,no,yes,
languages/es/level/c4/index.html,course-level,Spanish C4 — not published | EkGuru,https://ekguru.shop/languages/es/level/c4/,"noindex, follow",no,NOINDEX,RESEARCH_REQUIRED,245,1,,,0,45,3,0,no,0,no,yes,
languages/es/level/c5/index.html,course-level,Spanish C5 — not published | EkGuru,https://ekguru.shop/languages/es/level/c5/,"noindex, follow",no,NOINDEX,RESEARCH_REQUIRED,245,1,,,0,45,3,0,no,0,no,yes,
languages/es/level/index.html,course-ladder,Spanish levels — A1 to C2 | EkGuru | EkGuru,https://ekguru.shop/languages/es/level/,"index, follow, max-snippet:-1, max-image-preview:large",yes,PUBLISHED,INTERACTIVE_LEARNING,589,1,,,0,50,3,0,no,0,no,yes,
languages/es/practice/index.html,other,Spanish Practice — Vocabulary & Grammar Drills | EkGuru,https://ekguru.shop/languages/es/practice/,"index, follow, max-snippet:-1, max-image-preview:large",yes,PUBLISHED,INTERACTIVE_LEARNING,385,1,,,0,43,3,0,no,0,yes,yes,
languages/es/quiz/index.html,other,Spanish Quiz — Topic Questions with Explanations | EkGuru,https://ekguru.shop/languages/es/quiz/,"index, follow, max-snippet:-1, max-image-preview:large",yes,PUBLISHED,INTERACTIVE_LEARNING,381,1,,,0,43,3,0,no,0,yes,yes,
languages/es/review/index.html,other,Spanish Review — spaced repetition | EkGuru,https://ekguru.shop/languages/es/review/,"noindex, follow",no,NOINDEX,RESEARCH_REQUIRED,372,1,,,0,43,3,0,no,0,yes,yes,
languages/et/level/a1/index.html,course-level,Estonian A1 — not published | EkGuru,https://ekguru.shop/languages/et/level/a1/,"noindex, follow",no,PUBLIC_CONTENT_BUG,RESEARCH_REQUIRED,238,1,,,0,45,3,0,no,0,no,yes,
languages/et/level/a2/index.html,course-level,Estonian A2 — not published | EkGuru,https://ekguru.shop/languages/et/level/a2/,"noindex, follow",no,PUBLIC_CONTENT_BUG,RESEARCH_REQUIRED,238,1,,,0,45,3,0,no,0,no,yes,
languages/et/level/a3/index.html,course-level,Estonian A3 — not published | EkGuru,https://ekguru.shop/languages/et/level/a3/,"noindex, follow",no,NOINDEX,RESEARCH_REQUIRED,243,1,,,0,45,3,0,no,0,no,yes,
languages/et/level/b1/index.html,course-level,Estonian B1 — not published | EkGuru,https://ekguru.shop/languages/et/level/b1/,"noindex, follow",no,PUBLIC_CONTENT_BUG,RESEARCH_REQUIRED,238,1,,,0,45,3,0,no,0,no,yes,
languages/et/level/b2/index.html,course-level,Estonian B2 — not published | EkGuru,https://ekguru.shop/languages/et/level/b2/,"noindex, follow",no,PUBLIC_CONTENT_BUG,RESEARCH_REQUIRED,238,1,,,0,45,3,0,no,0,no,yes,
languages/et/level/b3/index.html,course-level,Estonian B3 — not published | EkGuru,https://ekguru.shop/languages/et/level/b3/,"noindex, follow",no,NOINDEX,RESEARCH_REQUIRED,243,1,,,0,45,3,0,no,0,no,yes,
languages/et/level/c1/index.html,course-level,Estonian C1 — not published | EkGuru,https://ekguru.shop/languages/et/level/c1/,"noindex, follow",no,PUBLIC_CONTENT_BUG,RESEARCH_REQUIRED,238,1,,,0,45,3,0,no,0,no,yes,
languages/et/level/c2/index.html,course-level,Estonian C2 — not published | EkGuru,https://ekguru.shop/languages/et/level/c2/,"noindex, follow",no,PUBLIC_CONTENT_BUG,RESEARCH_REQUIRED,238,1,,,0,45,3,0,no,0,no,yes,
languages/et/level/c3/index.html,course-level,Estonian C3 — not published | EkGuru,https://ekguru.shop/languages/et/level/c3/,"noindex, follow",no,NOINDEX,RESEARCH_REQUIRED,243,1,,,0,45,3,0,no,0,no,yes,
languages/et/level/c4/index.html,course-level,Estonian C4 — not published | EkGuru,https://ekguru.shop/languages/et/level/c4/,"noindex, follow",no,NOINDEX,RESEARCH_REQUIRED,243,1,,,0,45,3,0,no,0,no,yes,
languages/et/level/c5/index.html,course-level,Estonian C5 — not published | EkGuru,https://ekguru.shop/languages/et/level/c5/,"noindex, follow",no,NOINDEX,RESEARCH_REQUIRED,243,1,,,0,45,3,0,no,0,no,yes,
languages/et/level/index.html,course-ladder,Estonian course — not published | EkGuru,https://ekguru.shop/languages/et/level/,"noindex, follow",no,NOINDEX,RESEARCH_REQUIRED,249,1,,,0,44,3,0,no,0,no,yes,
languages/eu/level/a1/index.html,course-level,Basque A1 — not published | EkGuru,https://ekguru.shop/languages/eu/level/a1/,"noindex, follow",no,PUBLIC_CONTENT_BUG,RESEARCH_REQUIRED,238,1,,,0,45,3,0,no,0,no,yes,
languages/eu/level/a2/index.html,course-level,Basque A2 — not published | EkGuru,https://ekguru.shop/languages/eu/level/a2/,"noindex, follow",no,PUBLIC_CONTENT_BUG,RESEARCH_REQUIRED,238,1,,,0,45,3,0,no,0,no,yes,
languages/eu/level/a3/index.html,course-level,Basque A3 — not published | EkGuru,https://ekguru.shop/languages/eu/level/a3/,"noindex, follow",no,NOINDEX,RESEARCH_REQUIRED,243,1,,,0,45,3,0,no,0,no,yes,
languages/eu/level/b1/index.html,course-level,Basque B1 — not published | EkGuru,https://ekguru.shop/languages/eu/level/b1/,"noindex, follow",no,PUBLIC_CONTENT_BUG,RESEARCH_REQUIRED,238,1,,,0,45,3,0,no,0,no,yes,
languages/eu/level/b2/index.html,course-level,Basque B2 — not published | EkGuru,https://ekguru.shop/languages/eu/level/b2/,"noindex, follow",no,PUBLIC_CONTENT_BUG,RESEARCH_REQUIRED,238,1,,,0,45,3,0,no,0,no,yes,
languages/eu/level/b3/index.html,course-level,Basque B3 — not published | EkGuru,https://ekguru.shop/languages/eu/level/b3/,"noindex, follow",no,NOINDEX,RESEARCH_REQUIRED,243,1,,,0,45,3,0,no,0,no,yes,
languages/eu/level/c1/index.html,course-level,Basque C1 — not published | EkGuru,https://ekguru.shop/languages/eu/level/c1/,"noindex, follow",no,PUBLIC_CONTENT_BUG,RESEARCH_REQUIRED,238,1,,,0,45,3,0,no,0,no,yes,
languages/eu/level/c2/index.html,course-level,Basque C2 — not published | EkGuru,https://ekguru.shop/languages/eu/level/c2/,"noindex, follow",no,PUBLIC_CONTENT_BUG,RESEARCH_REQUIRED,238,1,,,0,45,3,0,no,0,no,yes,
languages/eu/level/c3/index.html,course-level,Basque C3 — not published | EkGuru,https://ekguru.shop/languages/eu/level/c3/,"noindex, follow",no,NOINDEX,RESEARCH_REQUIRED,243,1,,,0,45,3,0,no,0,no,yes,
languages/eu/level/c4/index.html,course-level,Basque C4 — not published | EkGuru,https://ekguru.shop/languages/eu/level/c4/,"noindex, follow",no,NOINDEX,RESEARCH_REQUIRED,243,1,,,0,45,3,0,no,0,no,yes,
languages/eu/level/c5/index.html,course-level,Basque C5 — not published | EkGuru,https://ekguru.shop/languages/eu/level/c5/,"noindex, follow",no,NOINDEX,RESEARCH_REQUIRED,243,1,,,0,45,3,0,no,0,no,yes,
languages/eu/level/index.html,course-ladder,Basque course — not published | EkGuru,https://ekguru.shop/languages/eu/level/,"noindex, follow",no,NOINDEX,RESEARCH_REQUIRED,249,1,,,0,44,3,0,no,0,no,yes,
languages/fa/index.html,other,Learn Persian basics — free starter pack | EkGuru,https://ekguru.shop/languages/fa/,"noindex, follow",no,NOINDEX,RESEARCH_REQUIRED,565,1,,,0,45,3,0,no,0,yes,no,
languages/fa/level/a1/index.html,course-level,Persian A1 — not published | EkGuru,https://ekguru.shop/languages/fa/level/a1/,"noindex, follow",no,PUBLIC_CONTENT_BUG,RESEARCH_REQUIRED,238,1,,,0,45,3,0,no,0,no,yes,
languages/fa/level/a2/index.html,course-level,Persian A2 — not published | EkGuru,https://ekguru.shop/languages/fa/level/a2/,"noindex, follow",no,PUBLIC_CONTENT_BUG,RESEARCH_REQUIRED,238,1,,,0,45,3,0,no,0,no,yes,
languages/fa/level/a3/index.html,course-level,Persian A3 — not published | EkGuru,https://ekguru.shop/languages/fa/level/a3/,"noindex, follow",no,NOINDEX,RESEARCH_REQUIRED,243,1,,,0,45,3,0,no,0,no,yes,
languages/fa/level/b1/index.html,course-level,Persian B1 — not published | EkGuru,https://ekguru.shop/languages/fa/level/b1/,"noindex, follow",no,PUBLIC_CONTENT_BUG,RESEARCH_REQUIRED,238,1,,,0,45,3,0,no,0,no,yes,
languages/fa/level/b2/index.html,course-level,Persian B2 — not published | EkGuru,https://ekguru.shop/languages/fa/level/b2/,"noindex, follow",no,PUBLIC_CONTENT_BUG,RESEARCH_REQUIRED,238,1,,,0,45,3,0,no,0,no,yes,
languages/fa/level/b3/index.html,course-level,Persian B3 — not published | EkGuru,https://ekguru.shop/languages/fa/level/b3/,"noindex, follow",no,NOINDEX,RESEARCH_REQUIRED,243,1,,,0,45,3,0,no,0,no,yes,
languages/fa/level/c1/index.html,course-level,Persian C1 — not published | EkGuru,https://ekguru.shop/languages/fa/level/c1/,"noindex, follow",no,PUBLIC_CONTENT_BUG,RESEARCH_REQUIRED,238,1,,,0,45,3,0,no,0,no,yes,
languages/fa/level/c2/index.html,course-level,Persian C2 — not published | EkGuru,https://ekguru.shop/languages/fa/level/c2/,"noindex, follow",no,PUBLIC_CONTENT_BUG,RESEARCH_REQUIRED,238,1,,,0,45,3,0,no,0,no,yes,
languages/fa/level/c3/index.html,course-level,Persian C3 — not published | EkGuru,https://ekguru.shop/languages/fa/level/c3/,"noindex, follow",no,NOINDEX,RESEARCH_REQUIRED,243,1,,,0,45,3,0,no,0,no,yes,
languages/fa/level/c4/index.html,course-level,Persian C4 — not published | EkGuru,https://ekguru.shop/languages/fa/level/c4/,"noindex, follow",no,NOINDEX,RESEARCH_REQUIRED,243,1,,,0,45,3,0,no,0,no,yes,
languages/fa/level/c5/index.html,course-level,Persian C5 — not published | EkGuru,https://ekguru.shop/languages/fa/level/c5/,"noindex, follow",no,NOINDEX,RESEARCH_REQUIRED,243,1,,,0,45,3,0,no,0,no,yes,
languages/fa/level/index.html,course-ladder,Persian course — not published | EkGuru,https://ekguru.shop/languages/fa/level/,"noindex, follow",no,NOINDEX,RESEARCH_REQUIRED,249,1,,,0,44,3,0,no,0,no,yes,
languages/fi/level/a1/index.html,course-level,Finnish A1 — not published | EkGuru,https://ekguru.shop/languages/fi/level/a1/,"noindex, follow",no,PUBLIC_CONTENT_BUG,RESEARCH_REQUIRED,238,1,,,0,45,3,0,no,0,no,yes,
languages/fi/level/a2/index.html,course-level,Finnish A2 — not published | EkGuru,https://ekguru.shop/languages/fi/level/a2/,"noindex, follow",no,PUBLIC_CONTENT_BUG,RESEARCH_REQUIRED,238,1,,,0,45,3,0,no,0,no,yes,
languages/fi/level/a3/index.html,course-level,Finnish A3 — not published | EkGuru,https://ekguru.shop/languages/fi/level/a3/,"noindex, follow",no,NOINDEX,RESEARCH_REQUIRED,243,1,,,0,45,3,0,no,0,no,yes,
languages/fi/level/b1/index.html,course-level,Finnish B1 — not published | EkGuru,https://ekguru.shop/languages/fi/level/b1/,"noindex, follow",no,PUBLIC_CONTENT_BUG,RESEARCH_REQUIRED,238,1,,,0,45,3,0,no,0,no,yes,
languages/fi/level/b2/index.html,course-level,Finnish B2 — not published | EkGuru,https://ekguru.shop/languages/fi/level/b2/,"noindex, follow",no,PUBLIC_CONTENT_BUG,RESEARCH_REQUIRED,238,1,,,0,45,3,0,no,0,no,yes,
languages/fi/level/b3/index.html,course-level,Finnish B3 — not published | EkGuru,https://ekguru.shop/languages/fi/level/b3/,"noindex, follow",no,NOINDEX,RESEARCH_REQUIRED,243,1,,,0,45,3,0,no,0,no,yes,
languages/fi/level/c1/index.html,course-level,Finnish C1 — not published | EkGuru,https://ekguru.shop/languages/fi/level/c1/,"noindex, follow",no,PUBLIC_CONTENT_BUG,RESEARCH_REQUIRED,238,1,,,0,45,3,0,no,0,no,yes,
languages/fi/level/c2/index.html,course-level,Finnish C2 — not published | EkGuru,https://ekguru.shop/languages/fi/level/c2/,"noindex, follow",no,PUBLIC_CONTENT_BUG,RESEARCH_REQUIRED,238,1,,,0,45,3,0,no,0,no,yes,
languages/fi/level/c3/index.html,course-level,Finnish C3 — not published | EkGuru,https://ekguru.shop/languages/fi/level/c3/,"noindex, follow",no,NOINDEX,RESEARCH_REQUIRED,243,1,,,0,45,3,0,no,0,no,yes,
languages/fi/level/c4/index.html,course-level,Finnish C4 — not published | EkGuru,https://ekguru.shop/languages/fi/level/c4/,"noindex, follow",no,NOINDEX,RESEARCH_REQUIRED,243,1,,,0,45,3,0,no,0,no,yes,
languages/fi/level/c5/index.html,course-level,Finnish C5 — not published | EkGuru,https://ekguru.shop/languages/fi/level/c5/,"noindex, follow",no,NOINDEX,RESEARCH_REQUIRED,243,1,,,0,45,3,0,no,0,no,yes,
languages/fi/level/index.html,course-ladder,Finnish course — not published | EkGuru,https://ekguru.shop/languages/fi/level/,"noindex, follow",no,NOINDEX,RESEARCH_REQUIRED,249,1,,,0,44,3,0,no,0,no,yes,
languages/fil/level/a1/index.html,course-level,Filipino A1 — not published | EkGuru,https://ekguru.shop/languages/fil/level/a1/,"noindex, follow",no,PUBLIC_CONTENT_BUG,RESEARCH_REQUIRED,238,1,,,0,45,3,0,no,0,no,yes,
languages/fil/level/a2/index.html,course-level,Filipino A2 — not published | EkGuru,https://ekguru.shop/languages/fil/level/a2/,"noindex, follow",no,PUBLIC_CONTENT_BUG,RESEARCH_REQUIRED,238,1,,,0,45,3,0,no,0,no,yes,
languages/fil/level/a3/index.html,course-level,Filipino A3 — not published | EkGuru,https://ekguru.shop/languages/fil/level/a3/,"noindex, follow",no,NOINDEX,RESEARCH_REQUIRED,243,1,,,0,45,3,0,no,0,no,yes,
languages/fil/level/b1/index.html,course-level,Filipino B1 — not published | EkGuru,https://ekguru.shop/languages/fil/level/b1/,"noindex, follow",no,PUBLIC_CONTENT_BUG,RESEARCH_REQUIRED,238,1,,,0,45,3,0,no,0,no,yes,
languages/fil/level/b2/index.html,course-level,Filipino B2 — not published | EkGuru,https://ekguru.shop/languages/fil/level/b2/,"noindex, follow",no,PUBLIC_CONTENT_BUG,RESEARCH_REQUIRED,238,1,,,0,45,3,0,no,0,no,yes,
languages/fil/level/b3/index.html,course-level,Filipino B3 — not published | EkGuru,https://ekguru.shop/languages/fil/level/b3/,"noindex, follow",no,NOINDEX,RESEARCH_REQUIRED,243,1,,,0,45,3,0,no,0,no,yes,
languages/fil/level/c1/index.html,course-level,Filipino C1 — not published | EkGuru,https://ekguru.shop/languages/fil/level/c1/,"noindex, follow",no,PUBLIC_CONTENT_BUG,RESEARCH_REQUIRED,238,1,,,0,45,3,0,no,0,no,yes,
languages/fil/level/c2/index.html,course-level,Filipino C2 — not published | EkGuru,https://ekguru.shop/languages/fil/level/c2/,"noindex, follow",no,PUBLIC_CONTENT_BUG,RESEARCH_REQUIRED,238,1,,,0,45,3,0,no,0,no,yes,
languages/fil/level/c3/index.html,course-level,Filipino C3 — not published | EkGuru,https://ekguru.shop/languages/fil/level/c3/,"noindex, follow",no,NOINDEX,RESEARCH_REQUIRED,243,1,,,0,45,3,0,no,0,no,yes,
languages/fil/level/c4/index.html,course-level,Filipino C4 — not published | EkGuru,https://ekguru.shop/languages/fil/level/c4/,"noindex, follow",no,NOINDEX,RESEARCH_REQUIRED,243,1,,,0,45,3,0,no,0,no,yes,
languages/fil/level/c5/index.html,course-level,Filipino C5 — not published | EkGuru,https://ekguru.shop/languages/fil/level/c5/,"noindex, follow",no,NOINDEX,RESEARCH_REQUIRED,243,1,,,0,45,3,0,no,0,no,yes,
languages/fil/level/index.html,course-ladder,Filipino course — not published | EkGuru,https://ekguru.shop/languages/fil/level/,"noindex, follow",no,NOINDEX,RESEARCH_REQUIRED,249,1,,,0,44,3,0,no,0,no,yes,
languages/fj/level/a1/index.html,course-level,Fijian A1 — not published | EkGuru,https://ekguru.shop/languages/fj/level/a1/,"noindex, follow",no,PUBLIC_CONTENT_BUG,RESEARCH_REQUIRED,238,1,,,0,45,3,0,no,0,no,yes,
languages/fj/level/a2/index.html,course-level,Fijian A2 — not published | EkGuru,https://ekguru.shop/languages/fj/level/a2/,"noindex, follow",no,PUBLIC_CONTENT_BUG,RESEARCH_REQUIRED,238,1,,,0,45,3,0,no,0,no,yes,
languages/fj/level/a3/index.html,course-level,Fijian A3 — not published | EkGuru,https://ekguru.shop/languages/fj/level/a3/,"noindex, follow",no,NOINDEX,RESEARCH_REQUIRED,243,1,,,0,45,3,0,no,0,no,yes,
languages/fj/level/b1/index.html,course-level,Fijian B1 — not published | EkGuru,https://ekguru.shop/languages/fj/level/b1/,"noindex, follow",no,PUBLIC_CONTENT_BUG,RESEARCH_REQUIRED,238,1,,,0,45,3,0,no,0,no,yes,
languages/fj/level/b2/index.html,course-level,Fijian B2 — not published | EkGuru,https://ekguru.shop/languages/fj/level/b2/,"noindex, follow",no,PUBLIC_CONTENT_BUG,RESEARCH_REQUIRED,238,1,,,0,45,3,0,no,0,no,yes,
languages/fj/level/b3/index.html,course-level,Fijian B3 — not published | EkGuru,https://ekguru.shop/languages/fj/level/b3/,"noindex, follow",no,NOINDEX,RESEARCH_REQUIRED,243,1,,,0,45,3,0,no,0,no,yes,
languages/fj/level/c1/index.html,course-level,Fijian C1 — not published | EkGuru,https://ekguru.shop/languages/fj/level/c1/,"noindex, follow",no,PUBLIC_CONTENT_BUG,RESEARCH_REQUIRED,238,1,,,0,45,3,0,no,0,no,yes,
languages/fj/level/c2/index.html,course-level,Fijian C2 — not published | EkGuru,https://ekguru.shop/languages/fj/level/c2/,"noindex, follow",no,PUBLIC_CONTENT_BUG,RESEARCH_REQUIRED,238,1,,,0,45,3,0,no,0,no,yes,
languages/fj/level/c3/index.html,course-level,Fijian C3 — not published | EkGuru,https://ekguru.shop/languages/fj/level/c3/,"noindex, follow",no,NOINDEX,RESEARCH_REQUIRED,243,1,,,0,45,3,0,no,0,no,yes,
languages/fj/level/c4/index.html,course-level,Fijian C4 — not published | EkGuru,https://ekguru.shop/languages/fj/level/c4/,"noindex, follow",no,NOINDEX,RESEARCH_REQUIRED,243,1,,,0,45,3,0,no,0,no,yes,
languages/fj/level/c5/index.html,course-level,Fijian C5 — not published | EkGuru,https://ekguru.shop/languages/fj/level/c5/,"noindex, follow",no,NOINDEX,RESEARCH_REQUIRED,243,1,,,0,45,3,0,no,0,no,yes,
languages/fj/level/index.html,course-ladder,Fijian course — not published | EkGuru,https://ekguru.shop/languages/fj/level/,"noindex, follow",no,NOINDEX,RESEARCH_REQUIRED,249,1,,,0,44,3,0,no,0,no,yes,
languages/fr/course/index.html,other,Learn French — free course | EkGuru,https://ekguru.shop/languages/fr/course/,"index, follow, max-snippet:-1, max-image-preview:large",yes,PUBLISHED,HIGH_CONTENT,685,1,,,0,62,3,0,no,0,yes,yes,
languages/fr/index.html,other,Learn French basics — free starter pack | EkGuru,https://ekguru.shop/languages/fr/,"index, follow, max-snippet:-1, max-image-preview:large",yes,PUBLISHED,HIGH_CONTENT,438,1,,,0,43,3,0,no,0,yes,no,
languages/fr/lessons/etre-and-avoir/index.html,other,Être and Avoir — The Two Verbs You Can't Live With | EkGuru,https://ekguru.shop/languages/fr/lessons/etre-and-avoir/,"index, follow, max-snippet:-1, max-image-preview:large",yes,PUBLISHED,HIGH_CONTENT,512,1,,,0,48,3,0,no,0,yes,yes,
languages/fr/lessons/food-and-ordering/index.html,other,Food and Ordering in French — French Course | EkGuru,https://ekguru.shop/languages/fr/lessons/food-and-ordering/,"index, follow, max-snippet:-1, max-image-preview:large",yes,PUBLISHED,HIGH_CONTENT,459,1,,,0,48,3,0,no,0,yes,yes,
languages/fr/lessons/gender-and-articles/index.html,other,Gender and Articles in French — French Course | EkGuru,https://ekguru.shop/languages/fr/lessons/gender-and-articles/,"index, follow, max-snippet:-1, max-image-preview:large",yes,PUBLISHED,HIGH_CONTENT,473,1,,,0,48,3,0,no,0,yes,yes,
languages/fr/lessons/greetings-and-introductions/index.html,other,French Greetings and Introductions — French Course | EkGuru,https://ekguru.shop/languages/fr/lessons/greetings-and-introductions/,"index, follow, max-snippet:-1, max-image-preview:large",yes,PUBLISHED,HIGH_CONTENT,498,1,,,0,48,3,0,no,0,yes,yes,
languages/fr/lessons/numbers-1-to-20/index.html,other,French Numbers 1 to 20 — French Course | EkGuru,https://ekguru.shop/languages/fr/lessons/numbers-1-to-20/,"index, follow, max-snippet:-1, max-image-preview:large",yes,PUBLISHED,HIGH_CONTENT,408,1,,,0,48,3,0,no,0,yes,yes,
languages/fr/lessons/present-tense-regular-verbs/index.html,other,French Present Tense — Regular Verbs — French Course | EkGuru,https://ekguru.shop/languages/fr/lessons/present-tense-regular-verbs/,"index, follow, max-snippet:-1, max-image-preview:large",yes,PUBLISHED,HIGH_CONTENT,458,1,,,0,48,3,0,no,0,yes,yes,
languages/fr/level/a1/index.html,course-level,"French A1 — Beginner: first words, family, food | EkGuru",https://ekguru.shop/languages/fr/level/a1/,"index, follow, max-snippet:-1, max-image-preview:large",yes,PUBLISHABLE_EXISTING,INTERACTIVE_LEARNING,8291,1,,,0,59,3,0,no,0,no,yes,
languages/fr/level/a2/index.html,course-level,"French A2 — Elementary: city, travel, routines, health | EkGuru",https://ekguru.shop/languages/fr/level/a2/,"index, follow, max-snippet:-1, max-image-preview:large",yes,PUBLISHABLE_EXISTING,INTERACTIVE_LEARNING,8499,1,,,0,59,3,0,no,0,no,yes,
languages/fr/level/a3/index.html,course-level,French A3 — not published | EkGuru,https://ekguru.shop/languages/fr/level/a3/,"noindex, follow",no,NOINDEX,RESEARCH_REQUIRED,245,1,,,0,45,3,0,no,0,no,yes,
languages/fr/level/b1/index.html,course-level,"French B1 — Intermediate: stories, opinions, work, plans | EkGuru",https://ekguru.shop/languages/fr/level/b1/,"index, follow, max-snippet:-1, max-image-preview:large",yes,PUBLISHABLE_EXISTING,INTERACTIVE_LEARNING,8577,1,,,0,59,3,0,no,0,no,yes,
languages/fr/level/b2/index.html,course-level,"French B2 — Upper intermediate: debate, work, culture | EkGuru",https://ekguru.shop/languages/fr/level/b2/,"index, follow, max-snippet:-1, max-image-preview:large",yes,PUBLISHABLE_EXISTING,INTERACTIVE_LEARNING,9180,1,,,0,59,3,0,no,0,no,yes,
languages/fr/level/b3/index.html,course-level,French B3 — not published | EkGuru,https://ekguru.shop/languages/fr/level/b3/,"noindex, follow",no,NOINDEX,RESEARCH_REQUIRED,245,1,,,0,45,3,0,no,0,no,yes,
languages/fr/level/c1/index.html,course-level,French C1 — French C1 Advanced Mastery | EkGuru,https://ekguru.shop/languages/fr/level/c1/,"index, follow, max-snippet:-1, max-image-preview:large",yes,PUBLISHABLE_EXISTING,INTERACTIVE_LEARNING,8490,1,,,0,59,3,0,no,0,no,yes,
languages/fr/level/c2/index.html,course-level,French C2 — French C2 Advanced Mastery | EkGuru,https://ekguru.shop/languages/fr/level/c2/,"index, follow, max-snippet:-1, max-image-preview:large",yes,PUBLISHABLE_EXISTING,INTERACTIVE_LEARNING,8522,1,,,0,58,3,0,no,0,no,yes,
languages/fr/level/c3/index.html,course-level,French C3 — not published | EkGuru,https://ekguru.shop/languages/fr/level/c3/,"noindex, follow",no,NOINDEX,RESEARCH_REQUIRED,245,1,,,0,45,3,0,no,0,no,yes,
languages/fr/level/c4/index.html,course-level,French C4 — not published | EkGuru,https://ekguru.shop/languages/fr/level/c4/,"noindex, follow",no,NOINDEX,RESEARCH_REQUIRED,245,1,,,0,45,3,0,no,0,no,yes,
languages/fr/level/c5/index.html,course-level,French C5 — not published | EkGuru,https://ekguru.shop/languages/fr/level/c5/,"noindex, follow",no,NOINDEX,RESEARCH_REQUIRED,245,1,,,0,45,3,0,no,0,no,yes,
languages/fr/level/index.html,course-ladder,French levels — A1 to C2 | EkGuru | EkGuru,https://ekguru.shop/languages/fr/level/,"index, follow, max-snippet:-1, max-image-preview:large",yes,PUBLISHED,INTERACTIVE_LEARNING,589,1,,,0,50,3,0,no,0,no,yes,
languages/fr/practice/index.html,other,French Practice — Vocabulary & Grammar Drills | EkGuru,https://ekguru.shop/languages/fr/practice/,"index, follow, max-snippet:-1, max-image-preview:large",yes,PUBLISHED,INTERACTIVE_LEARNING,385,1,,,0,43,3,0,no,0,yes,yes,
languages/fr/quiz/index.html,other,French Quiz — Topic Questions with Explanations | EkGuru,https://ekguru.shop/languages/fr/quiz/,"index, follow, max-snippet:-1, max-image-preview:large",yes,PUBLISHED,INTERACTIVE_LEARNING,381,1,,,0,43,3,0,no,0,yes,yes,
languages/fr/review/index.html,other,French Review — spaced repetition | EkGuru,https://ekguru.shop/languages/fr/review/,"noindex, follow",no,NOINDEX,RESEARCH_REQUIRED,372,1,,,0,43,3,0,no,0,yes,yes,
languages/ga/level/a1/index.html,course-level,Irish A1 — not published | EkGuru,https://ekguru.shop/languages/ga/level/a1/,"noindex, follow",no,PUBLIC_CONTENT_BUG,RESEARCH_REQUIRED,238,1,,,0,45,3,0,no,0,no,yes,
languages/ga/level/a2/index.html,course-level,Irish A2 — not published | EkGuru,https://ekguru.shop/languages/ga/level/a2/,"noindex, follow",no,PUBLIC_CONTENT_BUG,RESEARCH_REQUIRED,238,1,,,0,45,3,0,no,0,no,yes,
languages/ga/level/a3/index.html,course-level,Irish A3 — not published | EkGuru,https://ekguru.shop/languages/ga/level/a3/,"noindex, follow",no,NOINDEX,RESEARCH_REQUIRED,243,1,,,0,45,3,0,no,0,no,yes,
languages/ga/level/b1/index.html,course-level,Irish B1 — not published | EkGuru,https://ekguru.shop/languages/ga/level/b1/,"noindex, follow",no,PUBLIC_CONTENT_BUG,RESEARCH_REQUIRED,238,1,,,0,45,3,0,no,0,no,yes,
languages/ga/level/b2/index.html,course-level,Irish B2 — not published | EkGuru,https://ekguru.shop/languages/ga/level/b2/,"noindex, follow",no,PUBLIC_CONTENT_BUG,RESEARCH_REQUIRED,238,1,,,0,45,3,0,no,0,no,yes,
languages/ga/level/b3/index.html,course-level,Irish B3 — not published | EkGuru,https://ekguru.shop/languages/ga/level/b3/,"noindex, follow",no,NOINDEX,RESEARCH_REQUIRED,243,1,,,0,45,3,0,no,0,no,yes,
languages/ga/level/c1/index.html,course-level,Irish C1 — not published | EkGuru,https://ekguru.shop/languages/ga/level/c1/,"noindex, follow",no,PUBLIC_CONTENT_BUG,RESEARCH_REQUIRED,238,1,,,0,45,3,0,no,0,no,yes,
languages/ga/level/c2/index.html,course-level,Irish C2 — not published | EkGuru,https://ekguru.shop/languages/ga/level/c2/,"noindex, follow",no,PUBLIC_CONTENT_BUG,RESEARCH_REQUIRED,238,1,,,0,45,3,0,no,0,no,yes,
languages/ga/level/c3/index.html,course-level,Irish C3 — not published | EkGuru,https://ekguru.shop/languages/ga/level/c3/,"noindex, follow",no,NOINDEX,RESEARCH_REQUIRED,243,1,,,0,45,3,0,no,0,no,yes,
languages/ga/level/c4/index.html,course-level,Irish C4 — not published | EkGuru,https://ekguru.shop/languages/ga/level/c4/,"noindex, follow",no,NOINDEX,RESEARCH_REQUIRED,243,1,,,0,45,3,0,no,0,no,yes,
languages/ga/level/c5/index.html,course-level,Irish C5 — not published | EkGuru,https://ekguru.shop/languages/ga/level/c5/,"noindex, follow",no,NOINDEX,RESEARCH_REQUIRED,243,1,,,0,45,3,0,no,0,no,yes,
languages/ga/level/index.html,course-ladder,Irish course — not published | EkGuru,https://ekguru.shop/languages/ga/level/,"noindex, follow",no,NOINDEX,RESEARCH_REQUIRED,249,1,,,0,44,3,0,no,0,no,yes,
languages/gn/level/a1/index.html,course-level,Guarani A1 — not published | EkGuru,https://ekguru.shop/languages/gn/level/a1/,"noindex, follow",no,PUBLIC_CONTENT_BUG,RESEARCH_REQUIRED,238,1,,,0,45,3,0,no,0,no,yes,
languages/gn/level/a2/index.html,course-level,Guarani A2 — not published | EkGuru,https://ekguru.shop/languages/gn/level/a2/,"noindex, follow",no,PUBLIC_CONTENT_BUG,RESEARCH_REQUIRED,238,1,,,0,45,3,0,no,0,no,yes,
languages/gn/level/a3/index.html,course-level,Guarani A3 — not published | EkGuru,https://ekguru.shop/languages/gn/level/a3/,"noindex, follow",no,NOINDEX,RESEARCH_REQUIRED,243,1,,,0,45,3,0,no,0,no,yes,
languages/gn/level/b1/index.html,course-level,Guarani B1 — not published | EkGuru,https://ekguru.shop/languages/gn/level/b1/,"noindex, follow",no,PUBLIC_CONTENT_BUG,RESEARCH_REQUIRED,238,1,,,0,45,3,0,no,0,no,yes,
languages/gn/level/b2/index.html,course-level,Guarani B2 — not published | EkGuru,https://ekguru.shop/languages/gn/level/b2/,"noindex, follow",no,PUBLIC_CONTENT_BUG,RESEARCH_REQUIRED,238,1,,,0,45,3,0,no,0,no,yes,
languages/gn/level/b3/index.html,course-level,Guarani B3 — not published | EkGuru,https://ekguru.shop/languages/gn/level/b3/,"noindex, follow",no,NOINDEX,RESEARCH_REQUIRED,243,1,,,0,45,3,0,no,0,no,yes,
languages/gn/level/c1/index.html,course-level,Guarani C1 — not published | EkGuru,https://ekguru.shop/languages/gn/level/c1/,"noindex, follow",no,PUBLIC_CONTENT_BUG,RESEARCH_REQUIRED,238,1,,,0,45,3,0,no,0,no,yes,
languages/gn/level/c2/index.html,course-level,Guarani C2 — not published | EkGuru,https://ekguru.shop/languages/gn/level/c2/,"noindex, follow",no,PUBLIC_CONTENT_BUG,RESEARCH_REQUIRED,238,1,,,0,45,3,0,no,0,no,yes,
languages/gn/level/c3/index.html,course-level,Guarani C3 — not published | EkGuru,https://ekguru.shop/languages/gn/level/c3/,"noindex, follow",no,NOINDEX,RESEARCH_REQUIRED,243,1,,,0,45,3,0,no,0,no,yes,
languages/gn/level/c4/index.html,course-level,Guarani C4 — not published | EkGuru,https://ekguru.shop/languages/gn/level/c4/,"noindex, follow",no,NOINDEX,RESEARCH_REQUIRED,243,1,,,0,45,3,0,no,0,no,yes,
languages/gn/level/c5/index.html,course-level,Guarani C5 — not published | EkGuru,https://ekguru.shop/languages/gn/level/c5/,"noindex, follow",no,NOINDEX,RESEARCH_REQUIRED,243,1,,,0,45,3,0,no,0,no,yes,
languages/gn/level/index.html,course-ladder,Guarani course — not published | EkGuru,https://ekguru.shop/languages/gn/level/,"noindex, follow",no,NOINDEX,RESEARCH_REQUIRED,249,1,,,0,44,3,0,no,0,no,yes,
languages/gu/index.html,other,Learn Gujarati basics — free starter pack | EkGuru,https://ekguru.shop/learn/gujarati/,"noindex, follow",no,NOINDEX,RESEARCH_REQUIRED,436,1,,,0,44,3,0,no,0,yes,no,
languages/gu/level/a1/index.html,course-level,Gujarati A1 — A1 Gujarati | EkGuru,https://ekguru.shop/languages/gu/level/a1/,"index, follow, max-snippet:-1, max-image-preview:large",yes,PUBLISHABLE_EXISTING,INTERACTIVE_LEARNING,7772,1,,,0,58,3,0,no,0,no,yes,
languages/gu/level/a2/index.html,course-level,Gujarati A2 — A2 Gujarati | EkGuru,https://ekguru.shop/languages/gu/level/a2/,"index, follow, max-snippet:-1, max-image-preview:large",yes,PUBLISHABLE_EXISTING,INTERACTIVE_LEARNING,7684,1,,,0,58,3,0,no,0,no,yes,
languages/gu/level/a3/index.html,course-level,Gujarati A3 — not published | EkGuru,https://ekguru.shop/languages/gu/level/a3/,"noindex, follow",no,NOINDEX,RESEARCH_REQUIRED,245,1,,,0,45,3,0,no,0,no,yes,
languages/gu/level/b1/index.html,course-level,Gujarati B1 — B1 Gujarati | EkGuru,https://ekguru.shop/languages/gu/level/b1/,"index, follow, max-snippet:-1, max-image-preview:large",yes,PUBLISHABLE_EXISTING,INTERACTIVE_LEARNING,7656,1,,,0,58,3,0,no,0,no,yes,
languages/gu/level/b2/index.html,course-level,Gujarati B2 — B2 Gujarati | EkGuru,https://ekguru.shop/languages/gu/level/b2/,"index, follow, max-snippet:-1, max-image-preview:large",yes,PUBLISHABLE_EXISTING,INTERACTIVE_LEARNING,7643,1,,,0,58,3,0,no,0,no,yes,
languages/gu/level/b3/index.html,course-level,Gujarati B3 — not published | EkGuru,https://ekguru.shop/languages/gu/level/b3/,"noindex, follow",no,NOINDEX,RESEARCH_REQUIRED,245,1,,,0,45,3,0,no,0,no,yes,
languages/gu/level/c1/index.html,course-level,Gujarati C1 — C1 Proficient Gujarati | EkGuru,https://ekguru.shop/languages/gu/level/c1/,"index, follow, max-snippet:-1, max-image-preview:large",yes,PUBLISHABLE_EXISTING,INTERACTIVE_LEARNING,10236,1,,,0,58,3,0,no,0,no,yes,
languages/gu/level/c2/index.html,course-level,"Gujarati C2 — Gujarati C2 — Precision, Rhetoric, and Stylistic Mastery | EkGuru",https://ekguru.shop/languages/gu/level/c2/,"index, follow, max-snippet:-1, max-image-preview:large",yes,PUBLISHABLE_EXISTING,INTERACTIVE_LEARNING,10019,1,,,0,57,3,0,no,0,no,yes,
languages/gu/level/c3/index.html,course-level,Gujarati C3 — not published | EkGuru,https://ekguru.shop/languages/gu/level/c3/,"noindex, follow",no,NOINDEX,RESEARCH_REQUIRED,245,1,,,0,45,3,0,no,0,no,yes,
languages/gu/level/c4/index.html,course-level,Gujarati C4 — not published | EkGuru,https://ekguru.shop/languages/gu/level/c4/,"noindex, follow",no,NOINDEX,RESEARCH_REQUIRED,245,1,,,0,45,3,0,no,0,no,yes,
languages/gu/level/c5/index.html,course-level,Gujarati C5 — not published | EkGuru,https://ekguru.shop/languages/gu/level/c5/,"noindex, follow",no,NOINDEX,RESEARCH_REQUIRED,245,1,,,0,45,3,0,no,0,no,yes,
languages/gu/level/index.html,course-ladder,Gujarati levels — A1 to C2 | EkGuru | EkGuru,https://ekguru.shop/languages/gu/level/,"index, follow, max-snippet:-1, max-image-preview:large",yes,PUBLISHED,INTERACTIVE_LEARNING,579,1,,,0,50,3,0,no,0,no,yes,
languages/ha/level/a1/index.html,course-level,Hausa A1 — not published | EkGuru,https://ekguru.shop/languages/ha/level/a1/,"noindex, follow",no,PUBLIC_CONTENT_BUG,RESEARCH_REQUIRED,238,1,,,0,45,3,0,no,0,no,yes,
languages/ha/level/a2/index.html,course-level,Hausa A2 — not published | EkGuru,https://ekguru.shop/languages/ha/level/a2/,"noindex, follow",no,PUBLIC_CONTENT_BUG,RESEARCH_REQUIRED,238,1,,,0,45,3,0,no,0,no,yes,
languages/ha/level/a3/index.html,course-level,Hausa A3 — not published | EkGuru,https://ekguru.shop/languages/ha/level/a3/,"noindex, follow",no,NOINDEX,RESEARCH_REQUIRED,243,1,,,0,45,3,0,no,0,no,yes,
languages/ha/level/b1/index.html,course-level,Hausa B1 — not published | EkGuru,https://ekguru.shop/languages/ha/level/b1/,"noindex, follow",no,PUBLIC_CONTENT_BUG,RESEARCH_REQUIRED,238,1,,,0,45,3,0,no,0,no,yes,
languages/ha/level/b2/index.html,course-level,Hausa B2 — not published | EkGuru,https://ekguru.shop/languages/ha/level/b2/,"noindex, follow",no,PUBLIC_CONTENT_BUG,RESEARCH_REQUIRED,238,1,,,0,45,3,0,no,0,no,yes,
languages/ha/level/b3/index.html,course-level,Hausa B3 — not published | EkGuru,https://ekguru.shop/languages/ha/level/b3/,"noindex, follow",no,NOINDEX,RESEARCH_REQUIRED,243,1,,,0,45,3,0,no,0,no,yes,
languages/ha/level/c1/index.html,course-level,Hausa C1 — not published | EkGuru,https://ekguru.shop/languages/ha/level/c1/,"noindex, follow",no,PUBLIC_CONTENT_BUG,RESEARCH_REQUIRED,238,1,,,0,45,3,0,no,0,no,yes,
languages/ha/level/c2/index.html,course-level,Hausa C2 — not published | EkGuru,https://ekguru.shop/languages/ha/level/c2/,"noindex, follow",no,PUBLIC_CONTENT_BUG,RESEARCH_REQUIRED,238,1,,,0,45,3,0,no,0,no,yes,
languages/ha/level/c3/index.html,course-level,Hausa C3 — not published | EkGuru,https://ekguru.shop/languages/ha/level/c3/,"noindex, follow",no,NOINDEX,RESEARCH_REQUIRED,243,1,,,0,45,3,0,no,0,no,yes,
languages/ha/level/c4/index.html,course-level,Hausa C4 — not published | EkGuru,https://ekguru.shop/languages/ha/level/c4/,"noindex, follow",no,NOINDEX,RESEARCH_REQUIRED,243,1,,,0,45,3,0,no,0,no,yes,
languages/ha/level/c5/index.html,course-level,Hausa C5 — not published | EkGuru,https://ekguru.shop/languages/ha/level/c5/,"noindex, follow",no,NOINDEX,RESEARCH_REQUIRED,243,1,,,0,45,3,0,no,0,no,yes,
languages/ha/level/index.html,course-ladder,Hausa course — not published | EkGuru,https://ekguru.shop/languages/ha/level/,"noindex, follow",no,NOINDEX,RESEARCH_REQUIRED,249,1,,,0,44,3,0,no,0,no,yes,
languages/he/index.html,other,Learn Hebrew basics — free starter pack | EkGuru,https://ekguru.shop/languages/he/,"noindex, follow",no,NOINDEX,RESEARCH_REQUIRED,563,1,,,0,45,3,0,no,0,yes,no,
languages/he/level/a1/index.html,course-level,Hebrew A1 — not published | EkGuru,https://ekguru.shop/languages/he/level/a1/,"noindex, follow",no,PUBLIC_CONTENT_BUG,RESEARCH_REQUIRED,238,1,,,0,45,3,0,no,0,no,yes,
languages/he/level/a2/index.html,course-level,Hebrew A2 — not published | EkGuru,https://ekguru.shop/languages/he/level/a2/,"noindex, follow",no,PUBLIC_CONTENT_BUG,RESEARCH_REQUIRED,238,1,,,0,45,3,0,no,0,no,yes,
languages/he/level/a3/index.html,course-level,Hebrew A3 — not published | EkGuru,https://ekguru.shop/languages/he/level/a3/,"noindex, follow",no,NOINDEX,RESEARCH_REQUIRED,243,1,,,0,45,3,0,no,0,no,yes,
languages/he/level/b1/index.html,course-level,Hebrew B1 — not published | EkGuru,https://ekguru.shop/languages/he/level/b1/,"noindex, follow",no,PUBLIC_CONTENT_BUG,RESEARCH_REQUIRED,238,1,,,0,45,3,0,no,0,no,yes,
languages/he/level/b2/index.html,course-level,Hebrew B2 — not published | EkGuru,https://ekguru.shop/languages/he/level/b2/,"noindex, follow",no,PUBLIC_CONTENT_BUG,RESEARCH_REQUIRED,238,1,,,0,45,3,0,no,0,no,yes,
languages/he/level/b3/index.html,course-level,Hebrew B3 — not published | EkGuru,https://ekguru.shop/languages/he/level/b3/,"noindex, follow",no,NOINDEX,RESEARCH_REQUIRED,243,1,,,0,45,3,0,no,0,no,yes,
languages/he/level/c1/index.html,course-level,Hebrew C1 — not published | EkGuru,https://ekguru.shop/languages/he/level/c1/,"noindex, follow",no,PUBLIC_CONTENT_BUG,RESEARCH_REQUIRED,238,1,,,0,45,3,0,no,0,no,yes,
languages/he/level/c2/index.html,course-level,Hebrew C2 — not published | EkGuru,https://ekguru.shop/languages/he/level/c2/,"noindex, follow",no,PUBLIC_CONTENT_BUG,RESEARCH_REQUIRED,238,1,,,0,45,3,0,no,0,no,yes,
languages/he/level/c3/index.html,course-level,Hebrew C3 — not published | EkGuru,https://ekguru.shop/languages/he/level/c3/,"noindex, follow",no,NOINDEX,RESEARCH_REQUIRED,243,1,,,0,45,3,0,no,0,no,yes,
languages/he/level/c4/index.html,course-level,Hebrew C4 — not published | EkGuru,https://ekguru.shop/languages/he/level/c4/,"noindex, follow",no,NOINDEX,RESEARCH_REQUIRED,243,1,,,0,45,3,0,no,0,no,yes,
languages/he/level/c5/index.html,course-level,Hebrew C5 — not published | EkGuru,https://ekguru.shop/languages/he/level/c5/,"noindex, follow",no,NOINDEX,RESEARCH_REQUIRED,243,1,,,0,45,3,0,no,0,no,yes,
languages/he/level/index.html,course-ladder,Hebrew course — not published | EkGuru,https://ekguru.shop/languages/he/level/,"noindex, follow",no,NOINDEX,RESEARCH_REQUIRED,249,1,,,0,44,3,0,no,0,no,yes,
languages/hi/level/a1/index.html,course-level,"Hindi A1 — Starter: greetings, है, first verbs | EkGuru",https://ekguru.shop/languages/hi/level/a1/,"index, follow, max-snippet:-1, max-image-preview:large",yes,PUBLISHABLE_EXISTING,INTERACTIVE_LEARNING,6699,1,,,0,58,3,0,no,0,no,yes,
languages/hi/level/a2/index.html,course-level,"Hindi A2 — Elementary: past, future, postpositions, food | EkGuru",https://ekguru.shop/languages/hi/level/a2/,"index, follow, max-snippet:-1, max-image-preview:large",yes,PUBLISHABLE_EXISTING,INTERACTIVE_LEARNING,6671,1,,,0,58,3,0,no,0,no,yes,
languages/hi/level/a3/index.html,course-level,Hindi A3 — not published | EkGuru,https://ekguru.shop/languages/hi/level/a3/,"noindex, follow",no,NOINDEX,RESEARCH_REQUIRED,245,1,,,0,45,3,0,no,0,no,yes,
languages/hi/level/b1/index.html,course-level,"Hindi B1 — Intermediate: ने, commands, family, opinions | EkGuru",https://ekguru.shop/languages/hi/level/b1/,"index, follow, max-snippet:-1, max-image-preview:large",yes,PUBLISHABLE_EXISTING,INTERACTIVE_LEARNING,6850,1,,,0,58,3,0,no,0,no,yes,
languages/hi/level/b2/index.html,course-level,"Hindi B2 — Advanced: subjunctive, passive, debate, culture | EkGuru",https://ekguru.shop/languages/hi/level/b2/,"index, follow, max-snippet:-1, max-image-preview:large",yes,PUBLISHABLE_EXISTING,INTERACTIVE_LEARNING,7015,1,,,0,58,3,0,no,0,no,yes,
languages/hi/level/b3/index.html,course-level,Hindi B3 — not published | EkGuru,https://ekguru.shop/languages/hi/level/b3/,"noindex, follow",no,NOINDEX,RESEARCH_REQUIRED,245,1,,,0,45,3,0,no,0,no,yes,
languages/hi/level/c1/index.html,course-level,Hindi C1 — Hindi C1 — Nuanced Professional and Academic Discourse | EkGuru,https://ekguru.shop/languages/hi/level/c1/,"index, follow, max-snippet:-1, max-image-preview:large",yes,PUBLISHABLE_EXISTING,INTERACTIVE_LEARNING,9769,1,,,0,58,3,0,no,0,no,yes,
languages/hi/level/c2/index.html,course-level,"Hindi C2 — Hindi C2 — Semantic, Rhetorical, and Stylistic Mastery | EkGuru",https://ekguru.shop/languages/hi/level/c2/,"index, follow, max-snippet:-1, max-image-preview:large",yes,PUBLISHABLE_EXISTING,INTERACTIVE_LEARNING,10058,1,,,0,57,3,0,no,0,no,yes,
languages/hi/level/c3/index.html,course-level,Hindi C3 — not published | EkGuru,https://ekguru.shop/languages/hi/level/c3/,"noindex, follow",no,NOINDEX,RESEARCH_REQUIRED,245,1,,,0,45,3,0,no,0,no,yes,
languages/hi/level/c4/index.html,course-level,Hindi C4 — not published | EkGuru,https://ekguru.shop/languages/hi/level/c4/,"noindex, follow",no,NOINDEX,RESEARCH_REQUIRED,245,1,,,0,45,3,0,no,0,no,yes,
languages/hi/level/c5/index.html,course-level,Hindi C5 — not published | EkGuru,https://ekguru.shop/languages/hi/level/c5/,"noindex, follow",no,NOINDEX,RESEARCH_REQUIRED,245,1,,,0,45,3,0,no,0,no,yes,
languages/hi/level/index.html,course-ladder,Hindi levels — A1 to C2 | EkGuru | EkGuru,https://ekguru.shop/languages/hi/level/,"index, follow, max-snippet:-1, max-image-preview:large",yes,PUBLISHED,INTERACTIVE_LEARNING,595,1,,,0,50,3,0,no,0,no,yes,
languages/hr/level/a1/index.html,course-level,Croatian A1 — not published | EkGuru,https://ekguru.shop/languages/hr/level/a1/,"noindex, follow",no,PUBLIC_CONTENT_BUG,RESEARCH_REQUIRED,238,1,,,0,45,3,0,no,0,no,yes,
languages/hr/level/a2/index.html,course-level,Croatian A2 — not published | EkGuru,https://ekguru.shop/languages/hr/level/a2/,"noindex, follow",no,PUBLIC_CONTENT_BUG,RESEARCH_REQUIRED,238,1,,,0,45,3,0,no,0,no,yes,
languages/hr/level/a3/index.html,course-level,Croatian A3 — not published | EkGuru,https://ekguru.shop/languages/hr/level/a3/,"noindex, follow",no,NOINDEX,RESEARCH_REQUIRED,243,1,,,0,45,3,0,no,0,no,yes,
languages/hr/level/b1/index.html,course-level,Croatian B1 — not published | EkGuru,https://ekguru.shop/languages/hr/level/b1/,"noindex, follow",no,PUBLIC_CONTENT_BUG,RESEARCH_REQUIRED,238,1,,,0,45,3,0,no,0,no,yes,
languages/hr/level/b2/index.html,course-level,Croatian B2 — not published | EkGuru,https://ekguru.shop/languages/hr/level/b2/,"noindex, follow",no,PUBLIC_CONTENT_BUG,RESEARCH_REQUIRED,238,1,,,0,45,3,0,no,0,no,yes,
languages/hr/level/b3/index.html,course-level,Croatian B3 — not published | EkGuru,https://ekguru.shop/languages/hr/level/b3/,"noindex, follow",no,NOINDEX,RESEARCH_REQUIRED,243,1,,,0,45,3,0,no,0,no,yes,
languages/hr/level/c1/index.html,course-level,Croatian C1 — not published | EkGuru,https://ekguru.shop/languages/hr/level/c1/,"noindex, follow",no,PUBLIC_CONTENT_BUG,RESEARCH_REQUIRED,238,1,,,0,45,3,0,no,0,no,yes,
languages/hr/level/c2/index.html,course-level,Croatian C2 — not published | EkGuru,https://ekguru.shop/languages/hr/level/c2/,"noindex, follow",no,PUBLIC_CONTENT_BUG,RESEARCH_REQUIRED,238,1,,,0,45,3,0,no,0,no,yes,
languages/hr/level/c3/index.html,course-level,Croatian C3 — not published | EkGuru,https://ekguru.shop/languages/hr/level/c3/,"noindex, follow",no,NOINDEX,RESEARCH_REQUIRED,243,1,,,0,45,3,0,no,0,no,yes,
languages/hr/level/c4/index.html,course-level,Croatian C4 — not published | EkGuru,https://ekguru.shop/languages/hr/level/c4/,"noindex, follow",no,NOINDEX,RESEARCH_REQUIRED,243,1,,,0,45,3,0,no,0,no,yes,
languages/hr/level/c5/index.html,course-level,Croatian C5 — not published | EkGuru,https://ekguru.shop/languages/hr/level/c5/,"noindex, follow",no,NOINDEX,RESEARCH_REQUIRED,243,1,,,0,45,3,0,no,0,no,yes,
languages/hr/level/index.html,course-ladder,Croatian course — not published | EkGuru,https://ekguru.shop/languages/hr/level/,"noindex, follow",no,NOINDEX,RESEARCH_REQUIRED,249,1,,,0,44,3,0,no,0,no,yes,
languages/ht/level/a1/index.html,course-level,Haitian Creole A1 — not published | EkGuru,https://ekguru.shop/languages/ht/level/a1/,"noindex, follow",no,PUBLIC_CONTENT_BUG,RESEARCH_REQUIRED,244,1,,,0,45,3,0,no,0,no,yes,
languages/ht/level/a2/index.html,course-level,Haitian Creole A2 — not published | EkGuru,https://ekguru.shop/languages/ht/level/a2/,"noindex, follow",no,PUBLIC_CONTENT_BUG,RESEARCH_REQUIRED,244,1,,,0,45,3,0,no,0,no,yes,
languages/ht/level/a3/index.html,course-level,Haitian Creole A3 — not published | EkGuru,https://ekguru.shop/languages/ht/level/a3/,"noindex, follow",no,NOINDEX,RESEARCH_REQUIRED,249,1,,,0,45,3,0,no,0,no,yes,
languages/ht/level/b1/index.html,course-level,Haitian Creole B1 — not published | EkGuru,https://ekguru.shop/languages/ht/level/b1/,"noindex, follow",no,PUBLIC_CONTENT_BUG,RESEARCH_REQUIRED,244,1,,,0,45,3,0,no,0,no,yes,
languages/ht/level/b2/index.html,course-level,Haitian Creole B2 — not published | EkGuru,https://ekguru.shop/languages/ht/level/b2/,"noindex, follow",no,PUBLIC_CONTENT_BUG,RESEARCH_REQUIRED,244,1,,,0,45,3,0,no,0,no,yes,
languages/ht/level/b3/index.html,course-level,Haitian Creole B3 — not published | EkGuru,https://ekguru.shop/languages/ht/level/b3/,"noindex, follow",no,NOINDEX,RESEARCH_REQUIRED,249,1,,,0,45,3,0,no,0,no,yes,
languages/ht/level/c1/index.html,course-level,Haitian Creole C1 — not published | EkGuru,https://ekguru.shop/languages/ht/level/c1/,"noindex, follow",no,PUBLIC_CONTENT_BUG,RESEARCH_REQUIRED,244,1,,,0,45,3,0,no,0,no,yes,
languages/ht/level/c2/index.html,course-level,Haitian Creole C2 — not published | EkGuru,https://ekguru.shop/languages/ht/level/c2/,"noindex, follow",no,PUBLIC_CONTENT_BUG,RESEARCH_REQUIRED,244,1,,,0,45,3,0,no,0,no,yes,
languages/ht/level/c3/index.html,course-level,Haitian Creole C3 — not published | EkGuru,https://ekguru.shop/languages/ht/level/c3/,"noindex, follow",no,NOINDEX,RESEARCH_REQUIRED,249,1,,,0,45,3,0,no,0,no,yes,
languages/ht/level/c4/index.html,course-level,Haitian Creole C4 — not published | EkGuru,https://ekguru.shop/languages/ht/level/c4/,"noindex, follow",no,NOINDEX,RESEARCH_REQUIRED,249,1,,,0,45,3,0,no,0,no,yes,
languages/ht/level/c5/index.html,course-level,Haitian Creole C5 — not published | EkGuru,https://ekguru.shop/languages/ht/level/c5/,"noindex, follow",no,NOINDEX,RESEARCH_REQUIRED,249,1,,,0,45,3,0,no,0,no,yes,
languages/ht/level/index.html,course-ladder,Haitian Creole course — not published | EkGuru,https://ekguru.shop/languages/ht/level/,"noindex, follow",no,NOINDEX,RESEARCH_REQUIRED,254,1,,,0,44,3,0,no,0,no,yes,
languages/hu/level/a1/index.html,course-level,Hungarian A1 — not published | EkGuru,https://ekguru.shop/languages/hu/level/a1/,"noindex, follow",no,PUBLIC_CONTENT_BUG,RESEARCH_REQUIRED,238,1,,,0,45,3,0,no,0,no,yes,
languages/hu/level/a2/index.html,course-level,Hungarian A2 — not published | EkGuru,https://ekguru.shop/languages/hu/level/a2/,"noindex, follow",no,PUBLIC_CONTENT_BUG,RESEARCH_REQUIRED,238,1,,,0,45,3,0,no,0,no,yes,
languages/hu/level/a3/index.html,course-level,Hungarian A3 — not published | EkGuru,https://ekguru.shop/languages/hu/level/a3/,"noindex, follow",no,NOINDEX,RESEARCH_REQUIRED,243,1,,,0,45,3,0,no,0,no,yes,
languages/hu/level/b1/index.html,course-level,Hungarian B1 — not published | EkGuru,https://ekguru.shop/languages/hu/level/b1/,"noindex, follow",no,PUBLIC_CONTENT_BUG,RESEARCH_REQUIRED,238,1,,,0,45,3,0,no,0,no,yes,
languages/hu/level/b2/index.html,course-level,Hungarian B2 — not published | EkGuru,https://ekguru.shop/languages/hu/level/b2/,"noindex, follow",no,PUBLIC_CONTENT_BUG,RESEARCH_REQUIRED,238,1,,,0,45,3,0,no,0,no,yes,
languages/hu/level/b3/index.html,course-level,Hungarian B3 — not published | EkGuru,https://ekguru.shop/languages/hu/level/b3/,"noindex, follow",no,NOINDEX,RESEARCH_REQUIRED,243,1,,,0,45,3,0,no,0,no,yes,
languages/hu/level/c1/index.html,course-level,Hungarian C1 — not published | EkGuru,https://ekguru.shop/languages/hu/level/c1/,"noindex, follow",no,PUBLIC_CONTENT_BUG,RESEARCH_REQUIRED,238,1,,,0,45,3,0,no,0,no,yes,
languages/hu/level/c2/index.html,course-level,Hungarian C2 — not published | EkGuru,https://ekguru.shop/languages/hu/level/c2/,"noindex, follow",no,PUBLIC_CONTENT_BUG,RESEARCH_REQUIRED,238,1,,,0,45,3,0,no,0,no,yes,
languages/hu/level/c3/index.html,course-level,Hungarian C3 — not published | EkGuru,https://ekguru.shop/languages/hu/level/c3/,"noindex, follow",no,NOINDEX,RESEARCH_REQUIRED,243,1,,,0,45,3,0,no,0,no,yes,
languages/hu/level/c4/index.html,course-level,Hungarian C4 — not published | EkGuru,https://ekguru.shop/languages/hu/level/c4/,"noindex, follow",no,NOINDEX,RESEARCH_REQUIRED,243,1,,,0,45,3,0,no,0,no,yes,
languages/hu/level/c5/index.html,course-level,Hungarian C5 — not published | EkGuru,https://ekguru.shop/languages/hu/level/c5/,"noindex, follow",no,NOINDEX,RESEARCH_REQUIRED,243,1,,,0,45,3,0,no,0,no,yes,
languages/hu/level/index.html,course-ladder,Hungarian course — not published | EkGuru,https://ekguru.shop/languages/hu/level/,"noindex, follow",no,NOINDEX,RESEARCH_REQUIRED,249,1,,,0,44,3,0,no,0,no,yes,
languages/hy/level/a1/index.html,course-level,Armenian A1 — not published | EkGuru,https://ekguru.shop/languages/hy/level/a1/,"noindex, follow",no,PUBLIC_CONTENT_BUG,RESEARCH_REQUIRED,238,1,,,0,45,3,0,no,0,no,yes,
languages/hy/level/a2/index.html,course-level,Armenian A2 — not published | EkGuru,https://ekguru.shop/languages/hy/level/a2/,"noindex, follow",no,PUBLIC_CONTENT_BUG,RESEARCH_REQUIRED,238,1,,,0,45,3,0,no,0,no,yes,
languages/hy/level/a3/index.html,course-level,Armenian A3 — not published | EkGuru,https://ekguru.shop/languages/hy/level/a3/,"noindex, follow",no,NOINDEX,RESEARCH_REQUIRED,243,1,,,0,45,3,0,no,0,no,yes,
languages/hy/level/b1/index.html,course-level,Armenian B1 — not published | EkGuru,https://ekguru.shop/languages/hy/level/b1/,"noindex, follow",no,PUBLIC_CONTENT_BUG,RESEARCH_REQUIRED,238,1,,,0,45,3,0,no,0,no,yes,
languages/hy/level/b2/index.html,course-level,Armenian B2 — not published | EkGuru,https://ekguru.shop/languages/hy/level/b2/,"noindex, follow",no,PUBLIC_CONTENT_BUG,RESEARCH_REQUIRED,238,1,,,0,45,3,0,no,0,no,yes,
languages/hy/level/b3/index.html,course-level,Armenian B3 — not published | EkGuru,https://ekguru.shop/languages/hy/level/b3/,"noindex, follow",no,NOINDEX,RESEARCH_REQUIRED,243,1,,,0,45,3,0,no,0,no,yes,
languages/hy/level/c1/index.html,course-level,Armenian C1 — not published | EkGuru,https://ekguru.shop/languages/hy/level/c1/,"noindex, follow",no,PUBLIC_CONTENT_BUG,RESEARCH_REQUIRED,238,1,,,0,45,3,0,no,0,no,yes,
languages/hy/level/c2/index.html,course-level,Armenian C2 — not published | EkGuru,https://ekguru.shop/languages/hy/level/c2/,"noindex, follow",no,PUBLIC_CONTENT_BUG,RESEARCH_REQUIRED,238,1,,,0,45,3,0,no,0,no,yes,
languages/hy/level/c3/index.html,course-level,Armenian C3 — not published | EkGuru,https://ekguru.shop/languages/hy/level/c3/,"noindex, follow",no,NOINDEX,RESEARCH_REQUIRED,243,1,,,0,45,3,0,no,0,no,yes,
languages/hy/level/c4/index.html,course-level,Armenian C4 — not published | EkGuru,https://ekguru.shop/languages/hy/level/c4/,"noindex, follow",no,NOINDEX,RESEARCH_REQUIRED,243,1,,,0,45,3,0,no,0,no,yes,
languages/hy/level/c5/index.html,course-level,Armenian C5 — not published | EkGuru,https://ekguru.shop/languages/hy/level/c5/,"noindex, follow",no,NOINDEX,RESEARCH_REQUIRED,243,1,,,0,45,3,0,no,0,no,yes,
languages/hy/level/index.html,course-ladder,Armenian course — not published | EkGuru,https://ekguru.shop/languages/hy/level/,"noindex, follow",no,NOINDEX,RESEARCH_REQUIRED,249,1,,,0,44,3,0,no,0,no,yes,
languages/id/index.html,other,Learn Indonesian basics — free starter pack | EkGuru,https://ekguru.shop/languages/id/,"noindex, follow",no,NOINDEX,RESEARCH_REQUIRED,568,1,,,0,45,3,0,no,0,yes,no,
languages/id/level/a1/index.html,course-level,Indonesian A1 — not published | EkGuru,https://ekguru.shop/languages/id/level/a1/,"noindex, follow",no,PUBLIC_CONTENT_BUG,RESEARCH_REQUIRED,238,1,,,0,45,3,0,no,0,no,yes,
languages/id/level/a2/index.html,course-level,Indonesian A2 — not published | EkGuru,https://ekguru.shop/languages/id/level/a2/,"noindex, follow",no,PUBLIC_CONTENT_BUG,RESEARCH_REQUIRED,238,1,,,0,45,3,0,no,0,no,yes,
languages/id/level/a3/index.html,course-level,Indonesian A3 — not published | EkGuru,https://ekguru.shop/languages/id/level/a3/,"noindex, follow",no,NOINDEX,RESEARCH_REQUIRED,243,1,,,0,45,3,0,no,0,no,yes,
languages/id/level/b1/index.html,course-level,Indonesian B1 — not published | EkGuru,https://ekguru.shop/languages/id/level/b1/,"noindex, follow",no,PUBLIC_CONTENT_BUG,RESEARCH_REQUIRED,238,1,,,0,45,3,0,no,0,no,yes,
languages/id/level/b2/index.html,course-level,Indonesian B2 — not published | EkGuru,https://ekguru.shop/languages/id/level/b2/,"noindex, follow",no,PUBLIC_CONTENT_BUG,RESEARCH_REQUIRED,238,1,,,0,45,3,0,no,0,no,yes,
languages/id/level/b3/index.html,course-level,Indonesian B3 — not published | EkGuru,https://ekguru.shop/languages/id/level/b3/,"noindex, follow",no,NOINDEX,RESEARCH_REQUIRED,243,1,,,0,45,3,0,no,0,no,yes,
languages/id/level/c1/index.html,course-level,Indonesian C1 — not published | EkGuru,https://ekguru.shop/languages/id/level/c1/,"noindex, follow",no,PUBLIC_CONTENT_BUG,RESEARCH_REQUIRED,238,1,,,0,45,3,0,no,0,no,yes,
languages/id/level/c2/index.html,course-level,Indonesian C2 — not published | EkGuru,https://ekguru.shop/languages/id/level/c2/,"noindex, follow",no,PUBLIC_CONTENT_BUG,RESEARCH_REQUIRED,238,1,,,0,45,3,0,no,0,no,yes,
languages/id/level/c3/index.html,course-level,Indonesian C3 — not published | EkGuru,https://ekguru.shop/languages/id/level/c3/,"noindex, follow",no,NOINDEX,RESEARCH_REQUIRED,243,1,,,0,45,3,0,no,0,no,yes,
languages/id/level/c4/index.html,course-level,Indonesian C4 — not published | EkGuru,https://ekguru.shop/languages/id/level/c4/,"noindex, follow",no,NOINDEX,RESEARCH_REQUIRED,243,1,,,0,45,3,0,no,0,no,yes,
languages/id/level/c5/index.html,course-level,Indonesian C5 — not published | EkGuru,https://ekguru.shop/languages/id/level/c5/,"noindex, follow",no,NOINDEX,RESEARCH_REQUIRED,243,1,,,0,45,3,0,no,0,no,yes,
languages/id/level/index.html,course-ladder,Indonesian course — not published | EkGuru,https://ekguru.shop/languages/id/level/,"noindex, follow",no,NOINDEX,RESEARCH_REQUIRED,249,1,,,0,44,3,0,no,0,no,yes,
languages/ig/level/a1/index.html,course-level,Igbo A1 — not published | EkGuru,https://ekguru.shop/languages/ig/level/a1/,"noindex, follow",no,PUBLIC_CONTENT_BUG,RESEARCH_REQUIRED,238,1,,,0,45,3,0,no,0,no,yes,
languages/ig/level/a2/index.html,course-level,Igbo A2 — not published | EkGuru,https://ekguru.shop/languages/ig/level/a2/,"noindex, follow",no,PUBLIC_CONTENT_BUG,RESEARCH_REQUIRED,238,1,,,0,45,3,0,no,0,no,yes,
languages/ig/level/a3/index.html,course-level,Igbo A3 — not published | EkGuru,https://ekguru.shop/languages/ig/level/a3/,"noindex, follow",no,NOINDEX,RESEARCH_REQUIRED,243,1,,,0,45,3,0,no,0,no,yes,
languages/ig/level/b1/index.html,course-level,Igbo B1 — not published | EkGuru,https://ekguru.shop/languages/ig/level/b1/,"noindex, follow",no,PUBLIC_CONTENT_BUG,RESEARCH_REQUIRED,238,1,,,0,45,3,0,no,0,no,yes,
languages/ig/level/b2/index.html,course-level,Igbo B2 — not published | EkGuru,https://ekguru.shop/languages/ig/level/b2/,"noindex, follow",no,PUBLIC_CONTENT_BUG,RESEARCH_REQUIRED,238,1,,,0,45,3,0,no,0,no,yes,
languages/ig/level/b3/index.html,course-level,Igbo B3 — not published | EkGuru,https://ekguru.shop/languages/ig/level/b3/,"noindex, follow",no,NOINDEX,RESEARCH_REQUIRED,243,1,,,0,45,3,0,no,0,no,yes,
languages/ig/level/c1/index.html,course-level,Igbo C1 — not published | EkGuru,https://ekguru.shop/languages/ig/level/c1/,"noindex, follow",no,PUBLIC_CONTENT_BUG,RESEARCH_REQUIRED,238,1,,,0,45,3,0,no,0,no,yes,
languages/ig/level/c2/index.html,course-level,Igbo C2 — not published | EkGuru,https://ekguru.shop/languages/ig/level/c2/,"noindex, follow",no,PUBLIC_CONTENT_BUG,RESEARCH_REQUIRED,238,1,,,0,45,3,0,no,0,no,yes,
languages/ig/level/c3/index.html,course-level,Igbo C3 — not published | EkGuru,https://ekguru.shop/languages/ig/level/c3/,"noindex, follow",no,NOINDEX,RESEARCH_REQUIRED,243,1,,,0,45,3,0,no,0,no,yes,
languages/ig/level/c4/index.html,course-level,Igbo C4 — not published | EkGuru,https://ekguru.shop/languages/ig/level/c4/,"noindex, follow",no,NOINDEX,RESEARCH_REQUIRED,243,1,,,0,45,3,0,no,0,no,yes,
languages/ig/level/c5/index.html,course-level,Igbo C5 — not published | EkGuru,https://ekguru.shop/languages/ig/level/c5/,"noindex, follow",no,NOINDEX,RESEARCH_REQUIRED,243,1,,,0,45,3,0,no,0,no,yes,
languages/ig/level/index.html,course-ladder,Igbo course — not published | EkGuru,https://ekguru.shop/languages/ig/level/,"noindex, follow",no,NOINDEX,RESEARCH_REQUIRED,249,1,,,0,44,3,0,no,0,no,yes,
languages/index.html,course-catalogue,Learn a language with EkGuru — available now and c | EkGuru,https://ekguru.shop/languages/,"index, follow, max-snippet:-1, max-image-preview:large",yes,PUBLISHED,HIGH_CONTENT,1044,1,,,0,71,3,0,no,0,yes,no,
languages/is/level/a1/index.html,course-level,Icelandic A1 — not published | EkGuru,https://ekguru.shop/languages/is/level/a1/,"noindex, follow",no,PUBLIC_CONTENT_BUG,RESEARCH_REQUIRED,238,1,,,0,45,3,0,no,0,no,yes,
languages/is/level/a2/index.html,course-level,Icelandic A2 — not published | EkGuru,https://ekguru.shop/languages/is/level/a2/,"noindex, follow",no,PUBLIC_CONTENT_BUG,RESEARCH_REQUIRED,238,1,,,0,45,3,0,no,0,no,yes,
languages/is/level/a3/index.html,course-level,Icelandic A3 — not published | EkGuru,https://ekguru.shop/languages/is/level/a3/,"noindex, follow",no,NOINDEX,RESEARCH_REQUIRED,243,1,,,0,45,3,0,no,0,no,yes,
languages/is/level/b1/index.html,course-level,Icelandic B1 — not published | EkGuru,https://ekguru.shop/languages/is/level/b1/,"noindex, follow",no,PUBLIC_CONTENT_BUG,RESEARCH_REQUIRED,238,1,,,0,45,3,0,no,0,no,yes,
languages/is/level/b2/index.html,course-level,Icelandic B2 — not published | EkGuru,https://ekguru.shop/languages/is/level/b2/,"noindex, follow",no,PUBLIC_CONTENT_BUG,RESEARCH_REQUIRED,238,1,,,0,45,3,0,no,0,no,yes,
languages/is/level/b3/index.html,course-level,Icelandic B3 — not published | EkGuru,https://ekguru.shop/languages/is/level/b3/,"noindex, follow",no,NOINDEX,RESEARCH_REQUIRED,243,1,,,0,45,3,0,no,0,no,yes,
languages/is/level/c1/index.html,course-level,Icelandic C1 — not published | EkGuru,https://ekguru.shop/languages/is/level/c1/,"noindex, follow",no,PUBLIC_CONTENT_BUG,RESEARCH_REQUIRED,238,1,,,0,45,3,0,no,0,no,yes,
languages/is/level/c2/index.html,course-level,Icelandic C2 — not published | EkGuru,https://ekguru.shop/languages/is/level/c2/,"noindex, follow",no,PUBLIC_CONTENT_BUG,RESEARCH_REQUIRED,238,1,,,0,45,3,0,no,0,no,yes,
languages/is/level/c3/index.html,course-level,Icelandic C3 — not published | EkGuru,https://ekguru.shop/languages/is/level/c3/,"noindex, follow",no,NOINDEX,RESEARCH_REQUIRED,243,1,,,0,45,3,0,no,0,no,yes,
languages/is/level/c4/index.html,course-level,Icelandic C4 — not published | EkGuru,https://ekguru.shop/languages/is/level/c4/,"noindex, follow",no,NOINDEX,RESEARCH_REQUIRED,243,1,,,0,45,3,0,no,0,no,yes,
languages/is/level/c5/index.html,course-level,Icelandic C5 — not published | EkGuru,https://ekguru.shop/languages/is/level/c5/,"noindex, follow",no,NOINDEX,RESEARCH_REQUIRED,243,1,,,0,45,3,0,no,0,no,yes,
languages/is/level/index.html,course-ladder,Icelandic course — not published | EkGuru,https://ekguru.shop/languages/is/level/,"noindex, follow",no,NOINDEX,RESEARCH_REQUIRED,249,1,,,0,44,3,0,no,0,no,yes,
languages/it/course/index.html,other,Learn Italian — free course | EkGuru,https://ekguru.shop/languages/it/course/,"index, follow, max-snippet:-1, max-image-preview:large",yes,PUBLISHED,HIGH_CONTENT,660,1,,,0,60,3,0,no,0,yes,yes,
languages/it/index.html,other,Learn Italian basics — free starter pack | EkGuru,https://ekguru.shop/languages/it/,"index, follow, max-snippet:-1, max-image-preview:large",yes,PUBLISHED,HIGH_CONTENT,436,1,,,0,43,3,0,no,0,yes,no,
languages/it/lessons/essere-and-avere/index.html,other,Essere and Avere — To Be and To Have — Italian Course | EkGuru,https://ekguru.shop/languages/it/lessons/essere-and-avere/,"index, follow, max-snippet:-1, max-image-preview:large",yes,PUBLISHED,HIGH_CONTENT,569,1,,,0,48,3,0,no,0,yes,yes,
languages/it/lessons/food-and-ordering/index.html,other,Italian Food and Ordering — Italian Course | EkGuru,https://ekguru.shop/languages/it/lessons/food-and-ordering/,"index, follow, max-snippet:-1, max-image-preview:large",yes,PUBLISHED,HIGH_CONTENT,547,1,,,0,48,3,0,no,0,yes,yes,
languages/it/lessons/greetings-and-introductions/index.html,other,Italian Greetings and Introductions — Italian Course | EkGuru,https://ekguru.shop/languages/it/lessons/greetings-and-introductions/,"index, follow, max-snippet:-1, max-image-preview:large",yes,PUBLISHED,HIGH_CONTENT,540,1,,,0,48,3,0,no,0,yes,yes,
languages/it/lessons/nouns-gender-and-articles/index.html,other,"Italian Nouns, Gender and Articles — Italian Course | EkGuru",https://ekguru.shop/languages/it/lessons/nouns-gender-and-articles/,"index, follow, max-snippet:-1, max-image-preview:large",yes,PUBLISHED,HIGH_CONTENT,571,1,,,0,48,3,0,no,0,yes,yes,
languages/it/lessons/numbers-1-to-20/index.html,other,Italian Numbers 1 to 20 — Italian Course | EkGuru,https://ekguru.shop/languages/it/lessons/numbers-1-to-20/,"index, follow, max-snippet:-1, max-image-preview:large",yes,PUBLISHED,HIGH_CONTENT,554,1,,,0,48,3,0,no,0,yes,yes,
languages/it/lessons/present-tense-regular-verbs/index.html,other,Italian Present Tense — Regular Verbs — Italian Course | EkGuru,https://ekguru.shop/languages/it/lessons/present-tense-regular-verbs/,"index, follow, max-snippet:-1, max-image-preview:large",yes,PUBLISHED,HIGH_CONTENT,519,1,,,0,48,3,0,no,0,yes,yes,
languages/it/level/a1/index.html,course-level,"Italian A1 — Beginner: first words, family, food | EkGuru",https://ekguru.shop/languages/it/level/a1/,"index, follow, max-snippet:-1, max-image-preview:large",yes,PUBLISHABLE_EXISTING,INTERACTIVE_LEARNING,8006,1,,,0,57,3,0,no,0,no,yes,
languages/it/level/a2/index.html,course-level,"Italian A2 — Elementary: city, travel, routines, health | EkGuru",https://ekguru.shop/languages/it/level/a2/,"index, follow, max-snippet:-1, max-image-preview:large",yes,PUBLISHABLE_EXISTING,INTERACTIVE_LEARNING,8086,1,,,0,57,3,0,no,0,no,yes,
languages/it/level/a3/index.html,course-level,Italian A3 — not published | EkGuru,https://ekguru.shop/languages/it/level/a3/,"noindex, follow",no,NOINDEX,RESEARCH_REQUIRED,245,1,,,0,45,3,0,no,0,no,yes,
languages/it/level/b1/index.html,course-level,"Italian B1 — Intermediate: stories, opinions, work, plans | EkGuru",https://ekguru.shop/languages/it/level/b1/,"index, follow, max-snippet:-1, max-image-preview:large",yes,PUBLISHABLE_EXISTING,INTERACTIVE_LEARNING,8212,1,,,0,57,3,0,no,0,no,yes,
languages/it/level/b2/index.html,course-level,"Italian B2 — Upper intermediate: debate, work, culture | EkGuru",https://ekguru.shop/languages/it/level/b2/,"index, follow, max-snippet:-1, max-image-preview:large",yes,PUBLISHABLE_EXISTING,INTERACTIVE_LEARNING,8694,1,,,0,56,3,0,no,0,no,yes,
languages/it/level/b3/index.html,course-level,Italian B3 — not published | EkGuru,https://ekguru.shop/languages/it/level/b3/,"noindex, follow",no,NOINDEX,RESEARCH_REQUIRED,245,1,,,0,45,3,0,no,0,no,yes,
languages/it/level/c1/index.html,course-level,Italian C1 — not published | EkGuru,https://ekguru.shop/languages/it/level/c1/,"noindex, follow",no,PUBLIC_CONTENT_BUG,RESEARCH_REQUIRED,240,1,,,0,45,3,0,no,0,no,yes,
languages/it/level/c2/index.html,course-level,Italian C2 — not published | EkGuru,https://ekguru.shop/languages/it/level/c2/,"noindex, follow",no,PUBLIC_CONTENT_BUG,RESEARCH_REQUIRED,240,1,,,0,45,3,0,no,0,no,yes,
languages/it/level/c3/index.html,course-level,Italian C3 — not published | EkGuru,https://ekguru.shop/languages/it/level/c3/,"noindex, follow",no,NOINDEX,RESEARCH_REQUIRED,245,1,,,0,45,3,0,no,0,no,yes,
languages/it/level/c4/index.html,course-level,Italian C4 — not published | EkGuru,https://ekguru.shop/languages/it/level/c4/,"noindex, follow",no,NOINDEX,RESEARCH_REQUIRED,245,1,,,0,45,3,0,no,0,no,yes,
languages/it/level/c5/index.html,course-level,Italian C5 — not published | EkGuru,https://ekguru.shop/languages/it/level/c5/,"noindex, follow",no,NOINDEX,RESEARCH_REQUIRED,245,1,,,0,45,3,0,no,0,no,yes,
languages/it/level/index.html,course-ladder,"Italian levels — A1, A2, B1, B2 available | EkGuru | EkGuru",https://ekguru.shop/languages/it/level/,"index, follow, max-snippet:-1, max-image-preview:large",yes,PUBLISHED,INTERACTIVE_LEARNING,557,1,,,0,50,3,0,no,0,no,yes,
languages/it/practice/index.html,other,Italian Practice — Vocabulary & Grammar Drills | EkGuru,https://ekguru.shop/languages/it/practice/,"index, follow, max-snippet:-1, max-image-preview:large",yes,PUBLISHED,INTERACTIVE_LEARNING,385,1,,,0,43,3,0,no,0,yes,yes,
languages/it/quiz/index.html,other,Italian Quiz — Topic Questions with Explanations | EkGuru,https://ekguru.shop/languages/it/quiz/,"index, follow, max-snippet:-1, max-image-preview:large",yes,PUBLISHED,INTERACTIVE_LEARNING,381,1,,,0,43,3,0,no,0,yes,yes,
languages/it/review/index.html,other,Italian Review — spaced repetition | EkGuru,https://ekguru.shop/languages/it/review/,"noindex, follow",no,NOINDEX,RESEARCH_REQUIRED,372,1,,,0,43,3,0,no,0,yes,yes,
languages/ja/course/index.html,other,Learn Japanese — free course | EkGuru,https://ekguru.shop/languages/ja/course/,"index, follow, max-snippet:-1, max-image-preview:large",yes,PUBLISHED,HIGH_CONTENT,652,1,,,0,60,3,0,no,0,yes,yes,
languages/ja/index.html,other,Learn Japanese basics — free starter pack | EkGuru,https://ekguru.shop/languages/ja/,"index, follow, max-snippet:-1, max-image-preview:large",yes,PUBLISHED,HIGH_CONTENT,440,1,,,0,43,3,0,no,0,yes,no,
languages/ja/lessons/desu-aru-iru/index.html,other,"です, ある and いる — Japanese Course | EkGuru",https://ekguru.shop/languages/ja/lessons/desu-aru-iru/,"index, follow, max-snippet:-1, max-image-preview:large",yes,PUBLISHED,HIGH_CONTENT,496,1,,,0,48,3,0,no,0,yes,yes,
languages/ja/lessons/food-and-ordering/index.html,other,Japanese Food and Ordering — Japanese Course | EkGuru,https://ekguru.shop/languages/ja/lessons/food-and-ordering/,"index, follow, max-snippet:-1, max-image-preview:large",yes,PUBLISHED,HIGH_CONTENT,491,1,,,0,48,3,0,no,0,yes,yes,
languages/ja/lessons/greetings-and-introductions/index.html,other,Japanese Greetings and Introductions — Japanese Course | EkGuru,https://ekguru.shop/languages/ja/lessons/greetings-and-introductions/,"index, follow, max-snippet:-1, max-image-preview:large",yes,PUBLISHED,HIGH_CONTENT,524,1,,,0,48,3,0,no,0,yes,yes,
languages/ja/lessons/masu-verbs/index.html,other,Japanese ます Verbs — Japanese Course | EkGuru,https://ekguru.shop/languages/ja/lessons/masu-verbs/,"index, follow, max-snippet:-1, max-image-preview:large",yes,PUBLISHED,HIGH_CONTENT,445,1,,,0,48,3,0,no,0,yes,yes,
languages/ja/lessons/numbers-and-counters/index.html,other,Japanese Numbers and Counters — Japanese Course | EkGuru,https://ekguru.shop/languages/ja/lessons/numbers-and-counters/,"index, follow, max-snippet:-1, max-image-preview:large",yes,PUBLISHED,HIGH_CONTENT,515,1,,,0,48,3,0,no,0,yes,yes,
languages/ja/lessons/scripts-and-particles/index.html,other,Three Scripts and Particles — Japanese Course | EkGuru,https://ekguru.shop/languages/ja/lessons/scripts-and-particles/,"index, follow, max-snippet:-1, max-image-preview:large",yes,PUBLISHED,HIGH_CONTENT,511,1,,,0,48,3,0,no,0,yes,yes,
languages/ja/level/a1/index.html,course-level,"Japanese A1 — Starter: greetings, です, first verbs | EkGuru",https://ekguru.shop/languages/ja/level/a1/,"index, follow, max-snippet:-1, max-image-preview:large",yes,PUBLISHABLE_EXISTING,INTERACTIVE_LEARNING,7049,1,,,0,57,3,0,no,0,no,yes,
languages/ja/level/a2/index.html,course-level,"Japanese A2 — Elementary: past, て-form, places, food | EkGuru",https://ekguru.shop/languages/ja/level/a2/,"index, follow, max-snippet:-1, max-image-preview:large",yes,PUBLISHABLE_EXISTING,INTERACTIVE_LEARNING,6827,1,,,0,57,3,0,no,0,no,yes,
languages/ja/level/a3/index.html,course-level,Japanese A3 — not published | EkGuru,https://ekguru.shop/languages/ja/level/a3/,"noindex, follow",no,NOINDEX,RESEARCH_REQUIRED,245,1,,,0,45,3,0,no,0,no,yes,
languages/ja/level/b1/index.html,course-level,"Japanese B1 — Intermediate: plain forms, potential, family, opinions | EkGuru",https://ekguru.shop/languages/ja/level/b1/,"index, follow, max-snippet:-1, max-image-preview:large",yes,PUBLISHABLE_EXISTING,INTERACTIVE_LEARNING,7032,1,,,0,57,3,0,no,0,no,yes,
languages/ja/level/b2/index.html,course-level,"Japanese B2 — Advanced: conditionals, keigo, debate, culture | EkGuru",https://ekguru.shop/languages/ja/level/b2/,"index, follow, max-snippet:-1, max-image-preview:large",yes,PUBLISHABLE_EXISTING,INTERACTIVE_LEARNING,7412,1,,,0,56,3,0,no,0,no,yes,
languages/ja/level/b3/index.html,course-level,Japanese B3 — not published | EkGuru,https://ekguru.shop/languages/ja/level/b3/,"noindex, follow",no,NOINDEX,RESEARCH_REQUIRED,245,1,,,0,45,3,0,no,0,no,yes,
languages/ja/level/c1/index.html,course-level,Japanese C1 — not published | EkGuru,https://ekguru.shop/languages/ja/level/c1/,"noindex, follow",no,PUBLIC_CONTENT_BUG,RESEARCH_REQUIRED,240,1,,,0,45,3,0,no,0,no,yes,
languages/ja/level/c2/index.html,course-level,Japanese C2 — not published | EkGuru,https://ekguru.shop/languages/ja/level/c2/,"noindex, follow",no,PUBLIC_CONTENT_BUG,RESEARCH_REQUIRED,240,1,,,0,45,3,0,no,0,no,yes,
languages/ja/level/c3/index.html,course-level,Japanese C3 — not published | EkGuru,https://ekguru.shop/languages/ja/level/c3/,"noindex, follow",no,NOINDEX,RESEARCH_REQUIRED,245,1,,,0,45,3,0,no,0,no,yes,
languages/ja/level/c4/index.html,course-level,Japanese C4 — not published | EkGuru,https://ekguru.shop/languages/ja/level/c4/,"noindex, follow",no,NOINDEX,RESEARCH_REQUIRED,245,1,,,0,45,3,0,no,0,no,yes,
languages/ja/level/c5/index.html,course-level,Japanese C5 — not published | EkGuru,https://ekguru.shop/languages/ja/level/c5/,"noindex, follow",no,NOINDEX,RESEARCH_REQUIRED,245,1,,,0,45,3,0,no,0,no,yes,
languages/ja/level/index.html,course-ladder,"Japanese levels — A1, A2, B1, B2 available | EkGuru | EkGuru",https://ekguru.shop/languages/ja/level/,"index, follow, max-snippet:-1, max-image-preview:large",yes,PUBLISHED,INTERACTIVE_LEARNING,559,1,,,0,50,3,0,no,0,no,yes,
languages/ja/practice/index.html,other,Japanese Practice — Vocabulary & Grammar Drills | EkGuru,https://ekguru.shop/languages/ja/practice/,"index, follow, max-snippet:-1, max-image-preview:large",yes,PUBLISHED,INTERACTIVE_LEARNING,385,1,,,0,43,3,0,no,0,yes,yes,
languages/ja/quiz/index.html,other,Japanese Quiz — Topic Questions with Explanations | EkGuru,https://ekguru.shop/languages/ja/quiz/,"index, follow, max-snippet:-1, max-image-preview:large",yes,PUBLISHED,INTERACTIVE_LEARNING,381,1,,,0,43,3,0,no,0,yes,yes,
languages/ja/review/index.html,other,Japanese Review — spaced repetition | EkGuru,https://ekguru.shop/languages/ja/review/,"noindex, follow",no,NOINDEX,RESEARCH_REQUIRED,372,1,,,0,43,3,0,no,0,yes,yes,
languages/ka/level/a1/index.html,course-level,Georgian A1 — not published | EkGuru,https://ekguru.shop/languages/ka/level/a1/,"noindex, follow",no,PUBLIC_CONTENT_BUG,RESEARCH_REQUIRED,238,1,,,0,45,3,0,no,0,no,yes,
languages/ka/level/a2/index.html,course-level,Georgian A2 — not published | EkGuru,https://ekguru.shop/languages/ka/level/a2/,"noindex, follow",no,PUBLIC_CONTENT_BUG,RESEARCH_REQUIRED,238,1,,,0,45,3,0,no,0,no,yes,
languages/ka/level/a3/index.html,course-level,Georgian A3 — not published | EkGuru,https://ekguru.shop/languages/ka/level/a3/,"noindex, follow",no,NOINDEX,RESEARCH_REQUIRED,243,1,,,0,45,3,0,no,0,no,yes,
languages/ka/level/b1/index.html,course-level,Georgian B1 — not published | EkGuru,https://ekguru.shop/languages/ka/level/b1/,"noindex, follow",no,PUBLIC_CONTENT_BUG,RESEARCH_REQUIRED,238,1,,,0,45,3,0,no,0,no,yes,
languages/ka/level/b2/index.html,course-level,Georgian B2 — not published | EkGuru,https://ekguru.shop/languages/ka/level/b2/,"noindex, follow",no,PUBLIC_CONTENT_BUG,RESEARCH_REQUIRED,238,1,,,0,45,3,0,no,0,no,yes,
languages/ka/level/b3/index.html,course-level,Georgian B3 — not published | EkGuru,https://ekguru.shop/languages/ka/level/b3/,"noindex, follow",no,NOINDEX,RESEARCH_REQUIRED,243,1,,,0,45,3,0,no,0,no,yes,
languages/ka/level/c1/index.html,course-level,Georgian C1 — not published | EkGuru,https://ekguru.shop/languages/ka/level/c1/,"noindex, follow",no,PUBLIC_CONTENT_BUG,RESEARCH_REQUIRED,238,1,,,0,45,3,0,no,0,no,yes,
languages/ka/level/c2/index.html,course-level,Georgian C2 — not published | EkGuru,https://ekguru.shop/languages/ka/level/c2/,"noindex, follow",no,PUBLIC_CONTENT_BUG,RESEARCH_REQUIRED,238,1,,,0,45,3,0,no,0,no,yes,
languages/ka/level/c3/index.html,course-level,Georgian C3 — not published | EkGuru,https://ekguru.shop/languages/ka/level/c3/,"noindex, follow",no,NOINDEX,RESEARCH_REQUIRED,243,1,,,0,45,3,0,no,0,no,yes,
languages/ka/level/c4/index.html,course-level,Georgian C4 — not published | EkGuru,https://ekguru.shop/languages/ka/level/c4/,"noindex, follow",no,NOINDEX,RESEARCH_REQUIRED,243,1,,,0,45,3,0,no,0,no,yes,
languages/ka/level/c5/index.html,course-level,Georgian C5 — not published | EkGuru,https://ekguru.shop/languages/ka/level/c5/,"noindex, follow",no,NOINDEX,RESEARCH_REQUIRED,243,1,,,0,45,3,0,no,0,no,yes,
languages/ka/level/index.html,course-ladder,Georgian course — not published | EkGuru,https://ekguru.shop/languages/ka/level/,"noindex, follow",no,NOINDEX,RESEARCH_REQUIRED,249,1,,,0,44,3,0,no,0,no,yes,
languages/kk/level/a1/index.html,course-level,Kazakh A1 — not published | EkGuru,https://ekguru.shop/languages/kk/level/a1/,"noindex, follow",no,PUBLIC_CONTENT_BUG,RESEARCH_REQUIRED,238,1,,,0,45,3,0,no,0,no,yes,
languages/kk/level/a2/index.html,course-level,Kazakh A2 — not published | EkGuru,https://ekguru.shop/languages/kk/level/a2/,"noindex, follow",no,PUBLIC_CONTENT_BUG,RESEARCH_REQUIRED,238,1,,,0,45,3,0,no,0,no,yes,
languages/kk/level/a3/index.html,course-level,Kazakh A3 — not published | EkGuru,https://ekguru.shop/languages/kk/level/a3/,"noindex, follow",no,NOINDEX,RESEARCH_REQUIRED,243,1,,,0,45,3,0,no,0,no,yes,
languages/kk/level/b1/index.html,course-level,Kazakh B1 — not published | EkGuru,https://ekguru.shop/languages/kk/level/b1/,"noindex, follow",no,PUBLIC_CONTENT_BUG,RESEARCH_REQUIRED,238,1,,,0,45,3,0,no,0,no,yes,
languages/kk/level/b2/index.html,course-level,Kazakh B2 — not published | EkGuru,https://ekguru.shop/languages/kk/level/b2/,"noindex, follow",no,PUBLIC_CONTENT_BUG,RESEARCH_REQUIRED,238,1,,,0,45,3,0,no,0,no,yes,
languages/kk/level/b3/index.html,course-level,Kazakh B3 — not published | EkGuru,https://ekguru.shop/languages/kk/level/b3/,"noindex, follow",no,NOINDEX,RESEARCH_REQUIRED,243,1,,,0,45,3,0,no,0,no,yes,
languages/kk/level/c1/index.html,course-level,Kazakh C1 — not published | EkGuru,https://ekguru.shop/languages/kk/level/c1/,"noindex, follow",no,PUBLIC_CONTENT_BUG,RESEARCH_REQUIRED,238,1,,,0,45,3,0,no,0,no,yes,
languages/kk/level/c2/index.html,course-level,Kazakh C2 — not published | EkGuru,https://ekguru.shop/languages/kk/level/c2/,"noindex, follow",no,PUBLIC_CONTENT_BUG,RESEARCH_REQUIRED,238,1,,,0,45,3,0,no,0,no,yes,
languages/kk/level/c3/index.html,course-level,Kazakh C3 — not published | EkGuru,https://ekguru.shop/languages/kk/level/c3/,"noindex, follow",no,NOINDEX,RESEARCH_REQUIRED,243,1,,,0,45,3,0,no,0,no,yes,
languages/kk/level/c4/index.html,course-level,Kazakh C4 — not published | EkGuru,https://ekguru.shop/languages/kk/level/c4/,"noindex, follow",no,NOINDEX,RESEARCH_REQUIRED,243,1,,,0,45,3,0,no,0,no,yes,
languages/kk/level/c5/index.html,course-level,Kazakh C5 — not published | EkGuru,https://ekguru.shop/languages/kk/level/c5/,"noindex, follow",no,NOINDEX,RESEARCH_REQUIRED,243,1,,,0,45,3,0,no,0,no,yes,
languages/kk/level/index.html,course-ladder,Kazakh course — not published | EkGuru,https://ekguru.shop/languages/kk/level/,"noindex, follow",no,NOINDEX,RESEARCH_REQUIRED,249,1,,,0,44,3,0,no,0,no,yes,
languages/km/level/a1/index.html,course-level,Khmer A1 — not published | EkGuru,https://ekguru.shop/languages/km/level/a1/,"noindex, follow",no,PUBLIC_CONTENT_BUG,RESEARCH_REQUIRED,238,1,,,0,45,3,0,no,0,no,yes,
languages/km/level/a2/index.html,course-level,Khmer A2 — not published | EkGuru,https://ekguru.shop/languages/km/level/a2/,"noindex, follow",no,PUBLIC_CONTENT_BUG,RESEARCH_REQUIRED,238,1,,,0,45,3,0,no,0,no,yes,
languages/km/level/a3/index.html,course-level,Khmer A3 — not published | EkGuru,https://ekguru.shop/languages/km/level/a3/,"noindex, follow",no,NOINDEX,RESEARCH_REQUIRED,243,1,,,0,45,3,0,no,0,no,yes,
languages/km/level/b1/index.html,course-level,Khmer B1 — not published | EkGuru,https://ekguru.shop/languages/km/level/b1/,"noindex, follow",no,PUBLIC_CONTENT_BUG,RESEARCH_REQUIRED,238,1,,,0,45,3,0,no,0,no,yes,
languages/km/level/b2/index.html,course-level,Khmer B2 — not published | EkGuru,https://ekguru.shop/languages/km/level/b2/,"noindex, follow",no,PUBLIC_CONTENT_BUG,RESEARCH_REQUIRED,238,1,,,0,45,3,0,no,0,no,yes,
languages/km/level/b3/index.html,course-level,Khmer B3 — not published | EkGuru,https://ekguru.shop/languages/km/level/b3/,"noindex, follow",no,NOINDEX,RESEARCH_REQUIRED,243,1,,,0,45,3,0,no,0,no,yes,
languages/km/level/c1/index.html,course-level,Khmer C1 — not published | EkGuru,https://ekguru.shop/languages/km/level/c1/,"noindex, follow",no,PUBLIC_CONTENT_BUG,RESEARCH_REQUIRED,238,1,,,0,45,3,0,no,0,no,yes,
languages/km/level/c2/index.html,course-level,Khmer C2 — not published | EkGuru,https://ekguru.shop/languages/km/level/c2/,"noindex, follow",no,PUBLIC_CONTENT_BUG,RESEARCH_REQUIRED,238,1,,,0,45,3,0,no,0,no,yes,
languages/km/level/c3/index.html,course-level,Khmer C3 — not published | EkGuru,https://ekguru.shop/languages/km/level/c3/,"noindex, follow",no,NOINDEX,RESEARCH_REQUIRED,243,1,,,0,45,3,0,no,0,no,yes,
languages/km/level/c4/index.html,course-level,Khmer C4 — not published | EkGuru,https://ekguru.shop/languages/km/level/c4/,"noindex, follow",no,NOINDEX,RESEARCH_REQUIRED,243,1,,,0,45,3,0,no,0,no,yes,
languages/km/level/c5/index.html,course-level,Khmer C5 — not published | EkGuru,https://ekguru.shop/languages/km/level/c5/,"noindex, follow",no,NOINDEX,RESEARCH_REQUIRED,243,1,,,0,45,3,0,no,0,no,yes,
languages/km/level/index.html,course-ladder,Khmer course — not published | EkGuru,https://ekguru.shop/languages/km/level/,"noindex, follow",no,NOINDEX,RESEARCH_REQUIRED,249,1,,,0,44,3,0,no,0,no,yes,
languages/kn/index.html,other,Learn Kannada — free course | EkGuru,https://ekguru.shop/languages/kn/,"noindex, follow",no,NOINDEX,RESEARCH_REQUIRED,438,1,,,0,43,3,0,no,0,yes,no,
languages/ko/course/index.html,other,Learn Korean — free course | EkGuru,https://ekguru.shop/languages/ko/course/,"index, follow, max-snippet:-1, max-image-preview:large",yes,PUBLISHED,HIGH_CONTENT,658,1,,,0,60,3,0,no,0,yes,yes,
languages/ko/index.html,other,Learn Korean basics — free starter pack | EkGuru,https://ekguru.shop/languages/ko/,"index, follow, max-snippet:-1, max-image-preview:large",yes,PUBLISHED,HIGH_CONTENT,443,1,,,0,43,3,0,no,0,yes,no,
languages/ko/lessons/food-and-ordering/index.html,other,Korean Food and Ordering — Korean Course | EkGuru,https://ekguru.shop/languages/ko/lessons/food-and-ordering/,"index, follow, max-snippet:-1, max-image-preview:large",yes,PUBLISHED,HIGH_CONTENT,503,1,,,0,48,3,0,no,0,yes,yes,
languages/ko/lessons/greetings-and-introductions/index.html,other,Korean Greetings and Introductions — Korean Course | EkGuru,https://ekguru.shop/languages/ko/lessons/greetings-and-introductions/,"index, follow, max-snippet:-1, max-image-preview:large",yes,PUBLISHED,HIGH_CONTENT,534,1,,,0,48,3,0,no,0,yes,yes,
languages/ko/lessons/hangul-and-particles/index.html,other,Hangul and Particles — Korean Course | EkGuru,https://ekguru.shop/languages/ko/lessons/hangul-and-particles/,"index, follow, max-snippet:-1, max-image-preview:large",yes,PUBLISHED,HIGH_CONTENT,535,1,,,0,48,3,0,no,0,yes,yes,
languages/ko/lessons/ida-and-isseoyo/index.html,other,이다 and 있어요 — To Be in Korean — Korean Course | EkGuru,https://ekguru.shop/languages/ko/lessons/ida-and-isseoyo/,"index, follow, max-snippet:-1, max-image-preview:large",yes,PUBLISHED,HIGH_CONTENT,548,1,,,0,48,3,0,no,0,yes,yes,
languages/ko/lessons/present-tense-verbs/index.html,other,Korean Present Tense — Verbs — Korean Course | EkGuru,https://ekguru.shop/languages/ko/lessons/present-tense-verbs/,"index, follow, max-snippet:-1, max-image-preview:large",yes,PUBLISHED,HIGH_CONTENT,490,1,,,0,48,3,0,no,0,yes,yes,
languages/ko/lessons/two-number-systems/index.html,other,Two Number Systems — Korean Course | EkGuru,https://ekguru.shop/languages/ko/lessons/two-number-systems/,"index, follow, max-snippet:-1, max-image-preview:large",yes,PUBLISHED,HIGH_CONTENT,517,1,,,0,48,3,0,no,0,yes,yes,
languages/ko/level/a1/index.html,course-level,"Korean A1 — Starter: greetings, 입니다, first verbs | EkGuru",https://ekguru.shop/languages/ko/level/a1/,"index, follow, max-snippet:-1, max-image-preview:large",yes,PUBLISHABLE_EXISTING,INTERACTIVE_LEARNING,7312,1,,,0,57,3,0,no,0,no,yes,
languages/ko/level/a2/index.html,course-level,"Korean A2 — Elementary: past, desires, places, food | EkGuru",https://ekguru.shop/languages/ko/level/a2/,"index, follow, max-snippet:-1, max-image-preview:large",yes,PUBLISHABLE_EXISTING,INTERACTIVE_LEARNING,7047,1,,,0,57,3,0,no,0,no,yes,
languages/ko/level/a3/index.html,course-level,Korean A3 — not published | EkGuru,https://ekguru.shop/languages/ko/level/a3/,"noindex, follow",no,NOINDEX,RESEARCH_REQUIRED,245,1,,,0,45,3,0,no,0,no,yes,
languages/ko/level/b1/index.html,course-level,"Korean B1 — Intermediate: long negation, ability, honorifics, opinions | EkGuru",https://ekguru.shop/languages/ko/level/b1/,"index, follow, max-snippet:-1, max-image-preview:large",yes,PUBLISHABLE_EXISTING,INTERACTIVE_LEARNING,7540,1,,,0,57,3,0,no,0,no,yes,
languages/ko/level/b2/index.html,course-level,"Korean B2 — Advanced: conditionals, honorifics, debate, culture | EkGuru",https://ekguru.shop/languages/ko/level/b2/,"index, follow, max-snippet:-1, max-image-preview:large",yes,PUBLISHABLE_EXISTING,INTERACTIVE_LEARNING,7622,1,,,0,56,3,0,no,0,no,yes,
languages/ko/level/b3/index.html,course-level,Korean B3 — not published | EkGuru,https://ekguru.shop/languages/ko/level/b3/,"noindex, follow",no,NOINDEX,RESEARCH_REQUIRED,245,1,,,0,45,3,0,no,0,no,yes,
languages/ko/level/c1/index.html,course-level,Korean C1 — not published | EkGuru,https://ekguru.shop/languages/ko/level/c1/,"noindex, follow",no,PUBLIC_CONTENT_BUG,RESEARCH_REQUIRED,240,1,,,0,45,3,0,no,0,no,yes,
languages/ko/level/c2/index.html,course-level,Korean C2 — not published | EkGuru,https://ekguru.shop/languages/ko/level/c2/,"noindex, follow",no,PUBLIC_CONTENT_BUG,RESEARCH_REQUIRED,240,1,,,0,45,3,0,no,0,no,yes,
languages/ko/level/c3/index.html,course-level,Korean C3 — not published | EkGuru,https://ekguru.shop/languages/ko/level/c3/,"noindex, follow",no,NOINDEX,RESEARCH_REQUIRED,245,1,,,0,45,3,0,no,0,no,yes,
languages/ko/level/c4/index.html,course-level,Korean C4 — not published | EkGuru,https://ekguru.shop/languages/ko/level/c4/,"noindex, follow",no,NOINDEX,RESEARCH_REQUIRED,245,1,,,0,45,3,0,no,0,no,yes,
languages/ko/level/c5/index.html,course-level,Korean C5 — not published | EkGuru,https://ekguru.shop/languages/ko/level/c5/,"noindex, follow",no,NOINDEX,RESEARCH_REQUIRED,245,1,,,0,45,3,0,no,0,no,yes,
languages/ko/level/index.html,course-ladder,"Korean levels — A1, A2, B1, B2 available | EkGuru | EkGuru",https://ekguru.shop/languages/ko/level/,"index, follow, max-snippet:-1, max-image-preview:large",yes,PUBLISHED,INTERACTIVE_LEARNING,558,1,,,0,50,3,0,no,0,no,yes,
languages/ko/practice/index.html,other,Korean Practice — Vocabulary & Grammar Drills | EkGuru,https://ekguru.shop/languages/ko/practice/,"index, follow, max-snippet:-1, max-image-preview:large",yes,PUBLISHED,INTERACTIVE_LEARNING,385,1,,,0,43,3,0,no,0,yes,yes,
languages/ko/quiz/index.html,other,Korean Quiz — Topic Questions with Explanations | EkGuru,https://ekguru.shop/languages/ko/quiz/,"index, follow, max-snippet:-1, max-image-preview:large",yes,PUBLISHED,INTERACTIVE_LEARNING,381,1,,,0,43,3,0,no,0,yes,yes,
languages/ko/review/index.html,other,Korean Review — spaced repetition | EkGuru,https://ekguru.shop/languages/ko/review/,"noindex, follow",no,NOINDEX,RESEARCH_REQUIRED,372,1,,,0,43,3,0,no,0,yes,yes,
languages/ku/level/a1/index.html,course-level,Kurdish A1 — not published | EkGuru,https://ekguru.shop/languages/ku/level/a1/,"noindex, follow",no,PUBLIC_CONTENT_BUG,RESEARCH_REQUIRED,238,1,,,0,45,3,0,no,0,no,yes,
languages/ku/level/a2/index.html,course-level,Kurdish A2 — not published | EkGuru,https://ekguru.shop/languages/ku/level/a2/,"noindex, follow",no,PUBLIC_CONTENT_BUG,RESEARCH_REQUIRED,238,1,,,0,45,3,0,no,0,no,yes,
languages/ku/level/a3/index.html,course-level,Kurdish A3 — not published | EkGuru,https://ekguru.shop/languages/ku/level/a3/,"noindex, follow",no,NOINDEX,RESEARCH_REQUIRED,243,1,,,0,45,3,0,no,0,no,yes,
languages/ku/level/b1/index.html,course-level,Kurdish B1 — not published | EkGuru,https://ekguru.shop/languages/ku/level/b1/,"noindex, follow",no,PUBLIC_CONTENT_BUG,RESEARCH_REQUIRED,238,1,,,0,45,3,0,no,0,no,yes,
languages/ku/level/b2/index.html,course-level,Kurdish B2 — not published | EkGuru,https://ekguru.shop/languages/ku/level/b2/,"noindex, follow",no,PUBLIC_CONTENT_BUG,RESEARCH_REQUIRED,238,1,,,0,45,3,0,no,0,no,yes,
languages/ku/level/b3/index.html,course-level,Kurdish B3 — not published | EkGuru,https://ekguru.shop/languages/ku/level/b3/,"noindex, follow",no,NOINDEX,RESEARCH_REQUIRED,243,1,,,0,45,3,0,no,0,no,yes,
languages/ku/level/c1/index.html,course-level,Kurdish C1 — not published | EkGuru,https://ekguru.shop/languages/ku/level/c1/,"noindex, follow",no,PUBLIC_CONTENT_BUG,RESEARCH_REQUIRED,238,1,,,0,45,3,0,no,0,no,yes,
languages/ku/level/c2/index.html,course-level,Kurdish C2 — not published | EkGuru,https://ekguru.shop/languages/ku/level/c2/,"noindex, follow",no,PUBLIC_CONTENT_BUG,RESEARCH_REQUIRED,238,1,,,0,45,3,0,no,0,no,yes,
languages/ku/level/c3/index.html,course-level,Kurdish C3 — not published | EkGuru,https://ekguru.shop/languages/ku/level/c3/,"noindex, follow",no,NOINDEX,RESEARCH_REQUIRED,243,1,,,0,45,3,0,no,0,no,yes,
languages/ku/level/c4/index.html,course-level,Kurdish C4 — not published | EkGuru,https://ekguru.shop/languages/ku/level/c4/,"noindex, follow",no,NOINDEX,RESEARCH_REQUIRED,243,1,,,0,45,3,0,no,0,no,yes,
languages/ku/level/c5/index.html,course-level,Kurdish C5 — not published | EkGuru,https://ekguru.shop/languages/ku/level/c5/,"noindex, follow",no,NOINDEX,RESEARCH_REQUIRED,243,1,,,0,45,3,0,no,0,no,yes,
languages/ku/level/index.html,course-ladder,Kurdish course — not published | EkGuru,https://ekguru.shop/languages/ku/level/,"noindex, follow",no,NOINDEX,RESEARCH_REQUIRED,249,1,,,0,44,3,0,no,0,no,yes,
languages/lo/level/a1/index.html,course-level,Lao A1 — not published | EkGuru,https://ekguru.shop/languages/lo/level/a1/,"noindex, follow",no,PUBLIC_CONTENT_BUG,RESEARCH_REQUIRED,238,1,,,0,45,3,0,no,0,no,yes,
languages/lo/level/a2/index.html,course-level,Lao A2 — not published | EkGuru,https://ekguru.shop/languages/lo/level/a2/,"noindex, follow",no,PUBLIC_CONTENT_BUG,RESEARCH_REQUIRED,238,1,,,0,45,3,0,no,0,no,yes,
languages/lo/level/a3/index.html,course-level,Lao A3 — not published | EkGuru,https://ekguru.shop/languages/lo/level/a3/,"noindex, follow",no,NOINDEX,RESEARCH_REQUIRED,243,1,,,0,45,3,0,no,0,no,yes,
languages/lo/level/b1/index.html,course-level,Lao B1 — not published | EkGuru,https://ekguru.shop/languages/lo/level/b1/,"noindex, follow",no,PUBLIC_CONTENT_BUG,RESEARCH_REQUIRED,238,1,,,0,45,3,0,no,0,no,yes,
languages/lo/level/b2/index.html,course-level,Lao B2 — not published | EkGuru,https://ekguru.shop/languages/lo/level/b2/,"noindex, follow",no,PUBLIC_CONTENT_BUG,RESEARCH_REQUIRED,238,1,,,0,45,3,0,no,0,no,yes,
languages/lo/level/b3/index.html,course-level,Lao B3 — not published | EkGuru,https://ekguru.shop/languages/lo/level/b3/,"noindex, follow",no,NOINDEX,RESEARCH_REQUIRED,243,1,,,0,45,3,0,no,0,no,yes,
languages/lo/level/c1/index.html,course-level,Lao C1 — not published | EkGuru,https://ekguru.shop/languages/lo/level/c1/,"noindex, follow",no,PUBLIC_CONTENT_BUG,RESEARCH_REQUIRED,238,1,,,0,45,3,0,no,0,no,yes,
languages/lo/level/c2/index.html,course-level,Lao C2 — not published | EkGuru,https://ekguru.shop/languages/lo/level/c2/,"noindex, follow",no,PUBLIC_CONTENT_BUG,RESEARCH_REQUIRED,238,1,,,0,45,3,0,no,0,no,yes,
languages/lo/level/c3/index.html,course-level,Lao C3 — not published | EkGuru,https://ekguru.shop/languages/lo/level/c3/,"noindex, follow",no,NOINDEX,RESEARCH_REQUIRED,243,1,,,0,45,3,0,no,0,no,yes,
languages/lo/level/c4/index.html,course-level,Lao C4 — not published | EkGuru,https://ekguru.shop/languages/lo/level/c4/,"noindex, follow",no,NOINDEX,RESEARCH_REQUIRED,243,1,,,0,45,3,0,no,0,no,yes,
languages/lo/level/c5/index.html,course-level,Lao C5 — not published | EkGuru,https://ekguru.shop/languages/lo/level/c5/,"noindex, follow",no,NOINDEX,RESEARCH_REQUIRED,243,1,,,0,45,3,0,no,0,no,yes,
languages/lo/level/index.html,course-ladder,Lao course — not published | EkGuru,https://ekguru.shop/languages/lo/level/,"noindex, follow",no,NOINDEX,RESEARCH_REQUIRED,249,1,,,0,44,3,0,no,0,no,yes,
languages/lt/level/a1/index.html,course-level,Lithuanian A1 — not published | EkGuru,https://ekguru.shop/languages/lt/level/a1/,"noindex, follow",no,PUBLIC_CONTENT_BUG,RESEARCH_REQUIRED,238,1,,,0,45,3,0,no,0,no,yes,
languages/lt/level/a2/index.html,course-level,Lithuanian A2 — not published | EkGuru,https://ekguru.shop/languages/lt/level/a2/,"noindex, follow",no,PUBLIC_CONTENT_BUG,RESEARCH_REQUIRED,238,1,,,0,45,3,0,no,0,no,yes,
languages/lt/level/a3/index.html,course-level,Lithuanian A3 — not published | EkGuru,https://ekguru.shop/languages/lt/level/a3/,"noindex, follow",no,NOINDEX,RESEARCH_REQUIRED,243,1,,,0,45,3,0,no,0,no,yes,
languages/lt/level/b1/index.html,course-level,Lithuanian B1 — not published | EkGuru,https://ekguru.shop/languages/lt/level/b1/,"noindex, follow",no,PUBLIC_CONTENT_BUG,RESEARCH_REQUIRED,238,1,,,0,45,3,0,no,0,no,yes,
languages/lt/level/b2/index.html,course-level,Lithuanian B2 — not published | EkGuru,https://ekguru.shop/languages/lt/level/b2/,"noindex, follow",no,PUBLIC_CONTENT_BUG,RESEARCH_REQUIRED,238,1,,,0,45,3,0,no,0,no,yes,
languages/lt/level/b3/index.html,course-level,Lithuanian B3 — not published | EkGuru,https://ekguru.shop/languages/lt/level/b3/,"noindex, follow",no,NOINDEX,RESEARCH_REQUIRED,243,1,,,0,45,3,0,no,0,no,yes,
languages/lt/level/c1/index.html,course-level,Lithuanian C1 — not published | EkGuru,https://ekguru.shop/languages/lt/level/c1/,"noindex, follow",no,PUBLIC_CONTENT_BUG,RESEARCH_REQUIRED,238,1,,,0,45,3,0,no,0,no,yes,
languages/lt/level/c2/index.html,course-level,Lithuanian C2 — not published | EkGuru,https://ekguru.shop/languages/lt/level/c2/,"noindex, follow",no,PUBLIC_CONTENT_BUG,RESEARCH_REQUIRED,238,1,,,0,45,3,0,no,0,no,yes,
languages/lt/level/c3/index.html,course-level,Lithuanian C3 — not published | EkGuru,https://ekguru.shop/languages/lt/level/c3/,"noindex, follow",no,NOINDEX,RESEARCH_REQUIRED,243,1,,,0,45,3,0,no,0,no,yes,
languages/lt/level/c4/index.html,course-level,Lithuanian C4 — not published | EkGuru,https://ekguru.shop/languages/lt/level/c4/,"noindex, follow",no,NOINDEX,RESEARCH_REQUIRED,243,1,,,0,45,3,0,no,0,no,yes,
languages/lt/level/c5/index.html,course-level,Lithuanian C5 — not published | EkGuru,https://ekguru.shop/languages/lt/level/c5/,"noindex, follow",no,NOINDEX,RESEARCH_REQUIRED,243,1,,,0,45,3,0,no,0,no,yes,
languages/lt/level/index.html,course-ladder,Lithuanian course — not published | EkGuru,https://ekguru.shop/languages/lt/level/,"noindex, follow",no,NOINDEX,RESEARCH_REQUIRED,249,1,,,0,44,3,0,no,0,no,yes,
languages/lv/level/a1/index.html,course-level,Latvian A1 — not published | EkGuru,https://ekguru.shop/languages/lv/level/a1/,"noindex, follow",no,PUBLIC_CONTENT_BUG,RESEARCH_REQUIRED,238,1,,,0,45,3,0,no,0,no,yes,
languages/lv/level/a2/index.html,course-level,Latvian A2 — not published | EkGuru,https://ekguru.shop/languages/lv/level/a2/,"noindex, follow",no,PUBLIC_CONTENT_BUG,RESEARCH_REQUIRED,238,1,,,0,45,3,0,no,0,no,yes,
languages/lv/level/a3/index.html,course-level,Latvian A3 — not published | EkGuru,https://ekguru.shop/languages/lv/level/a3/,"noindex, follow",no,NOINDEX,RESEARCH_REQUIRED,243,1,,,0,45,3,0,no,0,no,yes,
languages/lv/level/b1/index.html,course-level,Latvian B1 — not published | EkGuru,https://ekguru.shop/languages/lv/level/b1/,"noindex, follow",no,PUBLIC_CONTENT_BUG,RESEARCH_REQUIRED,238,1,,,0,45,3,0,no,0,no,yes,
languages/lv/level/b2/index.html,course-level,Latvian B2 — not published | EkGuru,https://ekguru.shop/languages/lv/level/b2/,"noindex, follow",no,PUBLIC_CONTENT_BUG,RESEARCH_REQUIRED,238,1,,,0,45,3,0,no,0,no,yes,
languages/lv/level/b3/index.html,course-level,Latvian B3 — not published | EkGuru,https://ekguru.shop/languages/lv/level/b3/,"noindex, follow",no,NOINDEX,RESEARCH_REQUIRED,243,1,,,0,45,3,0,no,0,no,yes,
languages/lv/level/c1/index.html,course-level,Latvian C1 — not published | EkGuru,https://ekguru.shop/languages/lv/level/c1/,"noindex, follow",no,PUBLIC_CONTENT_BUG,RESEARCH_REQUIRED,238,1,,,0,45,3,0,no,0,no,yes,
languages/lv/level/c2/index.html,course-level,Latvian C2 — not published | EkGuru,https://ekguru.shop/languages/lv/level/c2/,"noindex, follow",no,PUBLIC_CONTENT_BUG,RESEARCH_REQUIRED,238,1,,,0,45,3,0,no,0,no,yes,
languages/lv/level/c3/index.html,course-level,Latvian C3 — not published | EkGuru,https://ekguru.shop/languages/lv/level/c3/,"noindex, follow",no,NOINDEX,RESEARCH_REQUIRED,243,1,,,0,45,3,0,no,0,no,yes,
languages/lv/level/c4/index.html,course-level,Latvian C4 — not published | EkGuru,https://ekguru.shop/languages/lv/level/c4/,"noindex, follow",no,NOINDEX,RESEARCH_REQUIRED,243,1,,,0,45,3,0,no,0,no,yes,
languages/lv/level/c5/index.html,course-level,Latvian C5 — not published | EkGuru,https://ekguru.shop/languages/lv/level/c5/,"noindex, follow",no,NOINDEX,RESEARCH_REQUIRED,243,1,,,0,45,3,0,no,0,no,yes,
languages/lv/level/index.html,course-ladder,Latvian course — not published | EkGuru,https://ekguru.shop/languages/lv/level/,"noindex, follow",no,NOINDEX,RESEARCH_REQUIRED,249,1,,,0,44,3,0,no,0,no,yes,
languages/mi/level/a1/index.html,course-level,Maori A1 — not published | EkGuru,https://ekguru.shop/languages/mi/level/a1/,"noindex, follow",no,PUBLIC_CONTENT_BUG,RESEARCH_REQUIRED,238,1,,,0,45,3,0,no,0,no,yes,
languages/mi/level/a2/index.html,course-level,Maori A2 — not published | EkGuru,https://ekguru.shop/languages/mi/level/a2/,"noindex, follow",no,PUBLIC_CONTENT_BUG,RESEARCH_REQUIRED,238,1,,,0,45,3,0,no,0,no,yes,
languages/mi/level/a3/index.html,course-level,Maori A3 — not published | EkGuru,https://ekguru.shop/languages/mi/level/a3/,"noindex, follow",no,NOINDEX,RESEARCH_REQUIRED,243,1,,,0,45,3,0,no,0,no,yes,
languages/mi/level/b1/index.html,course-level,Maori B1 — not published | EkGuru,https://ekguru.shop/languages/mi/level/b1/,"noindex, follow",no,PUBLIC_CONTENT_BUG,RESEARCH_REQUIRED,238,1,,,0,45,3,0,no,0,no,yes,
languages/mi/level/b2/index.html,course-level,Maori B2 — not published | EkGuru,https://ekguru.shop/languages/mi/level/b2/,"noindex, follow",no,PUBLIC_CONTENT_BUG,RESEARCH_REQUIRED,238,1,,,0,45,3,0,no,0,no,yes,
languages/mi/level/b3/index.html,course-level,Maori B3 — not published | EkGuru,https://ekguru.shop/languages/mi/level/b3/,"noindex, follow",no,NOINDEX,RESEARCH_REQUIRED,243,1,,,0,45,3,0,no,0,no,yes,
languages/mi/level/c1/index.html,course-level,Maori C1 — not published | EkGuru,https://ekguru.shop/languages/mi/level/c1/,"noindex, follow",no,PUBLIC_CONTENT_BUG,RESEARCH_REQUIRED,238,1,,,0,45,3,0,no,0,no,yes,
languages/mi/level/c2/index.html,course-level,Maori C2 — not published | EkGuru,https://ekguru.shop/languages/mi/level/c2/,"noindex, follow",no,PUBLIC_CONTENT_BUG,RESEARCH_REQUIRED,238,1,,,0,45,3,0,no,0,no,yes,
languages/mi/level/c3/index.html,course-level,Maori C3 — not published | EkGuru,https://ekguru.shop/languages/mi/level/c3/,"noindex, follow",no,NOINDEX,RESEARCH_REQUIRED,243,1,,,0,45,3,0,no,0,no,yes,
languages/mi/level/c4/index.html,course-level,Maori C4 — not published | EkGuru,https://ekguru.shop/languages/mi/level/c4/,"noindex, follow",no,NOINDEX,RESEARCH_REQUIRED,243,1,,,0,45,3,0,no,0,no,yes,
languages/mi/level/c5/index.html,course-level,Maori C5 — not published | EkGuru,https://ekguru.shop/languages/mi/level/c5/,"noindex, follow",no,NOINDEX,RESEARCH_REQUIRED,243,1,,,0,45,3,0,no,0,no,yes,
languages/mi/level/index.html,course-ladder,Maori course — not published | EkGuru,https://ekguru.shop/languages/mi/level/,"noindex, follow",no,NOINDEX,RESEARCH_REQUIRED,249,1,,,0,44,3,0,no,0,no,yes,
languages/mk/level/a1/index.html,course-level,Macedonian A1 — not published | EkGuru,https://ekguru.shop/languages/mk/level/a1/,"noindex, follow",no,PUBLIC_CONTENT_BUG,RESEARCH_REQUIRED,238,1,,,0,45,3,0,no,0,no,yes,
languages/mk/level/a2/index.html,course-level,Macedonian A2 — not published | EkGuru,https://ekguru.shop/languages/mk/level/a2/,"noindex, follow",no,PUBLIC_CONTENT_BUG,RESEARCH_REQUIRED,238,1,,,0,45,3,0,no,0,no,yes,
languages/mk/level/a3/index.html,course-level,Macedonian A3 — not published | EkGuru,https://ekguru.shop/languages/mk/level/a3/,"noindex, follow",no,NOINDEX,RESEARCH_REQUIRED,243,1,,,0,45,3,0,no,0,no,yes,
languages/mk/level/b1/index.html,course-level,Macedonian B1 — not published | EkGuru,https://ekguru.shop/languages/mk/level/b1/,"noindex, follow",no,PUBLIC_CONTENT_BUG,RESEARCH_REQUIRED,238,1,,,0,45,3,0,no,0,no,yes,
languages/mk/level/b2/index.html,course-level,Macedonian B2 — not published | EkGuru,https://ekguru.shop/languages/mk/level/b2/,"noindex, follow",no,PUBLIC_CONTENT_BUG,RESEARCH_REQUIRED,238,1,,,0,45,3,0,no,0,no,yes,
languages/mk/level/b3/index.html,course-level,Macedonian B3 — not published | EkGuru,https://ekguru.shop/languages/mk/level/b3/,"noindex, follow",no,NOINDEX,RESEARCH_REQUIRED,243,1,,,0,45,3,0,no,0,no,yes,
languages/mk/level/c1/index.html,course-level,Macedonian C1 — not published | EkGuru,https://ekguru.shop/languages/mk/level/c1/,"noindex, follow",no,PUBLIC_CONTENT_BUG,RESEARCH_REQUIRED,238,1,,,0,45,3,0,no,0,no,yes,
languages/mk/level/c2/index.html,course-level,Macedonian C2 — not published | EkGuru,https://ekguru.shop/languages/mk/level/c2/,"noindex, follow",no,PUBLIC_CONTENT_BUG,RESEARCH_REQUIRED,238,1,,,0,45,3,0,no,0,no,yes,
languages/mk/level/c3/index.html,course-level,Macedonian C3 — not published | EkGuru,https://ekguru.shop/languages/mk/level/c3/,"noindex, follow",no,NOINDEX,RESEARCH_REQUIRED,243,1,,,0,45,3,0,no,0,no,yes,
languages/mk/level/c4/index.html,course-level,Macedonian C4 — not published | EkGuru,https://ekguru.shop/languages/mk/level/c4/,"noindex, follow",no,NOINDEX,RESEARCH_REQUIRED,243,1,,,0,45,3,0,no,0,no,yes,
languages/mk/level/c5/index.html,course-level,Macedonian C5 — not published | EkGuru,https://ekguru.shop/languages/mk/level/c5/,"noindex, follow",no,NOINDEX,RESEARCH_REQUIRED,243,1,,,0,45,3,0,no,0,no,yes,
languages/mk/level/index.html,course-ladder,Macedonian course — not published | EkGuru,https://ekguru.shop/languages/mk/level/,"noindex, follow",no,NOINDEX,RESEARCH_REQUIRED,249,1,,,0,44,3,0,no,0,no,yes,
languages/ml/index.html,other,Learn Malayalam — free course | EkGuru,https://ekguru.shop/languages/ml/,"noindex, follow",no,NOINDEX,RESEARCH_REQUIRED,468,1,,,0,44,3,0,no,0,yes,no,
languages/ml/level/a1/index.html,course-level,Malayalam A1 — not published | EkGuru,https://ekguru.shop/languages/ml/level/a1/,"noindex, follow",no,PUBLIC_CONTENT_BUG,RESEARCH_REQUIRED,238,1,,,0,45,3,0,no,0,no,yes,
languages/ml/level/a2/index.html,course-level,Malayalam A2 — not published | EkGuru,https://ekguru.shop/languages/ml/level/a2/,"noindex, follow",no,PUBLIC_CONTENT_BUG,RESEARCH_REQUIRED,238,1,,,0,45,3,0,no,0,no,yes,
languages/ml/level/a3/index.html,course-level,Malayalam A3 — not published | EkGuru,https://ekguru.shop/languages/ml/level/a3/,"noindex, follow",no,NOINDEX,RESEARCH_REQUIRED,243,1,,,0,45,3,0,no,0,no,yes,
languages/ml/level/b1/index.html,course-level,Malayalam B1 — not published | EkGuru,https://ekguru.shop/languages/ml/level/b1/,"noindex, follow",no,PUBLIC_CONTENT_BUG,RESEARCH_REQUIRED,238,1,,,0,45,3,0,no,0,no,yes,
languages/ml/level/b2/index.html,course-level,Malayalam B2 — not published | EkGuru,https://ekguru.shop/languages/ml/level/b2/,"noindex, follow",no,PUBLIC_CONTENT_BUG,RESEARCH_REQUIRED,238,1,,,0,45,3,0,no,0,no,yes,
languages/ml/level/b3/index.html,course-level,Malayalam B3 — not published | EkGuru,https://ekguru.shop/languages/ml/level/b3/,"noindex, follow",no,NOINDEX,RESEARCH_REQUIRED,243,1,,,0,45,3,0,no,0,no,yes,
languages/ml/level/c1/index.html,course-level,Malayalam C1 — not published | EkGuru,https://ekguru.shop/languages/ml/level/c1/,"noindex, follow",no,PUBLIC_CONTENT_BUG,RESEARCH_REQUIRED,238,1,,,0,45,3,0,no,0,no,yes,
languages/ml/level/c2/index.html,course-level,Malayalam C2 — not published | EkGuru,https://ekguru.shop/languages/ml/level/c2/,"noindex, follow",no,PUBLIC_CONTENT_BUG,RESEARCH_REQUIRED,238,1,,,0,45,3,0,no,0,no,yes,
languages/ml/level/c3/index.html,course-level,Malayalam C3 — not published | EkGuru,https://ekguru.shop/languages/ml/level/c3/,"noindex, follow",no,NOINDEX,RESEARCH_REQUIRED,243,1,,,0,45,3,0,no,0,no,yes,
languages/ml/level/c4/index.html,course-level,Malayalam C4 — not published | EkGuru,https://ekguru.shop/languages/ml/level/c4/,"noindex, follow",no,NOINDEX,RESEARCH_REQUIRED,243,1,,,0,45,3,0,no,0,no,yes,
languages/ml/level/c5/index.html,course-level,Malayalam C5 — not published | EkGuru,https://ekguru.shop/languages/ml/level/c5/,"noindex, follow",no,NOINDEX,RESEARCH_REQUIRED,243,1,,,0,45,3,0,no,0,no,yes,
languages/ml/level/index.html,course-ladder,Malayalam course — not published | EkGuru,https://ekguru.shop/languages/ml/level/,"noindex, follow",no,NOINDEX,RESEARCH_REQUIRED,249,1,,,0,44,3,0,no,0,no,yes,
languages/mn/level/a1/index.html,course-level,Mongolian A1 — not published | EkGuru,https://ekguru.shop/languages/mn/level/a1/,"noindex, follow",no,PUBLIC_CONTENT_BUG,RESEARCH_REQUIRED,238,1,,,0,45,3,0,no,0,no,yes,
languages/mn/level/a2/index.html,course-level,Mongolian A2 — not published | EkGuru,https://ekguru.shop/languages/mn/level/a2/,"noindex, follow",no,PUBLIC_CONTENT_BUG,RESEARCH_REQUIRED,238,1,,,0,45,3,0,no,0,no,yes,
languages/mn/level/a3/index.html,course-level,Mongolian A3 — not published | EkGuru,https://ekguru.shop/languages/mn/level/a3/,"noindex, follow",no,NOINDEX,RESEARCH_REQUIRED,243,1,,,0,45,3,0,no,0,no,yes,
languages/mn/level/b1/index.html,course-level,Mongolian B1 — not published | EkGuru,https://ekguru.shop/languages/mn/level/b1/,"noindex, follow",no,PUBLIC_CONTENT_BUG,RESEARCH_REQUIRED,238,1,,,0,45,3,0,no,0,no,yes,
languages/mn/level/b2/index.html,course-level,Mongolian B2 — not published | EkGuru,https://ekguru.shop/languages/mn/level/b2/,"noindex, follow",no,PUBLIC_CONTENT_BUG,RESEARCH_REQUIRED,238,1,,,0,45,3,0,no,0,no,yes,
languages/mn/level/b3/index.html,course-level,Mongolian B3 — not published | EkGuru,https://ekguru.shop/languages/mn/level/b3/,"noindex, follow",no,NOINDEX,RESEARCH_REQUIRED,243,1,,,0,45,3,0,no,0,no,yes,
languages/mn/level/c1/index.html,course-level,Mongolian C1 — not published | EkGuru,https://ekguru.shop/languages/mn/level/c1/,"noindex, follow",no,PUBLIC_CONTENT_BUG,RESEARCH_REQUIRED,238,1,,,0,45,3,0,no,0,no,yes,
languages/mn/level/c2/index.html,course-level,Mongolian C2 — not published | EkGuru,https://ekguru.shop/languages/mn/level/c2/,"noindex, follow",no,PUBLIC_CONTENT_BUG,RESEARCH_REQUIRED,238,1,,,0,45,3,0,no,0,no,yes,
languages/mn/level/c3/index.html,course-level,Mongolian C3 — not published | EkGuru,https://ekguru.shop/languages/mn/level/c3/,"noindex, follow",no,NOINDEX,RESEARCH_REQUIRED,243,1,,,0,45,3,0,no,0,no,yes,
languages/mn/level/c4/index.html,course-level,Mongolian C4 — not published | EkGuru,https://ekguru.shop/languages/mn/level/c4/,"noindex, follow",no,NOINDEX,RESEARCH_REQUIRED,243,1,,,0,45,3,0,no,0,no,yes,
languages/mn/level/c5/index.html,course-level,Mongolian C5 — not published | EkGuru,https://ekguru.shop/languages/mn/level/c5/,"noindex, follow",no,NOINDEX,RESEARCH_REQUIRED,243,1,,,0,45,3,0,no,0,no,yes,
languages/mn/level/index.html,course-ladder,Mongolian course — not published | EkGuru,https://ekguru.shop/languages/mn/level/,"noindex, follow",no,NOINDEX,RESEARCH_REQUIRED,249,1,,,0,44,3,0,no,0,no,yes,
languages/mr/index.html,other,Learn Marathi basics — free starter pack | EkGuru,https://ekguru.shop/learn/marathi/,"noindex, follow",no,NOINDEX,RESEARCH_REQUIRED,436,1,,,0,44,3,0,no,0,yes,no,
languages/mr/level/a1/index.html,course-level,Marathi A1 — A1 Marathi | EkGuru,https://ekguru.shop/languages/mr/level/a1/,"index, follow, max-snippet:-1, max-image-preview:large",yes,PUBLISHABLE_EXISTING,INTERACTIVE_LEARNING,7514,1,,,0,58,3,0,no,0,no,yes,
languages/mr/level/a2/index.html,course-level,Marathi A2 — A2 Marathi | EkGuru,https://ekguru.shop/languages/mr/level/a2/,"index, follow, max-snippet:-1, max-image-preview:large",yes,PUBLISHABLE_EXISTING,INTERACTIVE_LEARNING,7292,1,,,0,58,3,0,no,0,no,yes,
languages/mr/level/a3/index.html,course-level,Marathi A3 — not published | EkGuru,https://ekguru.shop/languages/mr/level/a3/,"noindex, follow",no,NOINDEX,RESEARCH_REQUIRED,245,1,,,0,45,3,0,no,0,no,yes,
languages/mr/level/b1/index.html,course-level,Marathi B1 — B1 Marathi | EkGuru,https://ekguru.shop/languages/mr/level/b1/,"index, follow, max-snippet:-1, max-image-preview:large",yes,PUBLISHABLE_EXISTING,INTERACTIVE_LEARNING,7380,1,,,0,58,3,0,no,0,no,yes,
languages/mr/level/b2/index.html,course-level,Marathi B2 — B2 Marathi | EkGuru,https://ekguru.shop/languages/mr/level/b2/,"index, follow, max-snippet:-1, max-image-preview:large",yes,PUBLISHABLE_EXISTING,INTERACTIVE_LEARNING,7297,1,,,0,58,3,0,no,0,no,yes,
languages/mr/level/b3/index.html,course-level,Marathi B3 — not published | EkGuru,https://ekguru.shop/languages/mr/level/b3/,"noindex, follow",no,NOINDEX,RESEARCH_REQUIRED,245,1,,,0,45,3,0,no,0,no,yes,
languages/mr/level/c1/index.html,course-level,Marathi C1 — Marathi C1 Advanced Mastery | EkGuru,https://ekguru.shop/languages/mr/level/c1/,"index, follow, max-snippet:-1, max-image-preview:large",yes,PUBLISHABLE_EXISTING,INTERACTIVE_LEARNING,13019,1,,,0,58,3,0,no,0,no,yes,
languages/mr/level/c2/index.html,course-level,Marathi C2 — Marathi C2 Advanced Mastery | EkGuru,https://ekguru.shop/languages/mr/level/c2/,"index, follow, max-snippet:-1, max-image-preview:large",yes,PUBLISHABLE_EXISTING,INTERACTIVE_LEARNING,13215,1,,,0,57,3,0,no,0,no,yes,
languages/mr/level/c3/index.html,course-level,Marathi C3 — not published | EkGuru,https://ekguru.shop/languages/mr/level/c3/,"noindex, follow",no,NOINDEX,RESEARCH_REQUIRED,245,1,,,0,45,3,0,no,0,no,yes,
languages/mr/level/c4/index.html,course-level,Marathi C4 — not published | EkGuru,https://ekguru.shop/languages/mr/level/c4/,"noindex, follow",no,NOINDEX,RESEARCH_REQUIRED,245,1,,,0,45,3,0,no,0,no,yes,
languages/mr/level/c5/index.html,course-level,Marathi C5 — not published | EkGuru,https://ekguru.shop/languages/mr/level/c5/,"noindex, follow",no,NOINDEX,RESEARCH_REQUIRED,245,1,,,0,45,3,0,no,0,no,yes,
languages/mr/level/index.html,course-ladder,Marathi levels — A1 to C2 | EkGuru | EkGuru,https://ekguru.shop/languages/mr/level/,"index, follow, max-snippet:-1, max-image-preview:large",yes,PUBLISHED,INTERACTIVE_LEARNING,577,1,,,0,50,3,0,no,0,no,yes,
languages/ms/index.html,other,Learn Malay basics — free starter pack | EkGuru,https://ekguru.shop/languages/ms/,"noindex, follow",no,NOINDEX,RESEARCH_REQUIRED,471,1,,,0,43,3,0,no,0,yes,no,
languages/mt/level/a1/index.html,course-level,Maltese A1 — not published | EkGuru,https://ekguru.shop/languages/mt/level/a1/,"noindex, follow",no,PUBLIC_CONTENT_BUG,RESEARCH_REQUIRED,238,1,,,0,45,3,0,no,0,no,yes,
languages/mt/level/a2/index.html,course-level,Maltese A2 — not published | EkGuru,https://ekguru.shop/languages/mt/level/a2/,"noindex, follow",no,PUBLIC_CONTENT_BUG,RESEARCH_REQUIRED,238,1,,,0,45,3,0,no,0,no,yes,
languages/mt/level/a3/index.html,course-level,Maltese A3 — not published | EkGuru,https://ekguru.shop/languages/mt/level/a3/,"noindex, follow",no,NOINDEX,RESEARCH_REQUIRED,243,1,,,0,45,3,0,no,0,no,yes,
languages/mt/level/b1/index.html,course-level,Maltese B1 — not published | EkGuru,https://ekguru.shop/languages/mt/level/b1/,"noindex, follow",no,PUBLIC_CONTENT_BUG,RESEARCH_REQUIRED,238,1,,,0,45,3,0,no,0,no,yes,
languages/mt/level/b2/index.html,course-level,Maltese B2 — not published | EkGuru,https://ekguru.shop/languages/mt/level/b2/,"noindex, follow",no,PUBLIC_CONTENT_BUG,RESEARCH_REQUIRED,238,1,,,0,45,3,0,no,0,no,yes,
languages/mt/level/b3/index.html,course-level,Maltese B3 — not published | EkGuru,https://ekguru.shop/languages/mt/level/b3/,"noindex, follow",no,NOINDEX,RESEARCH_REQUIRED,243,1,,,0,45,3,0,no,0,no,yes,
languages/mt/level/c1/index.html,course-level,Maltese C1 — not published | EkGuru,https://ekguru.shop/languages/mt/level/c1/,"noindex, follow",no,PUBLIC_CONTENT_BUG,RESEARCH_REQUIRED,238,1,,,0,45,3,0,no,0,no,yes,
languages/mt/level/c2/index.html,course-level,Maltese C2 — not published | EkGuru,https://ekguru.shop/languages/mt/level/c2/,"noindex, follow",no,PUBLIC_CONTENT_BUG,RESEARCH_REQUIRED,238,1,,,0,45,3,0,no,0,no,yes,
languages/mt/level/c3/index.html,course-level,Maltese C3 — not published | EkGuru,https://ekguru.shop/languages/mt/level/c3/,"noindex, follow",no,NOINDEX,RESEARCH_REQUIRED,243,1,,,0,45,3,0,no,0,no,yes,
languages/mt/level/c4/index.html,course-level,Maltese C4 — not published | EkGuru,https://ekguru.shop/languages/mt/level/c4/,"noindex, follow",no,NOINDEX,RESEARCH_REQUIRED,243,1,,,0,45,3,0,no,0,no,yes,
languages/mt/level/c5/index.html,course-level,Maltese C5 — not published | EkGuru,https://ekguru.shop/languages/mt/level/c5/,"noindex, follow",no,NOINDEX,RESEARCH_REQUIRED,243,1,,,0,45,3,0,no,0,no,yes,
languages/mt/level/index.html,course-ladder,Maltese course — not published | EkGuru,https://ekguru.shop/languages/mt/level/,"noindex, follow",no,NOINDEX,RESEARCH_REQUIRED,249,1,,,0,44,3,0,no,0,no,yes,
languages/my/level/a1/index.html,course-level,Burmese A1 — not published | EkGuru,https://ekguru.shop/languages/my/level/a1/,"noindex, follow",no,PUBLIC_CONTENT_BUG,RESEARCH_REQUIRED,238,1,,,0,45,3,0,no,0,no,yes,
languages/my/level/a2/index.html,course-level,Burmese A2 — not published | EkGuru,https://ekguru.shop/languages/my/level/a2/,"noindex, follow",no,PUBLIC_CONTENT_BUG,RESEARCH_REQUIRED,238,1,,,0,45,3,0,no,0,no,yes,
languages/my/level/a3/index.html,course-level,Burmese A3 — not published | EkGuru,https://ekguru.shop/languages/my/level/a3/,"noindex, follow",no,NOINDEX,RESEARCH_REQUIRED,243,1,,,0,45,3,0,no,0,no,yes,
languages/my/level/b1/index.html,course-level,Burmese B1 — not published | EkGuru,https://ekguru.shop/languages/my/level/b1/,"noindex, follow",no,PUBLIC_CONTENT_BUG,RESEARCH_REQUIRED,238,1,,,0,45,3,0,no,0,no,yes,
languages/my/level/b2/index.html,course-level,Burmese B2 — not published | EkGuru,https://ekguru.shop/languages/my/level/b2/,"noindex, follow",no,PUBLIC_CONTENT_BUG,RESEARCH_REQUIRED,238,1,,,0,45,3,0,no,0,no,yes,
languages/my/level/b3/index.html,course-level,Burmese B3 — not published | EkGuru,https://ekguru.shop/languages/my/level/b3/,"noindex, follow",no,NOINDEX,RESEARCH_REQUIRED,243,1,,,0,45,3,0,no,0,no,yes,
languages/my/level/c1/index.html,course-level,Burmese C1 — not published | EkGuru,https://ekguru.shop/languages/my/level/c1/,"noindex, follow",no,PUBLIC_CONTENT_BUG,RESEARCH_REQUIRED,238,1,,,0,45,3,0,no,0,no,yes,
languages/my/level/c2/index.html,course-level,Burmese C2 — not published | EkGuru,https://ekguru.shop/languages/my/level/c2/,"noindex, follow",no,PUBLIC_CONTENT_BUG,RESEARCH_REQUIRED,238,1,,,0,45,3,0,no,0,no,yes,
languages/my/level/c3/index.html,course-level,Burmese C3 — not published | EkGuru,https://ekguru.shop/languages/my/level/c3/,"noindex, follow",no,NOINDEX,RESEARCH_REQUIRED,243,1,,,0,45,3,0,no,0,no,yes,
languages/my/level/c4/index.html,course-level,Burmese C4 — not published | EkGuru,https://ekguru.shop/languages/my/level/c4/,"noindex, follow",no,NOINDEX,RESEARCH_REQUIRED,243,1,,,0,45,3,0,no,0,no,yes,
languages/my/level/c5/index.html,course-level,Burmese C5 — not published | EkGuru,https://ekguru.shop/languages/my/level/c5/,"noindex, follow",no,NOINDEX,RESEARCH_REQUIRED,243,1,,,0,45,3,0,no,0,no,yes,
languages/my/level/index.html,course-ladder,Burmese course — not published | EkGuru,https://ekguru.shop/languages/my/level/,"noindex, follow",no,NOINDEX,RESEARCH_REQUIRED,249,1,,,0,44,3,0,no,0,no,yes,
languages/nl/index.html,other,Learn Dutch basics — free starter pack | EkGuru,https://ekguru.shop/languages/nl/,"noindex, follow",no,NOINDEX,RESEARCH_REQUIRED,562,1,,,0,45,3,0,no,0,yes,no,
languages/nl/level/a1/index.html,course-level,Dutch A1 — not published | EkGuru,https://ekguru.shop/languages/nl/level/a1/,"noindex, follow",no,PUBLIC_CONTENT_BUG,RESEARCH_REQUIRED,238,1,,,0,45,3,0,no,0,no,yes,
languages/nl/level/a2/index.html,course-level,Dutch A2 — not published | EkGuru,https://ekguru.shop/languages/nl/level/a2/,"noindex, follow",no,PUBLIC_CONTENT_BUG,RESEARCH_REQUIRED,238,1,,,0,45,3,0,no,0,no,yes,
languages/nl/level/a3/index.html,course-level,Dutch A3 — not published | EkGuru,https://ekguru.shop/languages/nl/level/a3/,"noindex, follow",no,NOINDEX,RESEARCH_REQUIRED,243,1,,,0,45,3,0,no,0,no,yes,
languages/nl/level/b1/index.html,course-level,Dutch B1 — not published | EkGuru,https://ekguru.shop/languages/nl/level/b1/,"noindex, follow",no,PUBLIC_CONTENT_BUG,RESEARCH_REQUIRED,238,1,,,0,45,3,0,no,0,no,yes,
languages/nl/level/b2/index.html,course-level,Dutch B2 — not published | EkGuru,https://ekguru.shop/languages/nl/level/b2/,"noindex, follow",no,PUBLIC_CONTENT_BUG,RESEARCH_REQUIRED,238,1,,,0,45,3,0,no,0,no,yes,
languages/nl/level/b3/index.html,course-level,Dutch B3 — not published | EkGuru,https://ekguru.shop/languages/nl/level/b3/,"noindex, follow",no,NOINDEX,RESEARCH_REQUIRED,243,1,,,0,45,3,0,no,0,no,yes,
languages/nl/level/c1/index.html,course-level,Dutch C1 — not published | EkGuru,https://ekguru.shop/languages/nl/level/c1/,"noindex, follow",no,PUBLIC_CONTENT_BUG,RESEARCH_REQUIRED,238,1,,,0,45,3,0,no,0,no,yes,
languages/nl/level/c2/index.html,course-level,Dutch C2 — not published | EkGuru,https://ekguru.shop/languages/nl/level/c2/,"noindex, follow",no,PUBLIC_CONTENT_BUG,RESEARCH_REQUIRED,238,1,,,0,45,3,0,no,0,no,yes,
languages/nl/level/c3/index.html,course-level,Dutch C3 — not published | EkGuru,https://ekguru.shop/languages/nl/level/c3/,"noindex, follow",no,NOINDEX,RESEARCH_REQUIRED,243,1,,,0,45,3,0,no,0,no,yes,
languages/nl/level/c4/index.html,course-level,Dutch C4 — not published | EkGuru,https://ekguru.shop/languages/nl/level/c4/,"noindex, follow",no,NOINDEX,RESEARCH_REQUIRED,243,1,,,0,45,3,0,no,0,no,yes,
languages/nl/level/c5/index.html,course-level,Dutch C5 — not published | EkGuru,https://ekguru.shop/languages/nl/level/c5/,"noindex, follow",no,NOINDEX,RESEARCH_REQUIRED,243,1,,,0,45,3,0,no,0,no,yes,
languages/nl/level/index.html,course-ladder,Dutch course — not published | EkGuru,https://ekguru.shop/languages/nl/level/,"noindex, follow",no,NOINDEX,RESEARCH_REQUIRED,249,1,,,0,44,3,0,no,0,no,yes,
languages/no/level/a1/index.html,course-level,Norwegian A1 — not published | EkGuru,https://ekguru.shop/languages/no/level/a1/,"noindex, follow",no,PUBLIC_CONTENT_BUG,RESEARCH_REQUIRED,238,1,,,0,45,3,0,no,0,no,yes,
languages/no/level/a2/index.html,course-level,Norwegian A2 — not published | EkGuru,https://ekguru.shop/languages/no/level/a2/,"noindex, follow",no,PUBLIC_CONTENT_BUG,RESEARCH_REQUIRED,238,1,,,0,45,3,0,no,0,no,yes,
languages/no/level/a3/index.html,course-level,Norwegian A3 — not published | EkGuru,https://ekguru.shop/languages/no/level/a3/,"noindex, follow",no,NOINDEX,RESEARCH_REQUIRED,243,1,,,0,45,3,0,no,0,no,yes,
languages/no/level/b1/index.html,course-level,Norwegian B1 — not published | EkGuru,https://ekguru.shop/languages/no/level/b1/,"noindex, follow",no,PUBLIC_CONTENT_BUG,RESEARCH_REQUIRED,238,1,,,0,45,3,0,no,0,no,yes,
languages/no/level/b2/index.html,course-level,Norwegian B2 — not published | EkGuru,https://ekguru.shop/languages/no/level/b2/,"noindex, follow",no,PUBLIC_CONTENT_BUG,RESEARCH_REQUIRED,238,1,,,0,45,3,0,no,0,no,yes,
languages/no/level/b3/index.html,course-level,Norwegian B3 — not published | EkGuru,https://ekguru.shop/languages/no/level/b3/,"noindex, follow",no,NOINDEX,RESEARCH_REQUIRED,243,1,,,0,45,3,0,no,0,no,yes,
languages/no/level/c1/index.html,course-level,Norwegian C1 — not published | EkGuru,https://ekguru.shop/languages/no/level/c1/,"noindex, follow",no,PUBLIC_CONTENT_BUG,RESEARCH_REQUIRED,238,1,,,0,45,3,0,no,0,no,yes,
languages/no/level/c2/index.html,course-level,Norwegian C2 — not published | EkGuru,https://ekguru.shop/languages/no/level/c2/,"noindex, follow",no,PUBLIC_CONTENT_BUG,RESEARCH_REQUIRED,238,1,,,0,45,3,0,no,0,no,yes,
languages/no/level/c3/index.html,course-level,Norwegian C3 — not published | EkGuru,https://ekguru.shop/languages/no/level/c3/,"noindex, follow",no,NOINDEX,RESEARCH_REQUIRED,243,1,,,0,45,3,0,no,0,no,yes,
languages/no/level/c4/index.html,course-level,Norwegian C4 — not published | EkGuru,https://ekguru.shop/languages/no/level/c4/,"noindex, follow",no,NOINDEX,RESEARCH_REQUIRED,243,1,,,0,45,3,0,no,0,no,yes,
languages/no/level/c5/index.html,course-level,Norwegian C5 — not published | EkGuru,https://ekguru.shop/languages/no/level/c5/,"noindex, follow",no,NOINDEX,RESEARCH_REQUIRED,243,1,,,0,45,3,0,no,0,no,yes,
languages/no/level/index.html,course-ladder,Norwegian course — not published | EkGuru,https://ekguru.shop/languages/no/level/,"noindex, follow",no,NOINDEX,RESEARCH_REQUIRED,249,1,,,0,44,3,0,no,0,no,yes,
languages/npi/level/a1/index.html,course-level,Nepali A1 — not published | EkGuru,https://ekguru.shop/languages/npi/level/a1/,"noindex, follow",no,PUBLIC_CONTENT_BUG,RESEARCH_REQUIRED,238,1,,,0,45,3,0,no,0,no,yes,
languages/npi/level/a2/index.html,course-level,Nepali A2 — not published | EkGuru,https://ekguru.shop/languages/npi/level/a2/,"noindex, follow",no,PUBLIC_CONTENT_BUG,RESEARCH_REQUIRED,238,1,,,0,45,3,0,no,0,no,yes,
languages/npi/level/a3/index.html,course-level,Nepali A3 — not published | EkGuru,https://ekguru.shop/languages/npi/level/a3/,"noindex, follow",no,NOINDEX,RESEARCH_REQUIRED,243,1,,,0,45,3,0,no,0,no,yes,
languages/npi/level/b1/index.html,course-level,Nepali B1 — not published | EkGuru,https://ekguru.shop/languages/npi/level/b1/,"noindex, follow",no,PUBLIC_CONTENT_BUG,RESEARCH_REQUIRED,238,1,,,0,45,3,0,no,0,no,yes,
languages/npi/level/b2/index.html,course-level,Nepali B2 — not published | EkGuru,https://ekguru.shop/languages/npi/level/b2/,"noindex, follow",no,PUBLIC_CONTENT_BUG,RESEARCH_REQUIRED,238,1,,,0,45,3,0,no,0,no,yes,
languages/npi/level/b3/index.html,course-level,Nepali B3 — not published | EkGuru,https://ekguru.shop/languages/npi/level/b3/,"noindex, follow",no,NOINDEX,RESEARCH_REQUIRED,243,1,,,0,45,3,0,no,0,no,yes,
languages/npi/level/c1/index.html,course-level,Nepali C1 — not published | EkGuru,https://ekguru.shop/languages/npi/level/c1/,"noindex, follow",no,PUBLIC_CONTENT_BUG,RESEARCH_REQUIRED,238,1,,,0,45,3,0,no,0,no,yes,
languages/npi/level/c2/index.html,course-level,Nepali C2 — not published | EkGuru,https://ekguru.shop/languages/npi/level/c2/,"noindex, follow",no,PUBLIC_CONTENT_BUG,RESEARCH_REQUIRED,238,1,,,0,45,3,0,no,0,no,yes,
languages/npi/level/c3/index.html,course-level,Nepali C3 — not published | EkGuru,https://ekguru.shop/languages/npi/level/c3/,"noindex, follow",no,NOINDEX,RESEARCH_REQUIRED,243,1,,,0,45,3,0,no,0,no,yes,
languages/npi/level/c4/index.html,course-level,Nepali C4 — not published | EkGuru,https://ekguru.shop/languages/npi/level/c4/,"noindex, follow",no,NOINDEX,RESEARCH_REQUIRED,243,1,,,0,45,3,0,no,0,no,yes,
languages/npi/level/c5/index.html,course-level,Nepali C5 — not published | EkGuru,https://ekguru.shop/languages/npi/level/c5/,"noindex, follow",no,NOINDEX,RESEARCH_REQUIRED,243,1,,,0,45,3,0,no,0,no,yes,
languages/npi/level/index.html,course-ladder,Nepali course — not published | EkGuru,https://ekguru.shop/languages/npi/level/,"noindex, follow",no,NOINDEX,RESEARCH_REQUIRED,249,1,,,0,44,3,0,no,0,no,yes,
languages/pa/index.html,other,Learn Punjabi basics — free starter pack | EkGuru,https://ekguru.shop/learn/punjabi/,"noindex, follow",no,NOINDEX,RESEARCH_REQUIRED,436,1,,,0,44,3,0,no,0,yes,no,
languages/pa/level/a1/index.html,course-level,"Punjabi A1 — Starter: greetings, ਹੈ, first verbs | EkGuru",https://ekguru.shop/languages/pa/level/a1/,"index, follow, max-snippet:-1, max-image-preview:large",yes,PUBLISHABLE_EXISTING,INTERACTIVE_LEARNING,7480,1,,,0,58,3,0,no,0,no,yes,
languages/pa/level/a2/index.html,course-level,Punjabi A2 — A2 Elementary Punjabi | EkGuru,https://ekguru.shop/languages/pa/level/a2/,"index, follow, max-snippet:-1, max-image-preview:large",yes,PUBLISHABLE_EXISTING,INTERACTIVE_LEARNING,7681,1,,,0,58,3,0,no,0,no,yes,
languages/pa/level/a3/index.html,course-level,Punjabi A3 — not published | EkGuru,https://ekguru.shop/languages/pa/level/a3/,"noindex, follow",no,NOINDEX,RESEARCH_REQUIRED,245,1,,,0,45,3,0,no,0,no,yes,
languages/pa/level/b1/index.html,course-level,Punjabi B1 — B1 Intermediate Punjabi | EkGuru,https://ekguru.shop/languages/pa/level/b1/,"index, follow, max-snippet:-1, max-image-preview:large",yes,PUBLISHABLE_EXISTING,INTERACTIVE_LEARNING,8023,1,,,0,58,3,0,no,0,no,yes,
languages/pa/level/b2/index.html,course-level,Punjabi B2 — B2 Upper-Intermediate Punjabi | EkGuru,https://ekguru.shop/languages/pa/level/b2/,"index, follow, max-snippet:-1, max-image-preview:large",yes,PUBLISHABLE_EXISTING,INTERACTIVE_LEARNING,8401,1,,,0,58,3,0,no,0,no,yes,
languages/pa/level/b3/index.html,course-level,Punjabi B3 — not published | EkGuru,https://ekguru.shop/languages/pa/level/b3/,"noindex, follow",no,NOINDEX,RESEARCH_REQUIRED,245,1,,,0,45,3,0,no,0,no,yes,
languages/pa/level/c1/index.html,course-level,Punjabi C1 — Punjabi C1 Advanced Mastery | EkGuru,https://ekguru.shop/languages/pa/level/c1/,"index, follow, max-snippet:-1, max-image-preview:large",yes,PUBLISHABLE_EXISTING,INTERACTIVE_LEARNING,13123,1,,,0,58,3,0,no,0,no,yes,
languages/pa/level/c2/index.html,course-level,Punjabi C2 — Punjabi C2 Advanced Mastery | EkGuru,https://ekguru.shop/languages/pa/level/c2/,"index, follow, max-snippet:-1, max-image-preview:large",yes,PUBLISHABLE_EXISTING,INTERACTIVE_LEARNING,13771,1,,,0,57,3,0,no,0,no,yes,
languages/pa/level/c3/index.html,course-level,Punjabi C3 — not published | EkGuru,https://ekguru.shop/languages/pa/level/c3/,"noindex, follow",no,NOINDEX,RESEARCH_REQUIRED,245,1,,,0,45,3,0,no,0,no,yes,
languages/pa/level/c4/index.html,course-level,Punjabi C4 — not published | EkGuru,https://ekguru.shop/languages/pa/level/c4/,"noindex, follow",no,NOINDEX,RESEARCH_REQUIRED,245,1,,,0,45,3,0,no,0,no,yes,
languages/pa/level/c5/index.html,course-level,Punjabi C5 — not published | EkGuru,https://ekguru.shop/languages/pa/level/c5/,"noindex, follow",no,NOINDEX,RESEARCH_REQUIRED,245,1,,,0,45,3,0,no,0,no,yes,
languages/pa/level/index.html,course-ladder,Punjabi levels — A1 to C2 | EkGuru | EkGuru,https://ekguru.shop/languages/pa/level/,"index, follow, max-snippet:-1, max-image-preview:large",yes,PUBLISHED,INTERACTIVE_LEARNING,584,1,,,0,50,3,0,no,0,no,yes,
languages/pl/index.html,other,Learn Polish basics — free starter pack | EkGuru,https://ekguru.shop/languages/pl/,"noindex, follow",no,NOINDEX,RESEARCH_REQUIRED,563,1,,,0,45,3,0,no,0,yes,no,
languages/pl/level/a1/index.html,course-level,Polish A1 — not published | EkGuru,https://ekguru.shop/languages/pl/level/a1/,"noindex, follow",no,PUBLIC_CONTENT_BUG,RESEARCH_REQUIRED,238,1,,,0,45,3,0,no,0,no,yes,
languages/pl/level/a2/index.html,course-level,Polish A2 — not published | EkGuru,https://ekguru.shop/languages/pl/level/a2/,"noindex, follow",no,PUBLIC_CONTENT_BUG,RESEARCH_REQUIRED,238,1,,,0,45,3,0,no,0,no,yes,
languages/pl/level/a3/index.html,course-level,Polish A3 — not published | EkGuru,https://ekguru.shop/languages/pl/level/a3/,"noindex, follow",no,NOINDEX,RESEARCH_REQUIRED,243,1,,,0,45,3,0,no,0,no,yes,
languages/pl/level/b1/index.html,course-level,Polish B1 — not published | EkGuru,https://ekguru.shop/languages/pl/level/b1/,"noindex, follow",no,PUBLIC_CONTENT_BUG,RESEARCH_REQUIRED,238,1,,,0,45,3,0,no,0,no,yes,
languages/pl/level/b2/index.html,course-level,Polish B2 — not published | EkGuru,https://ekguru.shop/languages/pl/level/b2/,"noindex, follow",no,PUBLIC_CONTENT_BUG,RESEARCH_REQUIRED,238,1,,,0,45,3,0,no,0,no,yes,
languages/pl/level/b3/index.html,course-level,Polish B3 — not published | EkGuru,https://ekguru.shop/languages/pl/level/b3/,"noindex, follow",no,NOINDEX,RESEARCH_REQUIRED,243,1,,,0,45,3,0,no,0,no,yes,
languages/pl/level/c1/index.html,course-level,Polish C1 — not published | EkGuru,https://ekguru.shop/languages/pl/level/c1/,"noindex, follow",no,PUBLIC_CONTENT_BUG,RESEARCH_REQUIRED,238,1,,,0,45,3,0,no,0,no,yes,
languages/pl/level/c2/index.html,course-level,Polish C2 — not published | EkGuru,https://ekguru.shop/languages/pl/level/c2/,"noindex, follow",no,PUBLIC_CONTENT_BUG,RESEARCH_REQUIRED,238,1,,,0,45,3,0,no,0,no,yes,
languages/pl/level/c3/index.html,course-level,Polish C3 — not published | EkGuru,https://ekguru.shop/languages/pl/level/c3/,"noindex, follow",no,NOINDEX,RESEARCH_REQUIRED,243,1,,,0,45,3,0,no,0,no,yes,
languages/pl/level/c4/index.html,course-level,Polish C4 — not published | EkGuru,https://ekguru.shop/languages/pl/level/c4/,"noindex, follow",no,NOINDEX,RESEARCH_REQUIRED,243,1,,,0,45,3,0,no,0,no,yes,
languages/pl/level/c5/index.html,course-level,Polish C5 — not published | EkGuru,https://ekguru.shop/languages/pl/level/c5/,"noindex, follow",no,NOINDEX,RESEARCH_REQUIRED,243,1,,,0,45,3,0,no,0,no,yes,
languages/pl/level/index.html,course-ladder,Polish course — not published | EkGuru,https://ekguru.shop/languages/pl/level/,"noindex, follow",no,NOINDEX,RESEARCH_REQUIRED,249,1,,,0,44,3,0,no,0,no,yes,
languages/ps/level/a1/index.html,course-level,Pashto A1 — not published | EkGuru,https://ekguru.shop/languages/ps/level/a1/,"noindex, follow",no,PUBLIC_CONTENT_BUG,RESEARCH_REQUIRED,238,1,,,0,45,3,0,no,0,no,yes,
languages/ps/level/a2/index.html,course-level,Pashto A2 — not published | EkGuru,https://ekguru.shop/languages/ps/level/a2/,"noindex, follow",no,PUBLIC_CONTENT_BUG,RESEARCH_REQUIRED,238,1,,,0,45,3,0,no,0,no,yes,
languages/ps/level/a3/index.html,course-level,Pashto A3 — not published | EkGuru,https://ekguru.shop/languages/ps/level/a3/,"noindex, follow",no,NOINDEX,RESEARCH_REQUIRED,243,1,,,0,45,3,0,no,0,no,yes,
languages/ps/level/b1/index.html,course-level,Pashto B1 — not published | EkGuru,https://ekguru.shop/languages/ps/level/b1/,"noindex, follow",no,PUBLIC_CONTENT_BUG,RESEARCH_REQUIRED,238,1,,,0,45,3,0,no,0,no,yes,
languages/ps/level/b2/index.html,course-level,Pashto B2 — not published | EkGuru,https://ekguru.shop/languages/ps/level/b2/,"noindex, follow",no,PUBLIC_CONTENT_BUG,RESEARCH_REQUIRED,238,1,,,0,45,3,0,no,0,no,yes,
languages/ps/level/b3/index.html,course-level,Pashto B3 — not published | EkGuru,https://ekguru.shop/languages/ps/level/b3/,"noindex, follow",no,NOINDEX,RESEARCH_REQUIRED,243,1,,,0,45,3,0,no,0,no,yes,
languages/ps/level/c1/index.html,course-level,Pashto C1 — not published | EkGuru,https://ekguru.shop/languages/ps/level/c1/,"noindex, follow",no,PUBLIC_CONTENT_BUG,RESEARCH_REQUIRED,238,1,,,0,45,3,0,no,0,no,yes,
languages/ps/level/c2/index.html,course-level,Pashto C2 — not published | EkGuru,https://ekguru.shop/languages/ps/level/c2/,"noindex, follow",no,PUBLIC_CONTENT_BUG,RESEARCH_REQUIRED,238,1,,,0,45,3,0,no,0,no,yes,
languages/ps/level/c3/index.html,course-level,Pashto C3 — not published | EkGuru,https://ekguru.shop/languages/ps/level/c3/,"noindex, follow",no,NOINDEX,RESEARCH_REQUIRED,243,1,,,0,45,3,0,no,0,no,yes,
languages/ps/level/c4/index.html,course-level,Pashto C4 — not published | EkGuru,https://ekguru.shop/languages/ps/level/c4/,"noindex, follow",no,NOINDEX,RESEARCH_REQUIRED,243,1,,,0,45,3,0,no,0,no,yes,
languages/ps/level/c5/index.html,course-level,Pashto C5 — not published | EkGuru,https://ekguru.shop/languages/ps/level/c5/,"noindex, follow",no,NOINDEX,RESEARCH_REQUIRED,243,1,,,0,45,3,0,no,0,no,yes,
languages/ps/level/index.html,course-ladder,Pashto course — not published | EkGuru,https://ekguru.shop/languages/ps/level/,"noindex, follow",no,NOINDEX,RESEARCH_REQUIRED,249,1,,,0,44,3,0,no,0,no,yes,
languages/pt/course/index.html,other,Learn Portuguese — free course | EkGuru,https://ekguru.shop/languages/pt/course/,"index, follow, max-snippet:-1, max-image-preview:large",yes,PUBLISHED,HIGH_CONTENT,659,1,,,0,60,3,0,no,0,yes,yes,
languages/pt/index.html,other,Learn Portuguese basics — free starter pack | EkGuru,https://ekguru.shop/languages/pt/,"index, follow, max-snippet:-1, max-image-preview:large",yes,PUBLISHED,HIGH_CONTENT,437,1,,,0,43,3,0,no,0,yes,no,
languages/pt/lessons/food-and-ordering/index.html,other,Portuguese Food and Ordering — Portuguese Course | EkGuru,https://ekguru.shop/languages/pt/lessons/food-and-ordering/,"index, follow, max-snippet:-1, max-image-preview:large",yes,PUBLISHED,HIGH_CONTENT,569,1,,,0,48,3,0,no,0,yes,yes,
languages/pt/lessons/greetings-and-introductions/index.html,other,Portuguese Greetings and Introductions — Portugues | EkGuru,https://ekguru.shop/languages/pt/lessons/greetings-and-introductions/,"index, follow, max-snippet:-1, max-image-preview:large",yes,PUBLISHED,HIGH_CONTENT,574,1,,,0,48,3,0,no,0,yes,yes,
languages/pt/lessons/nouns-gender-and-articles/index.html,other,"Portuguese Nouns, Gender and Articles — Portuguese | EkGuru",https://ekguru.shop/languages/pt/lessons/nouns-gender-and-articles/,"index, follow, max-snippet:-1, max-image-preview:large",yes,PUBLISHED,HIGH_CONTENT,568,1,,,0,48,3,0,no,0,yes,yes,
languages/pt/lessons/numbers-1-to-20/index.html,other,Portuguese Numbers 1 to 20 — Portuguese Course | EkGuru,https://ekguru.shop/languages/pt/lessons/numbers-1-to-20/,"index, follow, max-snippet:-1, max-image-preview:large",yes,PUBLISHED,HIGH_CONTENT,555,1,,,0,48,3,0,no,0,yes,yes,
languages/pt/lessons/present-tense-regular-verbs/index.html,other,Portuguese Present Tense — Regular Verbs — Portugu | EkGuru,https://ekguru.shop/languages/pt/lessons/present-tense-regular-verbs/,"index, follow, max-snippet:-1, max-image-preview:large",yes,PUBLISHED,HIGH_CONTENT,540,1,,,0,48,3,0,no,0,yes,yes,
languages/pt/lessons/ser-and-estar/index.html,other,Ser and Estar — Two Verbs for To Be — Portuguese Course | EkGuru,https://ekguru.shop/languages/pt/lessons/ser-and-estar/,"index, follow, max-snippet:-1, max-image-preview:large",yes,PUBLISHED,HIGH_CONTENT,575,1,,,0,48,3,0,no,0,yes,yes,
languages/pt/level/a1/index.html,course-level,"Portuguese A1 — Beginner: first words, family, food | EkGuru",https://ekguru.shop/languages/pt/level/a1/,"index, follow, max-snippet:-1, max-image-preview:large",yes,PUBLISHABLE_EXISTING,INTERACTIVE_LEARNING,7988,1,,,0,57,3,0,no,0,no,yes,
languages/pt/level/a2/index.html,course-level,"Portuguese A2 — Elementary: city, travel, routines, health | EkGuru",https://ekguru.shop/languages/pt/level/a2/,"index, follow, max-snippet:-1, max-image-preview:large",yes,PUBLISHABLE_EXISTING,INTERACTIVE_LEARNING,8074,1,,,0,57,3,0,no,0,no,yes,
languages/pt/level/a3/index.html,course-level,Portuguese A3 — not published | EkGuru,https://ekguru.shop/languages/pt/level/a3/,"noindex, follow",no,NOINDEX,RESEARCH_REQUIRED,245,1,,,0,45,3,0,no,0,no,yes,
languages/pt/level/b1/index.html,course-level,"Portuguese B1 — Intermediate: stories, opinions, work, plans | EkGuru",https://ekguru.shop/languages/pt/level/b1/,"index, follow, max-snippet:-1, max-image-preview:large",yes,PUBLISHABLE_EXISTING,INTERACTIVE_LEARNING,8284,1,,,0,57,3,0,no,0,no,yes,
languages/pt/level/b2/index.html,course-level,"Portuguese B2 — Advanced: fluency, debate, culture | EkGuru",https://ekguru.shop/languages/pt/level/b2/,"index, follow, max-snippet:-1, max-image-preview:large",yes,PUBLISHABLE_EXISTING,INTERACTIVE_LEARNING,8543,1,,,0,56,3,0,no,0,no,yes,
languages/pt/level/b3/index.html,course-level,Portuguese B3 — not published | EkGuru,https://ekguru.shop/languages/pt/level/b3/,"noindex, follow",no,NOINDEX,RESEARCH_REQUIRED,245,1,,,0,45,3,0,no,0,no,yes,
languages/pt/level/c1/index.html,course-level,Portuguese C1 — not published | EkGuru,https://ekguru.shop/languages/pt/level/c1/,"noindex, follow",no,PUBLIC_CONTENT_BUG,RESEARCH_REQUIRED,240,1,,,0,45,3,0,no,0,no,yes,
languages/pt/level/c2/index.html,course-level,Portuguese C2 — not published | EkGuru,https://ekguru.shop/languages/pt/level/c2/,"noindex, follow",no,PUBLIC_CONTENT_BUG,RESEARCH_REQUIRED,240,1,,,0,45,3,0,no,0,no,yes,
languages/pt/level/c3/index.html,course-level,Portuguese C3 — not published | EkGuru,https://ekguru.shop/languages/pt/level/c3/,"noindex, follow",no,NOINDEX,RESEARCH_REQUIRED,245,1,,,0,45,3,0,no,0,no,yes,
languages/pt/level/c4/index.html,course-level,Portuguese C4 — not published | EkGuru,https://ekguru.shop/languages/pt/level/c4/,"noindex, follow",no,NOINDEX,RESEARCH_REQUIRED,245,1,,,0,45,3,0,no,0,no,yes,
languages/pt/level/c5/index.html,course-level,Portuguese C5 — not published | EkGuru,https://ekguru.shop/languages/pt/level/c5/,"noindex, follow",no,NOINDEX,RESEARCH_REQUIRED,245,1,,,0,45,3,0,no,0,no,yes,
languages/pt/level/index.html,course-ladder,"Portuguese levels — A1, A2, B1, B2 available | EkGuru | EkGuru",https://ekguru.shop/languages/pt/level/,"index, follow, max-snippet:-1, max-image-preview:large",yes,PUBLISHED,INTERACTIVE_LEARNING,556,1,,,0,50,3,0,no,0,no,yes,
languages/pt/practice/index.html,other,Portuguese Practice — Vocabulary & Grammar Drills | EkGuru,https://ekguru.shop/languages/pt/practice/,"index, follow, max-snippet:-1, max-image-preview:large",yes,PUBLISHED,INTERACTIVE_LEARNING,385,1,,,0,43,3,0,no,0,yes,yes,
languages/pt/quiz/index.html,other,Portuguese Quiz — Topic Questions with Explanations | EkGuru,https://ekguru.shop/languages/pt/quiz/,"index, follow, max-snippet:-1, max-image-preview:large",yes,PUBLISHED,INTERACTIVE_LEARNING,381,1,,,0,43,3,0,no,0,yes,yes,
languages/pt/review/index.html,other,Portuguese Review — spaced repetition | EkGuru,https://ekguru.shop/languages/pt/review/,"noindex, follow",no,NOINDEX,RESEARCH_REQUIRED,372,1,,,0,43,3,0,no,0,yes,yes,
languages/qu/level/a1/index.html,course-level,Quechua A1 — not published | EkGuru,https://ekguru.shop/languages/qu/level/a1/,"noindex, follow",no,PUBLIC_CONTENT_BUG,RESEARCH_REQUIRED,238,1,,,0,45,3,0,no,0,no,yes,
languages/qu/level/a2/index.html,course-level,Quechua A2 — not published | EkGuru,https://ekguru.shop/languages/qu/level/a2/,"noindex, follow",no,PUBLIC_CONTENT_BUG,RESEARCH_REQUIRED,238,1,,,0,45,3,0,no,0,no,yes,
languages/qu/level/a3/index.html,course-level,Quechua A3 — not published | EkGuru,https://ekguru.shop/languages/qu/level/a3/,"noindex, follow",no,NOINDEX,RESEARCH_REQUIRED,243,1,,,0,45,3,0,no,0,no,yes,
languages/qu/level/b1/index.html,course-level,Quechua B1 — not published | EkGuru,https://ekguru.shop/languages/qu/level/b1/,"noindex, follow",no,PUBLIC_CONTENT_BUG,RESEARCH_REQUIRED,238,1,,,0,45,3,0,no,0,no,yes,
languages/qu/level/b2/index.html,course-level,Quechua B2 — not published | EkGuru,https://ekguru.shop/languages/qu/level/b2/,"noindex, follow",no,PUBLIC_CONTENT_BUG,RESEARCH_REQUIRED,238,1,,,0,45,3,0,no,0,no,yes,
languages/qu/level/b3/index.html,course-level,Quechua B3 — not published | EkGuru,https://ekguru.shop/languages/qu/level/b3/,"noindex, follow",no,NOINDEX,RESEARCH_REQUIRED,243,1,,,0,45,3,0,no,0,no,yes,
languages/qu/level/c1/index.html,course-level,Quechua C1 — not published | EkGuru,https://ekguru.shop/languages/qu/level/c1/,"noindex, follow",no,PUBLIC_CONTENT_BUG,RESEARCH_REQUIRED,238,1,,,0,45,3,0,no,0,no,yes,
languages/qu/level/c2/index.html,course-level,Quechua C2 — not published | EkGuru,https://ekguru.shop/languages/qu/level/c2/,"noindex, follow",no,PUBLIC_CONTENT_BUG,RESEARCH_REQUIRED,238,1,,,0,45,3,0,no,0,no,yes,
languages/qu/level/c3/index.html,course-level,Quechua C3 — not published | EkGuru,https://ekguru.shop/languages/qu/level/c3/,"noindex, follow",no,NOINDEX,RESEARCH_REQUIRED,243,1,,,0,45,3,0,no,0,no,yes,
languages/qu/level/c4/index.html,course-level,Quechua C4 — not published | EkGuru,https://ekguru.shop/languages/qu/level/c4/,"noindex, follow",no,NOINDEX,RESEARCH_REQUIRED,243,1,,,0,45,3,0,no,0,no,yes,
languages/qu/level/c5/index.html,course-level,Quechua C5 — not published | EkGuru,https://ekguru.shop/languages/qu/level/c5/,"noindex, follow",no,NOINDEX,RESEARCH_REQUIRED,243,1,,,0,45,3,0,no,0,no,yes,
languages/qu/level/index.html,course-ladder,Quechua course — not published | EkGuru,https://ekguru.shop/languages/qu/level/,"noindex, follow",no,NOINDEX,RESEARCH_REQUIRED,249,1,,,0,44,3,0,no,0,no,yes,
languages/ro/level/a1/index.html,course-level,Romanian A1 — not published | EkGuru,https://ekguru.shop/languages/ro/level/a1/,"noindex, follow",no,PUBLIC_CONTENT_BUG,RESEARCH_REQUIRED,238,1,,,0,45,3,0,no,0,no,yes,
languages/ro/level/a2/index.html,course-level,Romanian A2 — not published | EkGuru,https://ekguru.shop/languages/ro/level/a2/,"noindex, follow",no,PUBLIC_CONTENT_BUG,RESEARCH_REQUIRED,238,1,,,0,45,3,0,no,0,no,yes,
languages/ro/level/a3/index.html,course-level,Romanian A3 — not published | EkGuru,https://ekguru.shop/languages/ro/level/a3/,"noindex, follow",no,NOINDEX,RESEARCH_REQUIRED,243,1,,,0,45,3,0,no,0,no,yes,
languages/ro/level/b1/index.html,course-level,Romanian B1 — not published | EkGuru,https://ekguru.shop/languages/ro/level/b1/,"noindex, follow",no,PUBLIC_CONTENT_BUG,RESEARCH_REQUIRED,238,1,,,0,45,3,0,no,0,no,yes,
languages/ro/level/b2/index.html,course-level,Romanian B2 — not published | EkGuru,https://ekguru.shop/languages/ro/level/b2/,"noindex, follow",no,PUBLIC_CONTENT_BUG,RESEARCH_REQUIRED,238,1,,,0,45,3,0,no,0,no,yes,
languages/ro/level/b3/index.html,course-level,Romanian B3 — not published | EkGuru,https://ekguru.shop/languages/ro/level/b3/,"noindex, follow",no,NOINDEX,RESEARCH_REQUIRED,243,1,,,0,45,3,0,no,0,no,yes,
languages/ro/level/c1/index.html,course-level,Romanian C1 — not published | EkGuru,https://ekguru.shop/languages/ro/level/c1/,"noindex, follow",no,PUBLIC_CONTENT_BUG,RESEARCH_REQUIRED,238,1,,,0,45,3,0,no,0,no,yes,
languages/ro/level/c2/index.html,course-level,Romanian C2 — not published | EkGuru,https://ekguru.shop/languages/ro/level/c2/,"noindex, follow",no,PUBLIC_CONTENT_BUG,RESEARCH_REQUIRED,238,1,,,0,45,3,0,no,0,no,yes,
languages/ro/level/c3/index.html,course-level,Romanian C3 — not published | EkGuru,https://ekguru.shop/languages/ro/level/c3/,"noindex, follow",no,NOINDEX,RESEARCH_REQUIRED,243,1,,,0,45,3,0,no,0,no,yes,
languages/ro/level/c4/index.html,course-level,Romanian C4 — not published | EkGuru,https://ekguru.shop/languages/ro/level/c4/,"noindex, follow",no,NOINDEX,RESEARCH_REQUIRED,243,1,,,0,45,3,0,no,0,no,yes,
languages/ro/level/c5/index.html,course-level,Romanian C5 — not published | EkGuru,https://ekguru.shop/languages/ro/level/c5/,"noindex, follow",no,NOINDEX,RESEARCH_REQUIRED,243,1,,,0,45,3,0,no,0,no,yes,
languages/ro/level/index.html,course-ladder,Romanian course — not published | EkGuru,https://ekguru.shop/languages/ro/level/,"noindex, follow",no,NOINDEX,RESEARCH_REQUIRED,249,1,,,0,44,3,0,no,0,no,yes,
languages/ru/course/index.html,other,Learn Russian — free course | EkGuru,https://ekguru.shop/languages/ru/course/,"index, follow, max-snippet:-1, max-image-preview:large",yes,PUBLISHED,HIGH_CONTENT,656,1,,,0,60,3,0,no,0,yes,yes,
languages/ru/index.html,other,Learn Russian basics — free starter pack | EkGuru,https://ekguru.shop/languages/ru/,"index, follow, max-snippet:-1, max-image-preview:large",yes,PUBLISHED,HIGH_CONTENT,438,1,,,0,43,3,0,no,0,yes,no,
languages/ru/lessons/byt-and-imet/index.html,other,Быть and У меня есть — Being and Having — Russian Course | EkGuru,https://ekguru.shop/languages/ru/lessons/byt-and-imet/,"index, follow, max-snippet:-1, max-image-preview:large",yes,PUBLISHED,HIGH_CONTENT,627,1,,,0,48,3,0,no,0,yes,yes,
languages/ru/lessons/food-and-ordering/index.html,other,Russian Food and Ordering — Russian Course | EkGuru,https://ekguru.shop/languages/ru/lessons/food-and-ordering/,"index, follow, max-snippet:-1, max-image-preview:large",yes,PUBLISHED,HIGH_CONTENT,530,1,,,0,48,3,0,no,0,yes,yes,
languages/ru/lessons/greetings-and-introductions/index.html,other,Russian Greetings and Introductions — Russian Course | EkGuru,https://ekguru.shop/languages/ru/lessons/greetings-and-introductions/,"index, follow, max-snippet:-1, max-image-preview:large",yes,PUBLISHED,HIGH_CONTENT,550,1,,,0,48,3,0,no,0,yes,yes,
languages/ru/lessons/nouns-gender-and-cases/index.html,other,"Russian Nouns, Gender and Cases — Russian Course | EkGuru",https://ekguru.shop/languages/ru/lessons/nouns-gender-and-cases/,"index, follow, max-snippet:-1, max-image-preview:large",yes,PUBLISHED,HIGH_CONTENT,580,1,,,0,48,3,0,no,0,yes,yes,
languages/ru/lessons/numbers-1-to-20/index.html,other,Russian Numbers 1 to 20 — Russian Course | EkGuru,https://ekguru.shop/languages/ru/lessons/numbers-1-to-20/,"index, follow, max-snippet:-1, max-image-preview:large",yes,PUBLISHED,HIGH_CONTENT,545,1,,,0,48,3,0,no,0,yes,yes,
languages/ru/lessons/present-tense-verbs/index.html,other,Russian Present Tense — Verbs — Russian Course | EkGuru,https://ekguru.shop/languages/ru/lessons/present-tense-verbs/,"index, follow, max-snippet:-1, max-image-preview:large",yes,PUBLISHED,HIGH_CONTENT,514,1,,,0,48,3,0,no,0,yes,yes,
languages/ru/level/a1/index.html,course-level,"Russian A1 — Starter: greetings, gender, first verbs | EkGuru",https://ekguru.shop/languages/ru/level/a1/,"index, follow, max-snippet:-1, max-image-preview:large",yes,PUBLISHABLE_EXISTING,INTERACTIVE_LEARNING,7892,1,,,0,57,3,0,no,0,no,yes,
languages/ru/level/a2/index.html,course-level,"Russian A2 — Elementary: past, future, cases, food | EkGuru",https://ekguru.shop/languages/ru/level/a2/,"index, follow, max-snippet:-1, max-image-preview:large",yes,PUBLISHABLE_EXISTING,INTERACTIVE_LEARNING,7742,1,,,0,57,3,0,no,0,no,yes,
languages/ru/level/a3/index.html,course-level,Russian A3 — not published | EkGuru,https://ekguru.shop/languages/ru/level/a3/,"noindex, follow",no,NOINDEX,RESEARCH_REQUIRED,245,1,,,0,45,3,0,no,0,no,yes,
languages/ru/level/b1/index.html,course-level,"Russian B1 — Intermediate: motion verbs, dative, opinions | EkGuru",https://ekguru.shop/languages/ru/level/b1/,"index, follow, max-snippet:-1, max-image-preview:large",yes,PUBLISHABLE_EXISTING,INTERACTIVE_LEARNING,8101,1,,,0,57,3,0,no,0,no,yes,
languages/ru/level/b2/index.html,course-level,"Russian B2 — Advanced: cases mastery, nuance, culture | EkGuru",https://ekguru.shop/languages/ru/level/b2/,"index, follow, max-snippet:-1, max-image-preview:large",yes,PUBLISHABLE_EXISTING,INTERACTIVE_LEARNING,8128,1,,,0,56,3,0,no,0,no,yes,
languages/ru/level/b3/index.html,course-level,Russian B3 — not published | EkGuru,https://ekguru.shop/languages/ru/level/b3/,"noindex, follow",no,NOINDEX,RESEARCH_REQUIRED,245,1,,,0,45,3,0,no,0,no,yes,
languages/ru/level/c1/index.html,course-level,Russian C1 — not published | EkGuru,https://ekguru.shop/languages/ru/level/c1/,"noindex, follow",no,PUBLIC_CONTENT_BUG,RESEARCH_REQUIRED,240,1,,,0,45,3,0,no,0,no,yes,
languages/ru/level/c2/index.html,course-level,Russian C2 — not published | EkGuru,https://ekguru.shop/languages/ru/level/c2/,"noindex, follow",no,PUBLIC_CONTENT_BUG,RESEARCH_REQUIRED,240,1,,,0,45,3,0,no,0,no,yes,
languages/ru/level/c3/index.html,course-level,Russian C3 — not published | EkGuru,https://ekguru.shop/languages/ru/level/c3/,"noindex, follow",no,NOINDEX,RESEARCH_REQUIRED,245,1,,,0,45,3,0,no,0,no,yes,
languages/ru/level/c4/index.html,course-level,Russian C4 — not published | EkGuru,https://ekguru.shop/languages/ru/level/c4/,"noindex, follow",no,NOINDEX,RESEARCH_REQUIRED,245,1,,,0,45,3,0,no,0,no,yes,
languages/ru/level/c5/index.html,course-level,Russian C5 — not published | EkGuru,https://ekguru.shop/languages/ru/level/c5/,"noindex, follow",no,NOINDEX,RESEARCH_REQUIRED,245,1,,,0,45,3,0,no,0,no,yes,
languages/ru/level/index.html,course-ladder,"Russian levels — A1, A2, B1, B2 available | EkGuru | EkGuru",https://ekguru.shop/languages/ru/level/,"index, follow, max-snippet:-1, max-image-preview:large",yes,PUBLISHED,INTERACTIVE_LEARNING,557,1,,,0,50,3,0,no,0,no,yes,
languages/ru/practice/index.html,other,Russian Practice — Vocabulary & Grammar Drills | EkGuru,https://ekguru.shop/languages/ru/practice/,"index, follow, max-snippet:-1, max-image-preview:large",yes,PUBLISHED,INTERACTIVE_LEARNING,385,1,,,0,43,3,0,no,0,yes,yes,
languages/ru/quiz/index.html,other,Russian Quiz — Topic Questions with Explanations | EkGuru,https://ekguru.shop/languages/ru/quiz/,"index, follow, max-snippet:-1, max-image-preview:large",yes,PUBLISHED,INTERACTIVE_LEARNING,381,1,,,0,43,3,0,no,0,yes,yes,
languages/ru/review/index.html,other,Russian Review — spaced repetition | EkGuru,https://ekguru.shop/languages/ru/review/,"noindex, follow",no,NOINDEX,RESEARCH_REQUIRED,372,1,,,0,43,3,0,no,0,yes,yes,
languages/rw/level/a1/index.html,course-level,Kinyarwanda A1 — not published | EkGuru,https://ekguru.shop/languages/rw/level/a1/,"noindex, follow",no,PUBLIC_CONTENT_BUG,RESEARCH_REQUIRED,238,1,,,0,45,3,0,no,0,no,yes,
languages/rw/level/a2/index.html,course-level,Kinyarwanda A2 — not published | EkGuru,https://ekguru.shop/languages/rw/level/a2/,"noindex, follow",no,PUBLIC_CONTENT_BUG,RESEARCH_REQUIRED,238,1,,,0,45,3,0,no,0,no,yes,
languages/rw/level/a3/index.html,course-level,Kinyarwanda A3 — not published | EkGuru,https://ekguru.shop/languages/rw/level/a3/,"noindex, follow",no,NOINDEX,RESEARCH_REQUIRED,243,1,,,0,45,3,0,no,0,no,yes,
languages/rw/level/b1/index.html,course-level,Kinyarwanda B1 — not published | EkGuru,https://ekguru.shop/languages/rw/level/b1/,"noindex, follow",no,PUBLIC_CONTENT_BUG,RESEARCH_REQUIRED,238,1,,,0,45,3,0,no,0,no,yes,
languages/rw/level/b2/index.html,course-level,Kinyarwanda B2 — not published | EkGuru,https://ekguru.shop/languages/rw/level/b2/,"noindex, follow",no,PUBLIC_CONTENT_BUG,RESEARCH_REQUIRED,238,1,,,0,45,3,0,no,0,no,yes,
languages/rw/level/b3/index.html,course-level,Kinyarwanda B3 — not published | EkGuru,https://ekguru.shop/languages/rw/level/b3/,"noindex, follow",no,NOINDEX,RESEARCH_REQUIRED,243,1,,,0,45,3,0,no,0,no,yes,
languages/rw/level/c1/index.html,course-level,Kinyarwanda C1 — not published | EkGuru,https://ekguru.shop/languages/rw/level/c1/,"noindex, follow",no,PUBLIC_CONTENT_BUG,RESEARCH_REQUIRED,238,1,,,0,45,3,0,no,0,no,yes,
languages/rw/level/c2/index.html,course-level,Kinyarwanda C2 — not published | EkGuru,https://ekguru.shop/languages/rw/level/c2/,"noindex, follow",no,PUBLIC_CONTENT_BUG,RESEARCH_REQUIRED,238,1,,,0,45,3,0,no,0,no,yes,
languages/rw/level/c3/index.html,course-level,Kinyarwanda C3 — not published | EkGuru,https://ekguru.shop/languages/rw/level/c3/,"noindex, follow",no,NOINDEX,RESEARCH_REQUIRED,243,1,,,0,45,3,0,no,0,no,yes,
languages/rw/level/c4/index.html,course-level,Kinyarwanda C4 — not published | EkGuru,https://ekguru.shop/languages/rw/level/c4/,"noindex, follow",no,NOINDEX,RESEARCH_REQUIRED,243,1,,,0,45,3,0,no,0,no,yes,
languages/rw/level/c5/index.html,course-level,Kinyarwanda C5 — not published | EkGuru,https://ekguru.shop/languages/rw/level/c5/,"noindex, follow",no,NOINDEX,RESEARCH_REQUIRED,243,1,,,0,45,3,0,no,0,no,yes,
languages/rw/level/index.html,course-ladder,Kinyarwanda course — not published | EkGuru,https://ekguru.shop/languages/rw/level/,"noindex, follow",no,NOINDEX,RESEARCH_REQUIRED,249,1,,,0,44,3,0,no,0,no,yes,
languages/si/level/a1/index.html,course-level,Sinhala A1 — not published | EkGuru,https://ekguru.shop/languages/si/level/a1/,"noindex, follow",no,PUBLIC_CONTENT_BUG,RESEARCH_REQUIRED,238,1,,,0,45,3,0,no,0,no,yes,
languages/si/level/a2/index.html,course-level,Sinhala A2 — not published | EkGuru,https://ekguru.shop/languages/si/level/a2/,"noindex, follow",no,PUBLIC_CONTENT_BUG,RESEARCH_REQUIRED,238,1,,,0,45,3,0,no,0,no,yes,
languages/si/level/a3/index.html,course-level,Sinhala A3 — not published | EkGuru,https://ekguru.shop/languages/si/level/a3/,"noindex, follow",no,NOINDEX,RESEARCH_REQUIRED,243,1,,,0,45,3,0,no,0,no,yes,
languages/si/level/b1/index.html,course-level,Sinhala B1 — not published | EkGuru,https://ekguru.shop/languages/si/level/b1/,"noindex, follow",no,PUBLIC_CONTENT_BUG,RESEARCH_REQUIRED,238,1,,,0,45,3,0,no,0,no,yes,
languages/si/level/b2/index.html,course-level,Sinhala B2 — not published | EkGuru,https://ekguru.shop/languages/si/level/b2/,"noindex, follow",no,PUBLIC_CONTENT_BUG,RESEARCH_REQUIRED,238,1,,,0,45,3,0,no,0,no,yes,
languages/si/level/b3/index.html,course-level,Sinhala B3 — not published | EkGuru,https://ekguru.shop/languages/si/level/b3/,"noindex, follow",no,NOINDEX,RESEARCH_REQUIRED,243,1,,,0,45,3,0,no,0,no,yes,
languages/si/level/c1/index.html,course-level,Sinhala C1 — not published | EkGuru,https://ekguru.shop/languages/si/level/c1/,"noindex, follow",no,PUBLIC_CONTENT_BUG,RESEARCH_REQUIRED,238,1,,,0,45,3,0,no,0,no,yes,
languages/si/level/c2/index.html,course-level,Sinhala C2 — not published | EkGuru,https://ekguru.shop/languages/si/level/c2/,"noindex, follow",no,PUBLIC_CONTENT_BUG,RESEARCH_REQUIRED,238,1,,,0,45,3,0,no,0,no,yes,
languages/si/level/c3/index.html,course-level,Sinhala C3 — not published | EkGuru,https://ekguru.shop/languages/si/level/c3/,"noindex, follow",no,NOINDEX,RESEARCH_REQUIRED,243,1,,,0,45,3,0,no,0,no,yes,
languages/si/level/c4/index.html,course-level,Sinhala C4 — not published | EkGuru,https://ekguru.shop/languages/si/level/c4/,"noindex, follow",no,NOINDEX,RESEARCH_REQUIRED,243,1,,,0,45,3,0,no,0,no,yes,
languages/si/level/c5/index.html,course-level,Sinhala C5 — not published | EkGuru,https://ekguru.shop/languages/si/level/c5/,"noindex, follow",no,NOINDEX,RESEARCH_REQUIRED,243,1,,,0,45,3,0,no,0,no,yes,
languages/si/level/index.html,course-ladder,Sinhala course — not published | EkGuru,https://ekguru.shop/languages/si/level/,"noindex, follow",no,NOINDEX,RESEARCH_REQUIRED,249,1,,,0,44,3,0,no,0,no,yes,
languages/sk/level/a1/index.html,course-level,Slovak A1 — not published | EkGuru,https://ekguru.shop/languages/sk/level/a1/,"noindex, follow",no,PUBLIC_CONTENT_BUG,RESEARCH_REQUIRED,238,1,,,0,45,3,0,no,0,no,yes,
languages/sk/level/a2/index.html,course-level,Slovak A2 — not published | EkGuru,https://ekguru.shop/languages/sk/level/a2/,"noindex, follow",no,PUBLIC_CONTENT_BUG,RESEARCH_REQUIRED,238,1,,,0,45,3,0,no,0,no,yes,
languages/sk/level/a3/index.html,course-level,Slovak A3 — not published | EkGuru,https://ekguru.shop/languages/sk/level/a3/,"noindex, follow",no,NOINDEX,RESEARCH_REQUIRED,243,1,,,0,45,3,0,no,0,no,yes,
languages/sk/level/b1/index.html,course-level,Slovak B1 — not published | EkGuru,https://ekguru.shop/languages/sk/level/b1/,"noindex, follow",no,PUBLIC_CONTENT_BUG,RESEARCH_REQUIRED,238,1,,,0,45,3,0,no,0,no,yes,
languages/sk/level/b2/index.html,course-level,Slovak B2 — not published | EkGuru,https://ekguru.shop/languages/sk/level/b2/,"noindex, follow",no,PUBLIC_CONTENT_BUG,RESEARCH_REQUIRED,238,1,,,0,45,3,0,no,0,no,yes,
languages/sk/level/b3/index.html,course-level,Slovak B3 — not published | EkGuru,https://ekguru.shop/languages/sk/level/b3/,"noindex, follow",no,NOINDEX,RESEARCH_REQUIRED,243,1,,,0,45,3,0,no,0,no,yes,
languages/sk/level/c1/index.html,course-level,Slovak C1 — not published | EkGuru,https://ekguru.shop/languages/sk/level/c1/,"noindex, follow",no,PUBLIC_CONTENT_BUG,RESEARCH_REQUIRED,238,1,,,0,45,3,0,no,0,no,yes,
languages/sk/level/c2/index.html,course-level,Slovak C2 — not published | EkGuru,https://ekguru.shop/languages/sk/level/c2/,"noindex, follow",no,PUBLIC_CONTENT_BUG,RESEARCH_REQUIRED,238,1,,,0,45,3,0,no,0,no,yes,
languages/sk/level/c3/index.html,course-level,Slovak C3 — not published | EkGuru,https://ekguru.shop/languages/sk/level/c3/,"noindex, follow",no,NOINDEX,RESEARCH_REQUIRED,243,1,,,0,45,3,0,no,0,no,yes,
languages/sk/level/c4/index.html,course-level,Slovak C4 — not published | EkGuru,https://ekguru.shop/languages/sk/level/c4/,"noindex, follow",no,NOINDEX,RESEARCH_REQUIRED,243,1,,,0,45,3,0,no,0,no,yes,
languages/sk/level/c5/index.html,course-level,Slovak C5 — not published | EkGuru,https://ekguru.shop/languages/sk/level/c5/,"noindex, follow",no,NOINDEX,RESEARCH_REQUIRED,243,1,,,0,45,3,0,no,0,no,yes,
languages/sk/level/index.html,course-ladder,Slovak course — not published | EkGuru,https://ekguru.shop/languages/sk/level/,"noindex, follow",no,NOINDEX,RESEARCH_REQUIRED,249,1,,,0,44,3,0,no,0,no,yes,
languages/sl/level/a1/index.html,course-level,Slovenian A1 — not published | EkGuru,https://ekguru.shop/languages/sl/level/a1/,"noindex, follow",no,PUBLIC_CONTENT_BUG,RESEARCH_REQUIRED,238,1,,,0,45,3,0,no,0,no,yes,
languages/sl/level/a2/index.html,course-level,Slovenian A2 — not published | EkGuru,https://ekguru.shop/languages/sl/level/a2/,"noindex, follow",no,PUBLIC_CONTENT_BUG,RESEARCH_REQUIRED,238,1,,,0,45,3,0,no,0,no,yes,
languages/sl/level/a3/index.html,course-level,Slovenian A3 — not published | EkGuru,https://ekguru.shop/languages/sl/level/a3/,"noindex, follow",no,NOINDEX,RESEARCH_REQUIRED,243,1,,,0,45,3,0,no,0,no,yes,
languages/sl/level/b1/index.html,course-level,Slovenian B1 — not published | EkGuru,https://ekguru.shop/languages/sl/level/b1/,"noindex, follow",no,PUBLIC_CONTENT_BUG,RESEARCH_REQUIRED,238,1,,,0,45,3,0,no,0,no,yes,
languages/sl/level/b2/index.html,course-level,Slovenian B2 — not published | EkGuru,https://ekguru.shop/languages/sl/level/b2/,"noindex, follow",no,PUBLIC_CONTENT_BUG,RESEARCH_REQUIRED,238,1,,,0,45,3,0,no,0,no,yes,
languages/sl/level/b3/index.html,course-level,Slovenian B3 — not published | EkGuru,https://ekguru.shop/languages/sl/level/b3/,"noindex, follow",no,NOINDEX,RESEARCH_REQUIRED,243,1,,,0,45,3,0,no,0,no,yes,
languages/sl/level/c1/index.html,course-level,Slovenian C1 — not published | EkGuru,https://ekguru.shop/languages/sl/level/c1/,"noindex, follow",no,PUBLIC_CONTENT_BUG,RESEARCH_REQUIRED,238,1,,,0,45,3,0,no,0,no,yes,
languages/sl/level/c2/index.html,course-level,Slovenian C2 — not published | EkGuru,https://ekguru.shop/languages/sl/level/c2/,"noindex, follow",no,PUBLIC_CONTENT_BUG,RESEARCH_REQUIRED,238,1,,,0,45,3,0,no,0,no,yes,
languages/sl/level/c3/index.html,course-level,Slovenian C3 — not published | EkGuru,https://ekguru.shop/languages/sl/level/c3/,"noindex, follow",no,NOINDEX,RESEARCH_REQUIRED,243,1,,,0,45,3,0,no,0,no,yes,
languages/sl/level/c4/index.html,course-level,Slovenian C4 — not published | EkGuru,https://ekguru.shop/languages/sl/level/c4/,"noindex, follow",no,NOINDEX,RESEARCH_REQUIRED,243,1,,,0,45,3,0,no,0,no,yes,
languages/sl/level/c5/index.html,course-level,Slovenian C5 — not published | EkGuru,https://ekguru.shop/languages/sl/level/c5/,"noindex, follow",no,NOINDEX,RESEARCH_REQUIRED,243,1,,,0,45,3,0,no,0,no,yes,
languages/sl/level/index.html,course-ladder,Slovenian course — not published | EkGuru,https://ekguru.shop/languages/sl/level/,"noindex, follow",no,NOINDEX,RESEARCH_REQUIRED,249,1,,,0,44,3,0,no,0,no,yes,
languages/sm/level/a1/index.html,course-level,Samoan A1 — not published | EkGuru,https://ekguru.shop/languages/sm/level/a1/,"noindex, follow",no,PUBLIC_CONTENT_BUG,RESEARCH_REQUIRED,238,1,,,0,45,3,0,no,0,no,yes,
languages/sm/level/a2/index.html,course-level,Samoan A2 — not published | EkGuru,https://ekguru.shop/languages/sm/level/a2/,"noindex, follow",no,PUBLIC_CONTENT_BUG,RESEARCH_REQUIRED,238,1,,,0,45,3,0,no,0,no,yes,
languages/sm/level/a3/index.html,course-level,Samoan A3 — not published | EkGuru,https://ekguru.shop/languages/sm/level/a3/,"noindex, follow",no,NOINDEX,RESEARCH_REQUIRED,243,1,,,0,45,3,0,no,0,no,yes,
languages/sm/level/b1/index.html,course-level,Samoan B1 — not published | EkGuru,https://ekguru.shop/languages/sm/level/b1/,"noindex, follow",no,PUBLIC_CONTENT_BUG,RESEARCH_REQUIRED,238,1,,,0,45,3,0,no,0,no,yes,
languages/sm/level/b2/index.html,course-level,Samoan B2 — not published | EkGuru,https://ekguru.shop/languages/sm/level/b2/,"noindex, follow",no,PUBLIC_CONTENT_BUG,RESEARCH_REQUIRED,238,1,,,0,45,3,0,no,0,no,yes,
languages/sm/level/b3/index.html,course-level,Samoan B3 — not published | EkGuru,https://ekguru.shop/languages/sm/level/b3/,"noindex, follow",no,NOINDEX,RESEARCH_REQUIRED,243,1,,,0,45,3,0,no,0,no,yes,
languages/sm/level/c1/index.html,course-level,Samoan C1 — not published | EkGuru,https://ekguru.shop/languages/sm/level/c1/,"noindex, follow",no,PUBLIC_CONTENT_BUG,RESEARCH_REQUIRED,238,1,,,0,45,3,0,no,0,no,yes,
languages/sm/level/c2/index.html,course-level,Samoan C2 — not published | EkGuru,https://ekguru.shop/languages/sm/level/c2/,"noindex, follow",no,PUBLIC_CONTENT_BUG,RESEARCH_REQUIRED,238,1,,,0,45,3,0,no,0,no,yes,
languages/sm/level/c3/index.html,course-level,Samoan C3 — not published | EkGuru,https://ekguru.shop/languages/sm/level/c3/,"noindex, follow",no,NOINDEX,RESEARCH_REQUIRED,243,1,,,0,45,3,0,no,0,no,yes,
languages/sm/level/c4/index.html,course-level,Samoan C4 — not published | EkGuru,https://ekguru.shop/languages/sm/level/c4/,"noindex, follow",no,NOINDEX,RESEARCH_REQUIRED,243,1,,,0,45,3,0,no,0,no,yes,
languages/sm/level/c5/index.html,course-level,Samoan C5 — not published | EkGuru,https://ekguru.shop/languages/sm/level/c5/,"noindex, follow",no,NOINDEX,RESEARCH_REQUIRED,243,1,,,0,45,3,0,no,0,no,yes,
languages/sm/level/index.html,course-ladder,Samoan course — not published | EkGuru,https://ekguru.shop/languages/sm/level/,"noindex, follow",no,NOINDEX,RESEARCH_REQUIRED,249,1,,,0,44,3,0,no,0,no,yes,
languages/so/level/a1/index.html,course-level,Somali A1 — not published | EkGuru,https://ekguru.shop/languages/so/level/a1/,"noindex, follow",no,PUBLIC_CONTENT_BUG,RESEARCH_REQUIRED,238,1,,,0,45,3,0,no,0,no,yes,
languages/so/level/a2/index.html,course-level,Somali A2 — not published | EkGuru,https://ekguru.shop/languages/so/level/a2/,"noindex, follow",no,PUBLIC_CONTENT_BUG,RESEARCH_REQUIRED,238,1,,,0,45,3,0,no,0,no,yes,
languages/so/level/a3/index.html,course-level,Somali A3 — not published | EkGuru,https://ekguru.shop/languages/so/level/a3/,"noindex, follow",no,NOINDEX,RESEARCH_REQUIRED,243,1,,,0,45,3,0,no,0,no,yes,
languages/so/level/b1/index.html,course-level,Somali B1 — not published | EkGuru,https://ekguru.shop/languages/so/level/b1/,"noindex, follow",no,PUBLIC_CONTENT_BUG,RESEARCH_REQUIRED,238,1,,,0,45,3,0,no,0,no,yes,
languages/so/level/b2/index.html,course-level,Somali B2 — not published | EkGuru,https://ekguru.shop/languages/so/level/b2/,"noindex, follow",no,PUBLIC_CONTENT_BUG,RESEARCH_REQUIRED,238,1,,,0,45,3,0,no,0,no,yes,
languages/so/level/b3/index.html,course-level,Somali B3 — not published | EkGuru,https://ekguru.shop/languages/so/level/b3/,"noindex, follow",no,NOINDEX,RESEARCH_REQUIRED,243,1,,,0,45,3,0,no,0,no,yes,
languages/so/level/c1/index.html,course-level,Somali C1 — not published | EkGuru,https://ekguru.shop/languages/so/level/c1/,"noindex, follow",no,PUBLIC_CONTENT_BUG,RESEARCH_REQUIRED,238,1,,,0,45,3,0,no,0,no,yes,
languages/so/level/c2/index.html,course-level,Somali C2 — not published | EkGuru,https://ekguru.shop/languages/so/level/c2/,"noindex, follow",no,PUBLIC_CONTENT_BUG,RESEARCH_REQUIRED,238,1,,,0,45,3,0,no,0,no,yes,
languages/so/level/c3/index.html,course-level,Somali C3 — not published | EkGuru,https://ekguru.shop/languages/so/level/c3/,"noindex, follow",no,NOINDEX,RESEARCH_REQUIRED,243,1,,,0,45,3,0,no,0,no,yes,
languages/so/level/c4/index.html,course-level,Somali C4 — not published | EkGuru,https://ekguru.shop/languages/so/level/c4/,"noindex, follow",no,NOINDEX,RESEARCH_REQUIRED,243,1,,,0,45,3,0,no,0,no,yes,
languages/so/level/c5/index.html,course-level,Somali C5 — not published | EkGuru,https://ekguru.shop/languages/so/level/c5/,"noindex, follow",no,NOINDEX,RESEARCH_REQUIRED,243,1,,,0,45,3,0,no,0,no,yes,
languages/so/level/index.html,course-ladder,Somali course — not published | EkGuru,https://ekguru.shop/languages/so/level/,"noindex, follow",no,NOINDEX,RESEARCH_REQUIRED,249,1,,,0,44,3,0,no,0,no,yes,
languages/sq/level/a1/index.html,course-level,Albanian A1 — not published | EkGuru,https://ekguru.shop/languages/sq/level/a1/,"noindex, follow",no,PUBLIC_CONTENT_BUG,RESEARCH_REQUIRED,238,1,,,0,45,3,0,no,0,no,yes,
languages/sq/level/a2/index.html,course-level,Albanian A2 — not published | EkGuru,https://ekguru.shop/languages/sq/level/a2/,"noindex, follow",no,PUBLIC_CONTENT_BUG,RESEARCH_REQUIRED,238,1,,,0,45,3,0,no,0,no,yes,
languages/sq/level/a3/index.html,course-level,Albanian A3 — not published | EkGuru,https://ekguru.shop/languages/sq/level/a3/,"noindex, follow",no,NOINDEX,RESEARCH_REQUIRED,243,1,,,0,45,3,0,no,0,no,yes,
languages/sq/level/b1/index.html,course-level,Albanian B1 — not published | EkGuru,https://ekguru.shop/languages/sq/level/b1/,"noindex, follow",no,PUBLIC_CONTENT_BUG,RESEARCH_REQUIRED,238,1,,,0,45,3,0,no,0,no,yes,
languages/sq/level/b2/index.html,course-level,Albanian B2 — not published | EkGuru,https://ekguru.shop/languages/sq/level/b2/,"noindex, follow",no,PUBLIC_CONTENT_BUG,RESEARCH_REQUIRED,238,1,,,0,45,3,0,no,0,no,yes,
languages/sq/level/b3/index.html,course-level,Albanian B3 — not published | EkGuru,https://ekguru.shop/languages/sq/level/b3/,"noindex, follow",no,NOINDEX,RESEARCH_REQUIRED,243,1,,,0,45,3,0,no,0,no,yes,
languages/sq/level/c1/index.html,course-level,Albanian C1 — not published | EkGuru,https://ekguru.shop/languages/sq/level/c1/,"noindex, follow",no,PUBLIC_CONTENT_BUG,RESEARCH_REQUIRED,238,1,,,0,45,3,0,no,0,no,yes,
languages/sq/level/c2/index.html,course-level,Albanian C2 — not published | EkGuru,https://ekguru.shop/languages/sq/level/c2/,"noindex, follow",no,PUBLIC_CONTENT_BUG,RESEARCH_REQUIRED,238,1,,,0,45,3,0,no,0,no,yes,
languages/sq/level/c3/index.html,course-level,Albanian C3 — not published | EkGuru,https://ekguru.shop/languages/sq/level/c3/,"noindex, follow",no,NOINDEX,RESEARCH_REQUIRED,243,1,,,0,45,3,0,no,0,no,yes,
languages/sq/level/c4/index.html,course-level,Albanian C4 — not published | EkGuru,https://ekguru.shop/languages/sq/level/c4/,"noindex, follow",no,NOINDEX,RESEARCH_REQUIRED,243,1,,,0,45,3,0,no,0,no,yes,
languages/sq/level/c5/index.html,course-level,Albanian C5 — not published | EkGuru,https://ekguru.shop/languages/sq/level/c5/,"noindex, follow",no,NOINDEX,RESEARCH_REQUIRED,243,1,,,0,45,3,0,no,0,no,yes,
languages/sq/level/index.html,course-ladder,Albanian course — not published | EkGuru,https://ekguru.shop/languages/sq/level/,"noindex, follow",no,NOINDEX,RESEARCH_REQUIRED,249,1,,,0,44,3,0,no,0,no,yes,
languages/sr/level/a1/index.html,course-level,Serbian A1 — not published | EkGuru,https://ekguru.shop/languages/sr/level/a1/,"noindex, follow",no,PUBLIC_CONTENT_BUG,RESEARCH_REQUIRED,238,1,,,0,45,3,0,no,0,no,yes,
languages/sr/level/a2/index.html,course-level,Serbian A2 — not published | EkGuru,https://ekguru.shop/languages/sr/level/a2/,"noindex, follow",no,PUBLIC_CONTENT_BUG,RESEARCH_REQUIRED,238,1,,,0,45,3,0,no,0,no,yes,
languages/sr/level/a3/index.html,course-level,Serbian A3 — not published | EkGuru,https://ekguru.shop/languages/sr/level/a3/,"noindex, follow",no,NOINDEX,RESEARCH_REQUIRED,243,1,,,0,45,3,0,no,0,no,yes,
languages/sr/level/b1/index.html,course-level,Serbian B1 — not published | EkGuru,https://ekguru.shop/languages/sr/level/b1/,"noindex, follow",no,PUBLIC_CONTENT_BUG,RESEARCH_REQUIRED,238,1,,,0,45,3,0,no,0,no,yes,
languages/sr/level/b2/index.html,course-level,Serbian B2 — not published | EkGuru,https://ekguru.shop/languages/sr/level/b2/,"noindex, follow",no,PUBLIC_CONTENT_BUG,RESEARCH_REQUIRED,238,1,,,0,45,3,0,no,0,no,yes,
languages/sr/level/b3/index.html,course-level,Serbian B3 — not published | EkGuru,https://ekguru.shop/languages/sr/level/b3/,"noindex, follow",no,NOINDEX,RESEARCH_REQUIRED,243,1,,,0,45,3,0,no,0,no,yes,
languages/sr/level/c1/index.html,course-level,Serbian C1 — not published | EkGuru,https://ekguru.shop/languages/sr/level/c1/,"noindex, follow",no,PUBLIC_CONTENT_BUG,RESEARCH_REQUIRED,238,1,,,0,45,3,0,no,0,no,yes,
languages/sr/level/c2/index.html,course-level,Serbian C2 — not published | EkGuru,https://ekguru.shop/languages/sr/level/c2/,"noindex, follow",no,PUBLIC_CONTENT_BUG,RESEARCH_REQUIRED,238,1,,,0,45,3,0,no,0,no,yes,
languages/sr/level/c3/index.html,course-level,Serbian C3 — not published | EkGuru,https://ekguru.shop/languages/sr/level/c3/,"noindex, follow",no,NOINDEX,RESEARCH_REQUIRED,243,1,,,0,45,3,0,no,0,no,yes,
languages/sr/level/c4/index.html,course-level,Serbian C4 — not published | EkGuru,https://ekguru.shop/languages/sr/level/c4/,"noindex, follow",no,NOINDEX,RESEARCH_REQUIRED,243,1,,,0,45,3,0,no,0,no,yes,
languages/sr/level/c5/index.html,course-level,Serbian C5 — not published | EkGuru,https://ekguru.shop/languages/sr/level/c5/,"noindex, follow",no,NOINDEX,RESEARCH_REQUIRED,243,1,,,0,45,3,0,no,0,no,yes,
languages/sr/level/index.html,course-ladder,Serbian course — not published | EkGuru,https://ekguru.shop/languages/sr/level/,"noindex, follow",no,NOINDEX,RESEARCH_REQUIRED,249,1,,,0,44,3,0,no,0,no,yes,
languages/st/level/a1/index.html,course-level,Sesotho A1 — not published | EkGuru,https://ekguru.shop/languages/st/level/a1/,"noindex, follow",no,PUBLIC_CONTENT_BUG,RESEARCH_REQUIRED,238,1,,,0,45,3,0,no,0,no,yes,
languages/st/level/a2/index.html,course-level,Sesotho A2 — not published | EkGuru,https://ekguru.shop/languages/st/level/a2/,"noindex, follow",no,PUBLIC_CONTENT_BUG,RESEARCH_REQUIRED,238,1,,,0,45,3,0,no,0,no,yes,
languages/st/level/a3/index.html,course-level,Sesotho A3 — not published | EkGuru,https://ekguru.shop/languages/st/level/a3/,"noindex, follow",no,NOINDEX,RESEARCH_REQUIRED,243,1,,,0,45,3,0,no,0,no,yes,
languages/st/level/b1/index.html,course-level,Sesotho B1 — not published | EkGuru,https://ekguru.shop/languages/st/level/b1/,"noindex, follow",no,PUBLIC_CONTENT_BUG,RESEARCH_REQUIRED,238,1,,,0,45,3,0,no,0,no,yes,
languages/st/level/b2/index.html,course-level,Sesotho B2 — not published | EkGuru,https://ekguru.shop/languages/st/level/b2/,"noindex, follow",no,PUBLIC_CONTENT_BUG,RESEARCH_REQUIRED,238,1,,,0,45,3,0,no,0,no,yes,
languages/st/level/b3/index.html,course-level,Sesotho B3 — not published | EkGuru,https://ekguru.shop/languages/st/level/b3/,"noindex, follow",no,NOINDEX,RESEARCH_REQUIRED,243,1,,,0,45,3,0,no,0,no,yes,
languages/st/level/c1/index.html,course-level,Sesotho C1 — not published | EkGuru,https://ekguru.shop/languages/st/level/c1/,"noindex, follow",no,PUBLIC_CONTENT_BUG,RESEARCH_REQUIRED,238,1,,,0,45,3,0,no,0,no,yes,
languages/st/level/c2/index.html,course-level,Sesotho C2 — not published | EkGuru,https://ekguru.shop/languages/st/level/c2/,"noindex, follow",no,PUBLIC_CONTENT_BUG,RESEARCH_REQUIRED,238,1,,,0,45,3,0,no,0,no,yes,
languages/st/level/c3/index.html,course-level,Sesotho C3 — not published | EkGuru,https://ekguru.shop/languages/st/level/c3/,"noindex, follow",no,NOINDEX,RESEARCH_REQUIRED,243,1,,,0,45,3,0,no,0,no,yes,
languages/st/level/c4/index.html,course-level,Sesotho C4 — not published | EkGuru,https://ekguru.shop/languages/st/level/c4/,"noindex, follow",no,NOINDEX,RESEARCH_REQUIRED,243,1,,,0,45,3,0,no,0,no,yes,
languages/st/level/c5/index.html,course-level,Sesotho C5 — not published | EkGuru,https://ekguru.shop/languages/st/level/c5/,"noindex, follow",no,NOINDEX,RESEARCH_REQUIRED,243,1,,,0,45,3,0,no,0,no,yes,
languages/st/level/index.html,course-ladder,Sesotho course — not published | EkGuru,https://ekguru.shop/languages/st/level/,"noindex, follow",no,NOINDEX,RESEARCH_REQUIRED,249,1,,,0,44,3,0,no,0,no,yes,
languages/sv/level/a1/index.html,course-level,Swedish A1 — not published | EkGuru,https://ekguru.shop/languages/sv/level/a1/,"noindex, follow",no,PUBLIC_CONTENT_BUG,RESEARCH_REQUIRED,238,1,,,0,45,3,0,no,0,no,yes,
languages/sv/level/a2/index.html,course-level,Swedish A2 — not published | EkGuru,https://ekguru.shop/languages/sv/level/a2/,"noindex, follow",no,PUBLIC_CONTENT_BUG,RESEARCH_REQUIRED,238,1,,,0,45,3,0,no,0,no,yes,
languages/sv/level/a3/index.html,course-level,Swedish A3 — not published | EkGuru,https://ekguru.shop/languages/sv/level/a3/,"noindex, follow",no,NOINDEX,RESEARCH_REQUIRED,243,1,,,0,45,3,0,no,0,no,yes,
languages/sv/level/b1/index.html,course-level,Swedish B1 — not published | EkGuru,https://ekguru.shop/languages/sv/level/b1/,"noindex, follow",no,PUBLIC_CONTENT_BUG,RESEARCH_REQUIRED,238,1,,,0,45,3,0,no,0,no,yes,
languages/sv/level/b2/index.html,course-level,Swedish B2 — not published | EkGuru,https://ekguru.shop/languages/sv/level/b2/,"noindex, follow",no,PUBLIC_CONTENT_BUG,RESEARCH_REQUIRED,238,1,,,0,45,3,0,no,0,no,yes,
languages/sv/level/b3/index.html,course-level,Swedish B3 — not published | EkGuru,https://ekguru.shop/languages/sv/level/b3/,"noindex, follow",no,NOINDEX,RESEARCH_REQUIRED,243,1,,,0,45,3,0,no,0,no,yes,
languages/sv/level/c1/index.html,course-level,Swedish C1 — not published | EkGuru,https://ekguru.shop/languages/sv/level/c1/,"noindex, follow",no,PUBLIC_CONTENT_BUG,RESEARCH_REQUIRED,238,1,,,0,45,3,0,no,0,no,yes,
languages/sv/level/c2/index.html,course-level,Swedish C2 — not published | EkGuru,https://ekguru.shop/languages/sv/level/c2/,"noindex, follow",no,PUBLIC_CONTENT_BUG,RESEARCH_REQUIRED,238,1,,,0,45,3,0,no,0,no,yes,
languages/sv/level/c3/index.html,course-level,Swedish C3 — not published | EkGuru,https://ekguru.shop/languages/sv/level/c3/,"noindex, follow",no,NOINDEX,RESEARCH_REQUIRED,243,1,,,0,45,3,0,no,0,no,yes,
languages/sv/level/c4/index.html,course-level,Swedish C4 — not published | EkGuru,https://ekguru.shop/languages/sv/level/c4/,"noindex, follow",no,NOINDEX,RESEARCH_REQUIRED,243,1,,,0,45,3,0,no,0,no,yes,
languages/sv/level/c5/index.html,course-level,Swedish C5 — not published | EkGuru,https://ekguru.shop/languages/sv/level/c5/,"noindex, follow",no,NOINDEX,RESEARCH_REQUIRED,243,1,,,0,45,3,0,no,0,no,yes,
languages/sv/level/index.html,course-ladder,Swedish course — not published | EkGuru,https://ekguru.shop/languages/sv/level/,"noindex, follow",no,NOINDEX,RESEARCH_REQUIRED,249,1,,,0,44,3,0,no,0,no,yes,
languages/sw/index.html,other,Learn Swahili basics — free starter pack | EkGuru,https://ekguru.shop/languages/sw/,"noindex, follow",no,NOINDEX,RESEARCH_REQUIRED,564,1,,,0,45,3,0,no,0,yes,no,
languages/sw/level/a1/index.html,course-level,Swahili A1 — not published | EkGuru,https://ekguru.shop/languages/sw/level/a1/,"noindex, follow",no,PUBLIC_CONTENT_BUG,RESEARCH_REQUIRED,238,1,,,0,45,3,0,no,0,no,yes,
languages/sw/level/a2/index.html,course-level,Swahili A2 — not published | EkGuru,https://ekguru.shop/languages/sw/level/a2/,"noindex, follow",no,PUBLIC_CONTENT_BUG,RESEARCH_REQUIRED,238,1,,,0,45,3,0,no,0,no,yes,
languages/sw/level/a3/index.html,course-level,Swahili A3 — not published | EkGuru,https://ekguru.shop/languages/sw/level/a3/,"noindex, follow",no,NOINDEX,RESEARCH_REQUIRED,243,1,,,0,45,3,0,no,0,no,yes,
languages/sw/level/b1/index.html,course-level,Swahili B1 — not published | EkGuru,https://ekguru.shop/languages/sw/level/b1/,"noindex, follow",no,PUBLIC_CONTENT_BUG,RESEARCH_REQUIRED,238,1,,,0,45,3,0,no,0,no,yes,
languages/sw/level/b2/index.html,course-level,Swahili B2 — not published | EkGuru,https://ekguru.shop/languages/sw/level/b2/,"noindex, follow",no,PUBLIC_CONTENT_BUG,RESEARCH_REQUIRED,238,1,,,0,45,3,0,no,0,no,yes,
languages/sw/level/b3/index.html,course-level,Swahili B3 — not published | EkGuru,https://ekguru.shop/languages/sw/level/b3/,"noindex, follow",no,NOINDEX,RESEARCH_REQUIRED,243,1,,,0,45,3,0,no,0,no,yes,
languages/sw/level/c1/index.html,course-level,Swahili C1 — not published | EkGuru,https://ekguru.shop/languages/sw/level/c1/,"noindex, follow",no,PUBLIC_CONTENT_BUG,RESEARCH_REQUIRED,238,1,,,0,45,3,0,no,0,no,yes,
languages/sw/level/c2/index.html,course-level,Swahili C2 — not published | EkGuru,https://ekguru.shop/languages/sw/level/c2/,"noindex, follow",no,PUBLIC_CONTENT_BUG,RESEARCH_REQUIRED,238,1,,,0,45,3,0,no,0,no,yes,
languages/sw/level/c3/index.html,course-level,Swahili C3 — not published | EkGuru,https://ekguru.shop/languages/sw/level/c3/,"noindex, follow",no,NOINDEX,RESEARCH_REQUIRED,243,1,,,0,45,3,0,no,0,no,yes,
languages/sw/level/c4/index.html,course-level,Swahili C4 — not published | EkGuru,https://ekguru.shop/languages/sw/level/c4/,"noindex, follow",no,NOINDEX,RESEARCH_REQUIRED,243,1,,,0,45,3,0,no,0,no,yes,
languages/sw/level/c5/index.html,course-level,Swahili C5 — not published | EkGuru,https://ekguru.shop/languages/sw/level/c5/,"noindex, follow",no,NOINDEX,RESEARCH_REQUIRED,243,1,,,0,45,3,0,no,0,no,yes,
languages/sw/level/index.html,course-ladder,Swahili course — not published | EkGuru,https://ekguru.shop/languages/sw/level/,"noindex, follow",no,NOINDEX,RESEARCH_REQUIRED,249,1,,,0,44,3,0,no,0,no,yes,
languages/ta/index.html,other,Learn Tamil basics — free starter pack | EkGuru,https://ekguru.shop/learn/tamil/,"noindex, follow",no,NOINDEX,RESEARCH_REQUIRED,442,1,,,0,44,3,0,no,0,yes,no,
languages/ta/level/a1/index.html,course-level,Tamil A1 — A1 Beginner Tamil | EkGuru,https://ekguru.shop/languages/ta/level/a1/,"index, follow, max-snippet:-1, max-image-preview:large",yes,PUBLISHABLE_EXISTING,INTERACTIVE_LEARNING,7591,1,,,0,58,3,0,no,0,no,yes,
languages/ta/level/a2/index.html,course-level,Tamil A2 — A2 Elementary Tamil | EkGuru,https://ekguru.shop/languages/ta/level/a2/,"index, follow, max-snippet:-1, max-image-preview:large",yes,PUBLISHABLE_EXISTING,INTERACTIVE_LEARNING,7131,1,,,0,58,3,0,no,0,no,yes,
languages/ta/level/a3/index.html,course-level,Tamil A3 — not published | EkGuru,https://ekguru.shop/languages/ta/level/a3/,"noindex, follow",no,NOINDEX,RESEARCH_REQUIRED,245,1,,,0,45,3,0,no,0,no,yes,
languages/ta/level/b1/index.html,course-level,Tamil B1 — B1 Intermediate Tamil | EkGuru,https://ekguru.shop/languages/ta/level/b1/,"index, follow, max-snippet:-1, max-image-preview:large",yes,PUBLISHABLE_EXISTING,INTERACTIVE_LEARNING,7706,1,,,0,58,3,0,no,0,no,yes,
languages/ta/level/b2/index.html,course-level,Tamil B2 — B2 Upper-Intermediate Tamil | EkGuru,https://ekguru.shop/languages/ta/level/b2/,"index, follow, max-snippet:-1, max-image-preview:large",yes,PUBLISHABLE_EXISTING,INTERACTIVE_LEARNING,7604,1,,,0,58,3,0,no,0,no,yes,
languages/ta/level/b3/index.html,course-level,Tamil B3 — not published | EkGuru,https://ekguru.shop/languages/ta/level/b3/,"noindex, follow",no,NOINDEX,RESEARCH_REQUIRED,245,1,,,0,45,3,0,no,0,no,yes,
languages/ta/level/c1/index.html,course-level,Tamil C1 — C1 Proficient Tamil | EkGuru,https://ekguru.shop/languages/ta/level/c1/,"index, follow, max-snippet:-1, max-image-preview:large",yes,PUBLISHABLE_EXISTING,INTERACTIVE_LEARNING,7735,1,,,0,58,3,0,no,0,no,yes,
languages/ta/level/c2/index.html,course-level,Tamil C2 — C2 Mastery Tamil | EkGuru,https://ekguru.shop/languages/ta/level/c2/,"index, follow, max-snippet:-1, max-image-preview:large",yes,PUBLISHABLE_EXISTING,INTERACTIVE_LEARNING,7724,1,,,0,57,3,0,no,0,no,yes,
languages/ta/level/c3/index.html,course-level,Tamil C3 — not published | EkGuru,https://ekguru.shop/languages/ta/level/c3/,"noindex, follow",no,NOINDEX,RESEARCH_REQUIRED,245,1,,,0,45,3,0,no,0,no,yes,
languages/ta/level/c4/index.html,course-level,Tamil C4 — not published | EkGuru,https://ekguru.shop/languages/ta/level/c4/,"noindex, follow",no,NOINDEX,RESEARCH_REQUIRED,245,1,,,0,45,3,0,no,0,no,yes,
languages/ta/level/c5/index.html,course-level,Tamil C5 — not published | EkGuru,https://ekguru.shop/languages/ta/level/c5/,"noindex, follow",no,NOINDEX,RESEARCH_REQUIRED,245,1,,,0,45,3,0,no,0,no,yes,
languages/ta/level/index.html,course-ladder,Tamil levels — A1 to C2 | EkGuru | EkGuru,https://ekguru.shop/languages/ta/level/,"index, follow, max-snippet:-1, max-image-preview:large",yes,PUBLISHED,INTERACTIVE_LEARNING,580,1,,,0,50,3,0,no,0,no,yes,
languages/te/index.html,other,Learn Telugu basics — free starter pack | EkGuru,https://ekguru.shop/learn/telugu/,"noindex, follow",no,NOINDEX,RESEARCH_REQUIRED,439,1,,,0,44,3,0,no,0,yes,no,
languages/te/level/a1/index.html,course-level,Telugu A1 — A1 Beginner Telugu | EkGuru,https://ekguru.shop/languages/te/level/a1/,"index, follow, max-snippet:-1, max-image-preview:large",yes,PUBLISHABLE_EXISTING,INTERACTIVE_LEARNING,7640,1,,,0,58,3,0,no,0,no,yes,
languages/te/level/a2/index.html,course-level,Telugu A2 — A2 Elementary Telugu | EkGuru,https://ekguru.shop/languages/te/level/a2/,"index, follow, max-snippet:-1, max-image-preview:large",yes,PUBLISHABLE_EXISTING,INTERACTIVE_LEARNING,7468,1,,,0,58,3,0,no,0,no,yes,
languages/te/level/a3/index.html,course-level,Telugu A3 — not published | EkGuru,https://ekguru.shop/languages/te/level/a3/,"noindex, follow",no,NOINDEX,RESEARCH_REQUIRED,245,1,,,0,45,3,0,no,0,no,yes,
languages/te/level/b1/index.html,course-level,Telugu B1 — B1 Intermediate Telugu | EkGuru,https://ekguru.shop/languages/te/level/b1/,"index, follow, max-snippet:-1, max-image-preview:large",yes,PUBLISHABLE_EXISTING,INTERACTIVE_LEARNING,7416,1,,,0,58,3,0,no,0,no,yes,
languages/te/level/b2/index.html,course-level,Telugu B2 — B2 Upper-Intermediate Telugu | EkGuru,https://ekguru.shop/languages/te/level/b2/,"index, follow, max-snippet:-1, max-image-preview:large",yes,PUBLISHABLE_EXISTING,INTERACTIVE_LEARNING,7438,1,,,0,58,3,0,no,0,no,yes,
languages/te/level/b3/index.html,course-level,Telugu B3 — not published | EkGuru,https://ekguru.shop/languages/te/level/b3/,"noindex, follow",no,NOINDEX,RESEARCH_REQUIRED,245,1,,,0,45,3,0,no,0,no,yes,
languages/te/level/c1/index.html,course-level,Telugu C1 — Telugu C1 Advanced Mastery | EkGuru,https://ekguru.shop/languages/te/level/c1/,"index, follow, max-snippet:-1, max-image-preview:large",yes,PUBLISHABLE_EXISTING,INTERACTIVE_LEARNING,11999,1,,,0,58,3,0,no,0,no,yes,
languages/te/level/c2/index.html,course-level,Telugu C2 — Telugu C2 Advanced Mastery | EkGuru,https://ekguru.shop/languages/te/level/c2/,"index, follow, max-snippet:-1, max-image-preview:large",yes,PUBLISHABLE_EXISTING,INTERACTIVE_LEARNING,13103,1,,,0,57,3,0,no,0,no,yes,
languages/te/level/c3/index.html,course-level,Telugu C3 — not published | EkGuru,https://ekguru.shop/languages/te/level/c3/,"noindex, follow",no,NOINDEX,RESEARCH_REQUIRED,245,1,,,0,45,3,0,no,0,no,yes,
languages/te/level/c4/index.html,course-level,Telugu C4 — not published | EkGuru,https://ekguru.shop/languages/te/level/c4/,"noindex, follow",no,NOINDEX,RESEARCH_REQUIRED,245,1,,,0,45,3,0,no,0,no,yes,
languages/te/level/c5/index.html,course-level,Telugu C5 — not published | EkGuru,https://ekguru.shop/languages/te/level/c5/,"noindex, follow",no,NOINDEX,RESEARCH_REQUIRED,245,1,,,0,45,3,0,no,0,no,yes,
languages/te/level/index.html,course-ladder,Telugu levels — A1 to C2 | EkGuru | EkGuru,https://ekguru.shop/languages/te/level/,"index, follow, max-snippet:-1, max-image-preview:large",yes,PUBLISHED,INTERACTIVE_LEARNING,582,1,,,0,50,3,0,no,0,no,yes,
languages/th/index.html,other,Learn Thai basics — free starter pack | EkGuru,https://ekguru.shop/languages/th/,"noindex, follow",no,NOINDEX,RESEARCH_REQUIRED,565,1,,,0,45,3,0,no,0,yes,no,
languages/th/level/a1/index.html,course-level,Thai A1 — not published | EkGuru,https://ekguru.shop/languages/th/level/a1/,"noindex, follow",no,PUBLIC_CONTENT_BUG,RESEARCH_REQUIRED,238,1,,,0,45,3,0,no,0,no,yes,
languages/th/level/a2/index.html,course-level,Thai A2 — not published | EkGuru,https://ekguru.shop/languages/th/level/a2/,"noindex, follow",no,PUBLIC_CONTENT_BUG,RESEARCH_REQUIRED,238,1,,,0,45,3,0,no,0,no,yes,
languages/th/level/a3/index.html,course-level,Thai A3 — not published | EkGuru,https://ekguru.shop/languages/th/level/a3/,"noindex, follow",no,NOINDEX,RESEARCH_REQUIRED,243,1,,,0,45,3,0,no,0,no,yes,
languages/th/level/b1/index.html,course-level,Thai B1 — not published | EkGuru,https://ekguru.shop/languages/th/level/b1/,"noindex, follow",no,PUBLIC_CONTENT_BUG,RESEARCH_REQUIRED,238,1,,,0,45,3,0,no,0,no,yes,
languages/th/level/b2/index.html,course-level,Thai B2 — not published | EkGuru,https://ekguru.shop/languages/th/level/b2/,"noindex, follow",no,PUBLIC_CONTENT_BUG,RESEARCH_REQUIRED,238,1,,,0,45,3,0,no,0,no,yes,
languages/th/level/b3/index.html,course-level,Thai B3 — not published | EkGuru,https://ekguru.shop/languages/th/level/b3/,"noindex, follow",no,NOINDEX,RESEARCH_REQUIRED,243,1,,,0,45,3,0,no,0,no,yes,
languages/th/level/c1/index.html,course-level,Thai C1 — not published | EkGuru,https://ekguru.shop/languages/th/level/c1/,"noindex, follow",no,PUBLIC_CONTENT_BUG,RESEARCH_REQUIRED,238,1,,,0,45,3,0,no,0,no,yes,
languages/th/level/c2/index.html,course-level,Thai C2 — not published | EkGuru,https://ekguru.shop/languages/th/level/c2/,"noindex, follow",no,PUBLIC_CONTENT_BUG,RESEARCH_REQUIRED,238,1,,,0,45,3,0,no,0,no,yes,
languages/th/level/c3/index.html,course-level,Thai C3 — not published | EkGuru,https://ekguru.shop/languages/th/level/c3/,"noindex, follow",no,NOINDEX,RESEARCH_REQUIRED,243,1,,,0,45,3,0,no,0,no,yes,
languages/th/level/c4/index.html,course-level,Thai C4 — not published | EkGuru,https://ekguru.shop/languages/th/level/c4/,"noindex, follow",no,NOINDEX,RESEARCH_REQUIRED,243,1,,,0,45,3,0,no,0,no,yes,
languages/th/level/c5/index.html,course-level,Thai C5 — not published | EkGuru,https://ekguru.shop/languages/th/level/c5/,"noindex, follow",no,NOINDEX,RESEARCH_REQUIRED,243,1,,,0,45,3,0,no,0,no,yes,
languages/th/level/index.html,course-ladder,Thai course — not published | EkGuru,https://ekguru.shop/languages/th/level/,"noindex, follow",no,NOINDEX,RESEARCH_REQUIRED,249,1,,,0,44,3,0,no,0,no,yes,
languages/tk/level/a1/index.html,course-level,Turkmen A1 — not published | EkGuru,https://ekguru.shop/languages/tk/level/a1/,"noindex, follow",no,PUBLIC_CONTENT_BUG,RESEARCH_REQUIRED,238,1,,,0,45,3,0,no,0,no,yes,
languages/tk/level/a2/index.html,course-level,Turkmen A2 — not published | EkGuru,https://ekguru.shop/languages/tk/level/a2/,"noindex, follow",no,PUBLIC_CONTENT_BUG,RESEARCH_REQUIRED,238,1,,,0,45,3,0,no,0,no,yes,
languages/tk/level/a3/index.html,course-level,Turkmen A3 — not published | EkGuru,https://ekguru.shop/languages/tk/level/a3/,"noindex, follow",no,NOINDEX,RESEARCH_REQUIRED,243,1,,,0,45,3,0,no,0,no,yes,
languages/tk/level/b1/index.html,course-level,Turkmen B1 — not published | EkGuru,https://ekguru.shop/languages/tk/level/b1/,"noindex, follow",no,PUBLIC_CONTENT_BUG,RESEARCH_REQUIRED,238,1,,,0,45,3,0,no,0,no,yes,
languages/tk/level/b2/index.html,course-level,Turkmen B2 — not published | EkGuru,https://ekguru.shop/languages/tk/level/b2/,"noindex, follow",no,PUBLIC_CONTENT_BUG,RESEARCH_REQUIRED,238,1,,,0,45,3,0,no,0,no,yes,
languages/tk/level/b3/index.html,course-level,Turkmen B3 — not published | EkGuru,https://ekguru.shop/languages/tk/level/b3/,"noindex, follow",no,NOINDEX,RESEARCH_REQUIRED,243,1,,,0,45,3,0,no,0,no,yes,
languages/tk/level/c1/index.html,course-level,Turkmen C1 — not published | EkGuru,https://ekguru.shop/languages/tk/level/c1/,"noindex, follow",no,PUBLIC_CONTENT_BUG,RESEARCH_REQUIRED,238,1,,,0,45,3,0,no,0,no,yes,
languages/tk/level/c2/index.html,course-level,Turkmen C2 — not published | EkGuru,https://ekguru.shop/languages/tk/level/c2/,"noindex, follow",no,PUBLIC_CONTENT_BUG,RESEARCH_REQUIRED,238,1,,,0,45,3,0,no,0,no,yes,
languages/tk/level/c3/index.html,course-level,Turkmen C3 — not published | EkGuru,https://ekguru.shop/languages/tk/level/c3/,"noindex, follow",no,NOINDEX,RESEARCH_REQUIRED,243,1,,,0,45,3,0,no,0,no,yes,
languages/tk/level/c4/index.html,course-level,Turkmen C4 — not published | EkGuru,https://ekguru.shop/languages/tk/level/c4/,"noindex, follow",no,NOINDEX,RESEARCH_REQUIRED,243,1,,,0,45,3,0,no,0,no,yes,
languages/tk/level/c5/index.html,course-level,Turkmen C5 — not published | EkGuru,https://ekguru.shop/languages/tk/level/c5/,"noindex, follow",no,NOINDEX,RESEARCH_REQUIRED,243,1,,,0,45,3,0,no,0,no,yes,
languages/tk/level/index.html,course-ladder,Turkmen course — not published | EkGuru,https://ekguru.shop/languages/tk/level/,"noindex, follow",no,NOINDEX,RESEARCH_REQUIRED,249,1,,,0,44,3,0,no,0,no,yes,
languages/tr/index.html,other,Learn Turkish basics — free starter pack | EkGuru,https://ekguru.shop/languages/tr/,"noindex, follow",no,NOINDEX,RESEARCH_REQUIRED,563,1,,,0,45,3,0,no,0,yes,no,
languages/tr/level/a1/index.html,course-level,Turkish A1 — not published | EkGuru,https://ekguru.shop/languages/tr/level/a1/,"noindex, follow",no,PUBLIC_CONTENT_BUG,RESEARCH_REQUIRED,238,1,,,0,45,3,0,no,0,no,yes,
languages/tr/level/a2/index.html,course-level,Turkish A2 — not published | EkGuru,https://ekguru.shop/languages/tr/level/a2/,"noindex, follow",no,PUBLIC_CONTENT_BUG,RESEARCH_REQUIRED,238,1,,,0,45,3,0,no,0,no,yes,
languages/tr/level/a3/index.html,course-level,Turkish A3 — not published | EkGuru,https://ekguru.shop/languages/tr/level/a3/,"noindex, follow",no,NOINDEX,RESEARCH_REQUIRED,243,1,,,0,45,3,0,no,0,no,yes,
languages/tr/level/b1/index.html,course-level,Turkish B1 — not published | EkGuru,https://ekguru.shop/languages/tr/level/b1/,"noindex, follow",no,PUBLIC_CONTENT_BUG,RESEARCH_REQUIRED,238,1,,,0,45,3,0,no,0,no,yes,
languages/tr/level/b2/index.html,course-level,Turkish B2 — not published | EkGuru,https://ekguru.shop/languages/tr/level/b2/,"noindex, follow",no,PUBLIC_CONTENT_BUG,RESEARCH_REQUIRED,238,1,,,0,45,3,0,no,0,no,yes,
languages/tr/level/b3/index.html,course-level,Turkish B3 — not published | EkGuru,https://ekguru.shop/languages/tr/level/b3/,"noindex, follow",no,NOINDEX,RESEARCH_REQUIRED,243,1,,,0,45,3,0,no,0,no,yes,
languages/tr/level/c1/index.html,course-level,Turkish C1 — not published | EkGuru,https://ekguru.shop/languages/tr/level/c1/,"noindex, follow",no,PUBLIC_CONTENT_BUG,RESEARCH_REQUIRED,238,1,,,0,45,3,0,no,0,no,yes,
languages/tr/level/c2/index.html,course-level,Turkish C2 — not published | EkGuru,https://ekguru.shop/languages/tr/level/c2/,"noindex, follow",no,PUBLIC_CONTENT_BUG,RESEARCH_REQUIRED,238,1,,,0,45,3,0,no,0,no,yes,
languages/tr/level/c3/index.html,course-level,Turkish C3 — not published | EkGuru,https://ekguru.shop/languages/tr/level/c3/,"noindex, follow",no,NOINDEX,RESEARCH_REQUIRED,243,1,,,0,45,3,0,no,0,no,yes,
languages/tr/level/c4/index.html,course-level,Turkish C4 — not published | EkGuru,https://ekguru.shop/languages/tr/level/c4/,"noindex, follow",no,NOINDEX,RESEARCH_REQUIRED,243,1,,,0,45,3,0,no,0,no,yes,
languages/tr/level/c5/index.html,course-level,Turkish C5 — not published | EkGuru,https://ekguru.shop/languages/tr/level/c5/,"noindex, follow",no,NOINDEX,RESEARCH_REQUIRED,243,1,,,0,45,3,0,no,0,no,yes,
languages/tr/level/index.html,course-ladder,Turkish course — not published | EkGuru,https://ekguru.shop/languages/tr/level/,"noindex, follow",no,NOINDEX,RESEARCH_REQUIRED,249,1,,,0,44,3,0,no,0,no,yes,
languages/ug/level/a1/index.html,course-level,Uyghur A1 — not published | EkGuru,https://ekguru.shop/languages/ug/level/a1/,"noindex, follow",no,PUBLIC_CONTENT_BUG,RESEARCH_REQUIRED,238,1,,,0,45,3,0,no,0,no,yes,
languages/ug/level/a2/index.html,course-level,Uyghur A2 — not published | EkGuru,https://ekguru.shop/languages/ug/level/a2/,"noindex, follow",no,PUBLIC_CONTENT_BUG,RESEARCH_REQUIRED,238,1,,,0,45,3,0,no,0,no,yes,
languages/ug/level/a3/index.html,course-level,Uyghur A3 — not published | EkGuru,https://ekguru.shop/languages/ug/level/a3/,"noindex, follow",no,NOINDEX,RESEARCH_REQUIRED,243,1,,,0,45,3,0,no,0,no,yes,
languages/ug/level/b1/index.html,course-level,Uyghur B1 — not published | EkGuru,https://ekguru.shop/languages/ug/level/b1/,"noindex, follow",no,PUBLIC_CONTENT_BUG,RESEARCH_REQUIRED,238,1,,,0,45,3,0,no,0,no,yes,
languages/ug/level/b2/index.html,course-level,Uyghur B2 — not published | EkGuru,https://ekguru.shop/languages/ug/level/b2/,"noindex, follow",no,PUBLIC_CONTENT_BUG,RESEARCH_REQUIRED,238,1,,,0,45,3,0,no,0,no,yes,
languages/ug/level/b3/index.html,course-level,Uyghur B3 — not published | EkGuru,https://ekguru.shop/languages/ug/level/b3/,"noindex, follow",no,NOINDEX,RESEARCH_REQUIRED,243,1,,,0,45,3,0,no,0,no,yes,
languages/ug/level/c1/index.html,course-level,Uyghur C1 — not published | EkGuru,https://ekguru.shop/languages/ug/level/c1/,"noindex, follow",no,PUBLIC_CONTENT_BUG,RESEARCH_REQUIRED,238,1,,,0,45,3,0,no,0,no,yes,
languages/ug/level/c2/index.html,course-level,Uyghur C2 — not published | EkGuru,https://ekguru.shop/languages/ug/level/c2/,"noindex, follow",no,PUBLIC_CONTENT_BUG,RESEARCH_REQUIRED,238,1,,,0,45,3,0,no,0,no,yes,
languages/ug/level/c3/index.html,course-level,Uyghur C3 — not published | EkGuru,https://ekguru.shop/languages/ug/level/c3/,"noindex, follow",no,NOINDEX,RESEARCH_REQUIRED,243,1,,,0,45,3,0,no,0,no,yes,
languages/ug/level/c4/index.html,course-level,Uyghur C4 — not published | EkGuru,https://ekguru.shop/languages/ug/level/c4/,"noindex, follow",no,NOINDEX,RESEARCH_REQUIRED,243,1,,,0,45,3,0,no,0,no,yes,
languages/ug/level/c5/index.html,course-level,Uyghur C5 — not published | EkGuru,https://ekguru.shop/languages/ug/level/c5/,"noindex, follow",no,NOINDEX,RESEARCH_REQUIRED,243,1,,,0,45,3,0,no,0,no,yes,
languages/ug/level/index.html,course-ladder,Uyghur course — not published | EkGuru,https://ekguru.shop/languages/ug/level/,"noindex, follow",no,NOINDEX,RESEARCH_REQUIRED,249,1,,,0,44,3,0,no,0,no,yes,
languages/uk/index.html,other,Learn Ukrainian basics — free starter pack | EkGuru,https://ekguru.shop/languages/uk/,"noindex, follow",no,NOINDEX,RESEARCH_REQUIRED,563,1,,,0,45,3,0,no,0,yes,no,
languages/uk/level/a1/index.html,course-level,Ukrainian A1 — not published | EkGuru,https://ekguru.shop/languages/uk/level/a1/,"noindex, follow",no,PUBLIC_CONTENT_BUG,RESEARCH_REQUIRED,238,1,,,0,45,3,0,no,0,no,yes,
languages/uk/level/a2/index.html,course-level,Ukrainian A2 — not published | EkGuru,https://ekguru.shop/languages/uk/level/a2/,"noindex, follow",no,PUBLIC_CONTENT_BUG,RESEARCH_REQUIRED,238,1,,,0,45,3,0,no,0,no,yes,
languages/uk/level/a3/index.html,course-level,Ukrainian A3 — not published | EkGuru,https://ekguru.shop/languages/uk/level/a3/,"noindex, follow",no,NOINDEX,RESEARCH_REQUIRED,243,1,,,0,45,3,0,no,0,no,yes,
languages/uk/level/b1/index.html,course-level,Ukrainian B1 — not published | EkGuru,https://ekguru.shop/languages/uk/level/b1/,"noindex, follow",no,PUBLIC_CONTENT_BUG,RESEARCH_REQUIRED,238,1,,,0,45,3,0,no,0,no,yes,
languages/uk/level/b2/index.html,course-level,Ukrainian B2 — not published | EkGuru,https://ekguru.shop/languages/uk/level/b2/,"noindex, follow",no,PUBLIC_CONTENT_BUG,RESEARCH_REQUIRED,238,1,,,0,45,3,0,no,0,no,yes,
languages/uk/level/b3/index.html,course-level,Ukrainian B3 — not published | EkGuru,https://ekguru.shop/languages/uk/level/b3/,"noindex, follow",no,NOINDEX,RESEARCH_REQUIRED,243,1,,,0,45,3,0,no,0,no,yes,
languages/uk/level/c1/index.html,course-level,Ukrainian C1 — not published | EkGuru,https://ekguru.shop/languages/uk/level/c1/,"noindex, follow",no,PUBLIC_CONTENT_BUG,RESEARCH_REQUIRED,238,1,,,0,45,3,0,no,0,no,yes,
languages/uk/level/c2/index.html,course-level,Ukrainian C2 — not published | EkGuru,https://ekguru.shop/languages/uk/level/c2/,"noindex, follow",no,PUBLIC_CONTENT_BUG,RESEARCH_REQUIRED,238,1,,,0,45,3,0,no,0,no,yes,
languages/uk/level/c3/index.html,course-level,Ukrainian C3 — not published | EkGuru,https://ekguru.shop/languages/uk/level/c3/,"noindex, follow",no,NOINDEX,RESEARCH_REQUIRED,243,1,,,0,45,3,0,no,0,no,yes,
languages/uk/level/c4/index.html,course-level,Ukrainian C4 — not published | EkGuru,https://ekguru.shop/languages/uk/level/c4/,"noindex, follow",no,NOINDEX,RESEARCH_REQUIRED,243,1,,,0,45,3,0,no,0,no,yes,
languages/uk/level/c5/index.html,course-level,Ukrainian C5 — not published | EkGuru,https://ekguru.shop/languages/uk/level/c5/,"noindex, follow",no,NOINDEX,RESEARCH_REQUIRED,243,1,,,0,45,3,0,no,0,no,yes,
languages/uk/level/index.html,course-ladder,Ukrainian course — not published | EkGuru,https://ekguru.shop/languages/uk/level/,"noindex, follow",no,NOINDEX,RESEARCH_REQUIRED,249,1,,,0,44,3,0,no,0,no,yes,
languages/ur/index.html,other,Learn Urdu basics — free starter pack | EkGuru,https://ekguru.shop/learn/urdu/,"noindex, follow",no,NOINDEX,RESEARCH_REQUIRED,443,1,,,0,44,3,0,no,0,yes,no,
languages/ur/level/a1/index.html,course-level,Urdu A1 — A1 Beginner Urdu | EkGuru,https://ekguru.shop/languages/ur/level/a1/,"index, follow, max-snippet:-1, max-image-preview:large",yes,PUBLISHABLE_EXISTING,INTERACTIVE_LEARNING,8075,1,,,0,58,3,0,no,0,no,yes,
languages/ur/level/a2/index.html,course-level,Urdu A2 — A2 Elementary Urdu | EkGuru,https://ekguru.shop/languages/ur/level/a2/,"index, follow, max-snippet:-1, max-image-preview:large",yes,PUBLISHABLE_EXISTING,INTERACTIVE_LEARNING,7596,1,,,0,58,3,0,no,0,no,yes,
languages/ur/level/a3/index.html,course-level,Urdu A3 — not published | EkGuru,https://ekguru.shop/languages/ur/level/a3/,"noindex, follow",no,NOINDEX,RESEARCH_REQUIRED,245,1,,,0,45,3,0,no,0,no,yes,
languages/ur/level/b1/index.html,course-level,Urdu B1 — Intermediate Urdu | EkGuru,https://ekguru.shop/languages/ur/level/b1/,"index, follow, max-snippet:-1, max-image-preview:large",yes,PUBLISHABLE_EXISTING,INTERACTIVE_LEARNING,8089,1,,,0,58,3,0,no,0,no,yes,
languages/ur/level/b2/index.html,course-level,Urdu B2 — Upper-Intermediate Urdu | EkGuru,https://ekguru.shop/languages/ur/level/b2/,"index, follow, max-snippet:-1, max-image-preview:large",yes,PUBLISHABLE_EXISTING,INTERACTIVE_LEARNING,7717,1,,,0,58,3,0,no,0,no,yes,
languages/ur/level/b3/index.html,course-level,Urdu B3 — not published | EkGuru,https://ekguru.shop/languages/ur/level/b3/,"noindex, follow",no,NOINDEX,RESEARCH_REQUIRED,245,1,,,0,45,3,0,no,0,no,yes,
languages/ur/level/c1/index.html,course-level,Urdu C1 — Proficient Urdu | EkGuru,https://ekguru.shop/languages/ur/level/c1/,"index, follow, max-snippet:-1, max-image-preview:large",yes,PUBLISHABLE_EXISTING,INTERACTIVE_LEARNING,7834,1,,,0,58,3,0,no,0,no,yes,
languages/ur/level/c2/index.html,course-level,Urdu C2 — Mastery Urdu | EkGuru,https://ekguru.shop/languages/ur/level/c2/,"index, follow, max-snippet:-1, max-image-preview:large",yes,PUBLISHABLE_EXISTING,INTERACTIVE_LEARNING,7698,1,,,0,57,3,0,no,0,no,yes,
languages/ur/level/c3/index.html,course-level,Urdu C3 — not published | EkGuru,https://ekguru.shop/languages/ur/level/c3/,"noindex, follow",no,NOINDEX,RESEARCH_REQUIRED,245,1,,,0,45,3,0,no,0,no,yes,
languages/ur/level/c4/index.html,course-level,Urdu C4 — not published | EkGuru,https://ekguru.shop/languages/ur/level/c4/,"noindex, follow",no,NOINDEX,RESEARCH_REQUIRED,245,1,,,0,45,3,0,no,0,no,yes,
languages/ur/level/c5/index.html,course-level,Urdu C5 — not published | EkGuru,https://ekguru.shop/languages/ur/level/c5/,"noindex, follow",no,NOINDEX,RESEARCH_REQUIRED,245,1,,,0,45,3,0,no,0,no,yes,
languages/ur/level/index.html,course-ladder,Urdu levels — A1 to C2 | EkGuru | EkGuru,https://ekguru.shop/languages/ur/level/,"index, follow, max-snippet:-1, max-image-preview:large",yes,PUBLISHED,INTERACTIVE_LEARNING,576,1,,,0,50,3,0,no,0,no,yes,
languages/uzn/level/a1/index.html,course-level,Uzbek A1 — not published | EkGuru,https://ekguru.shop/languages/uzn/level/a1/,"noindex, follow",no,PUBLIC_CONTENT_BUG,RESEARCH_REQUIRED,238,1,,,0,45,3,0,no,0,no,yes,
languages/uzn/level/a2/index.html,course-level,Uzbek A2 — not published | EkGuru,https://ekguru.shop/languages/uzn/level/a2/,"noindex, follow",no,PUBLIC_CONTENT_BUG,RESEARCH_REQUIRED,238,1,,,0,45,3,0,no,0,no,yes,
languages/uzn/level/a3/index.html,course-level,Uzbek A3 — not published | EkGuru,https://ekguru.shop/languages/uzn/level/a3/,"noindex, follow",no,NOINDEX,RESEARCH_REQUIRED,243,1,,,0,45,3,0,no,0,no,yes,
languages/uzn/level/b1/index.html,course-level,Uzbek B1 — not published | EkGuru,https://ekguru.shop/languages/uzn/level/b1/,"noindex, follow",no,PUBLIC_CONTENT_BUG,RESEARCH_REQUIRED,238,1,,,0,45,3,0,no,0,no,yes,
languages/uzn/level/b2/index.html,course-level,Uzbek B2 — not published | EkGuru,https://ekguru.shop/languages/uzn/level/b2/,"noindex, follow",no,PUBLIC_CONTENT_BUG,RESEARCH_REQUIRED,238,1,,,0,45,3,0,no,0,no,yes,
languages/uzn/level/b3/index.html,course-level,Uzbek B3 — not published | EkGuru,https://ekguru.shop/languages/uzn/level/b3/,"noindex, follow",no,NOINDEX,RESEARCH_REQUIRED,243,1,,,0,45,3,0,no,0,no,yes,
languages/uzn/level/c1/index.html,course-level,Uzbek C1 — not published | EkGuru,https://ekguru.shop/languages/uzn/level/c1/,"noindex, follow",no,PUBLIC_CONTENT_BUG,RESEARCH_REQUIRED,238,1,,,0,45,3,0,no,0,no,yes,
languages/uzn/level/c2/index.html,course-level,Uzbek C2 — not published | EkGuru,https://ekguru.shop/languages/uzn/level/c2/,"noindex, follow",no,PUBLIC_CONTENT_BUG,RESEARCH_REQUIRED,238,1,,,0,45,3,0,no,0,no,yes,
languages/uzn/level/c3/index.html,course-level,Uzbek C3 — not published | EkGuru,https://ekguru.shop/languages/uzn/level/c3/,"noindex, follow",no,NOINDEX,RESEARCH_REQUIRED,243,1,,,0,45,3,0,no,0,no,yes,
languages/uzn/level/c4/index.html,course-level,Uzbek C4 — not published | EkGuru,https://ekguru.shop/languages/uzn/level/c4/,"noindex, follow",no,NOINDEX,RESEARCH_REQUIRED,243,1,,,0,45,3,0,no,0,no,yes,
languages/uzn/level/c5/index.html,course-level,Uzbek C5 — not published | EkGuru,https://ekguru.shop/languages/uzn/level/c5/,"noindex, follow",no,NOINDEX,RESEARCH_REQUIRED,243,1,,,0,45,3,0,no,0,no,yes,
languages/uzn/level/index.html,course-ladder,Uzbek course — not published | EkGuru,https://ekguru.shop/languages/uzn/level/,"noindex, follow",no,NOINDEX,RESEARCH_REQUIRED,249,1,,,0,44,3,0,no,0,no,yes,
languages/vi/index.html,other,Learn Vietnamese basics — free starter pack | EkGuru,https://ekguru.shop/languages/vi/,"noindex, follow",no,NOINDEX,RESEARCH_REQUIRED,560,1,,,0,45,3,0,no,0,yes,no,
languages/vi/level/a1/index.html,course-level,Vietnamese A1 — not published | EkGuru,https://ekguru.shop/languages/vi/level/a1/,"noindex, follow",no,PUBLIC_CONTENT_BUG,RESEARCH_REQUIRED,238,1,,,0,45,3,0,no,0,no,yes,
languages/vi/level/a2/index.html,course-level,Vietnamese A2 — not published | EkGuru,https://ekguru.shop/languages/vi/level/a2/,"noindex, follow",no,PUBLIC_CONTENT_BUG,RESEARCH_REQUIRED,238,1,,,0,45,3,0,no,0,no,yes,
languages/vi/level/a3/index.html,course-level,Vietnamese A3 — not published | EkGuru,https://ekguru.shop/languages/vi/level/a3/,"noindex, follow",no,NOINDEX,RESEARCH_REQUIRED,243,1,,,0,45,3,0,no,0,no,yes,
languages/vi/level/b1/index.html,course-level,Vietnamese B1 — not published | EkGuru,https://ekguru.shop/languages/vi/level/b1/,"noindex, follow",no,PUBLIC_CONTENT_BUG,RESEARCH_REQUIRED,238,1,,,0,45,3,0,no,0,no,yes,
languages/vi/level/b2/index.html,course-level,Vietnamese B2 — not published | EkGuru,https://ekguru.shop/languages/vi/level/b2/,"noindex, follow",no,PUBLIC_CONTENT_BUG,RESEARCH_REQUIRED,238,1,,,0,45,3,0,no,0,no,yes,
languages/vi/level/b3/index.html,course-level,Vietnamese B3 — not published | EkGuru,https://ekguru.shop/languages/vi/level/b3/,"noindex, follow",no,NOINDEX,RESEARCH_REQUIRED,243,1,,,0,45,3,0,no,0,no,yes,
languages/vi/level/c1/index.html,course-level,Vietnamese C1 — not published | EkGuru,https://ekguru.shop/languages/vi/level/c1/,"noindex, follow",no,PUBLIC_CONTENT_BUG,RESEARCH_REQUIRED,238,1,,,0,45,3,0,no,0,no,yes,
languages/vi/level/c2/index.html,course-level,Vietnamese C2 — not published | EkGuru,https://ekguru.shop/languages/vi/level/c2/,"noindex, follow",no,PUBLIC_CONTENT_BUG,RESEARCH_REQUIRED,238,1,,,0,45,3,0,no,0,no,yes,
languages/vi/level/c3/index.html,course-level,Vietnamese C3 — not published | EkGuru,https://ekguru.shop/languages/vi/level/c3/,"noindex, follow",no,NOINDEX,RESEARCH_REQUIRED,243,1,,,0,45,3,0,no,0,no,yes,
languages/vi/level/c4/index.html,course-level,Vietnamese C4 — not published | EkGuru,https://ekguru.shop/languages/vi/level/c4/,"noindex, follow",no,NOINDEX,RESEARCH_REQUIRED,243,1,,,0,45,3,0,no,0,no,yes,
languages/vi/level/c5/index.html,course-level,Vietnamese C5 — not published | EkGuru,https://ekguru.shop/languages/vi/level/c5/,"noindex, follow",no,NOINDEX,RESEARCH_REQUIRED,243,1,,,0,45,3,0,no,0,no,yes,
languages/vi/level/index.html,course-ladder,Vietnamese course — not published | EkGuru,https://ekguru.shop/languages/vi/level/,"noindex, follow",no,NOINDEX,RESEARCH_REQUIRED,249,1,,,0,44,3,0,no,0,no,yes,
languages/xh/level/a1/index.html,course-level,Xhosa A1 — not published | EkGuru,https://ekguru.shop/languages/xh/level/a1/,"noindex, follow",no,PUBLIC_CONTENT_BUG,RESEARCH_REQUIRED,238,1,,,0,45,3,0,no,0,no,yes,
languages/xh/level/a2/index.html,course-level,Xhosa A2 — not published | EkGuru,https://ekguru.shop/languages/xh/level/a2/,"noindex, follow",no,PUBLIC_CONTENT_BUG,RESEARCH_REQUIRED,238,1,,,0,45,3,0,no,0,no,yes,
languages/xh/level/a3/index.html,course-level,Xhosa A3 — not published | EkGuru,https://ekguru.shop/languages/xh/level/a3/,"noindex, follow",no,NOINDEX,RESEARCH_REQUIRED,243,1,,,0,45,3,0,no,0,no,yes,
languages/xh/level/b1/index.html,course-level,Xhosa B1 — not published | EkGuru,https://ekguru.shop/languages/xh/level/b1/,"noindex, follow",no,PUBLIC_CONTENT_BUG,RESEARCH_REQUIRED,238,1,,,0,45,3,0,no,0,no,yes,
languages/xh/level/b2/index.html,course-level,Xhosa B2 — not published | EkGuru,https://ekguru.shop/languages/xh/level/b2/,"noindex, follow",no,PUBLIC_CONTENT_BUG,RESEARCH_REQUIRED,238,1,,,0,45,3,0,no,0,no,yes,
languages/xh/level/b3/index.html,course-level,Xhosa B3 — not published | EkGuru,https://ekguru.shop/languages/xh/level/b3/,"noindex, follow",no,NOINDEX,RESEARCH_REQUIRED,243,1,,,0,45,3,0,no,0,no,yes,
languages/xh/level/c1/index.html,course-level,Xhosa C1 — not published | EkGuru,https://ekguru.shop/languages/xh/level/c1/,"noindex, follow",no,PUBLIC_CONTENT_BUG,RESEARCH_REQUIRED,238,1,,,0,45,3,0,no,0,no,yes,
languages/xh/level/c2/index.html,course-level,Xhosa C2 — not published | EkGuru,https://ekguru.shop/languages/xh/level/c2/,"noindex, follow",no,PUBLIC_CONTENT_BUG,RESEARCH_REQUIRED,238,1,,,0,45,3,0,no,0,no,yes,
languages/xh/level/c3/index.html,course-level,Xhosa C3 — not published | EkGuru,https://ekguru.shop/languages/xh/level/c3/,"noindex, follow",no,NOINDEX,RESEARCH_REQUIRED,243,1,,,0,45,3,0,no,0,no,yes,
languages/xh/level/c4/index.html,course-level,Xhosa C4 — not published | EkGuru,https://ekguru.shop/languages/xh/level/c4/,"noindex, follow",no,NOINDEX,RESEARCH_REQUIRED,243,1,,,0,45,3,0,no,0,no,yes,
languages/xh/level/c5/index.html,course-level,Xhosa C5 — not published | EkGuru,https://ekguru.shop/languages/xh/level/c5/,"noindex, follow",no,NOINDEX,RESEARCH_REQUIRED,243,1,,,0,45,3,0,no,0,no,yes,
languages/xh/level/index.html,course-ladder,Xhosa course — not published | EkGuru,https://ekguru.shop/languages/xh/level/,"noindex, follow",no,NOINDEX,RESEARCH_REQUIRED,249,1,,,0,44,3,0,no,0,no,yes,
languages/yo/level/a1/index.html,course-level,Yoruba A1 — not published | EkGuru,https://ekguru.shop/languages/yo/level/a1/,"noindex, follow",no,PUBLIC_CONTENT_BUG,RESEARCH_REQUIRED,238,1,,,0,45,3,0,no,0,no,yes,
languages/yo/level/a2/index.html,course-level,Yoruba A2 — not published | EkGuru,https://ekguru.shop/languages/yo/level/a2/,"noindex, follow",no,PUBLIC_CONTENT_BUG,RESEARCH_REQUIRED,238,1,,,0,45,3,0,no,0,no,yes,
languages/yo/level/a3/index.html,course-level,Yoruba A3 — not published | EkGuru,https://ekguru.shop/languages/yo/level/a3/,"noindex, follow",no,NOINDEX,RESEARCH_REQUIRED,243,1,,,0,45,3,0,no,0,no,yes,
languages/yo/level/b1/index.html,course-level,Yoruba B1 — not published | EkGuru,https://ekguru.shop/languages/yo/level/b1/,"noindex, follow",no,PUBLIC_CONTENT_BUG,RESEARCH_REQUIRED,238,1,,,0,45,3,0,no,0,no,yes,
languages/yo/level/b2/index.html,course-level,Yoruba B2 — not published | EkGuru,https://ekguru.shop/languages/yo/level/b2/,"noindex, follow",no,PUBLIC_CONTENT_BUG,RESEARCH_REQUIRED,238,1,,,0,45,3,0,no,0,no,yes,
languages/yo/level/b3/index.html,course-level,Yoruba B3 — not published | EkGuru,https://ekguru.shop/languages/yo/level/b3/,"noindex, follow",no,NOINDEX,RESEARCH_REQUIRED,243,1,,,0,45,3,0,no,0,no,yes,
languages/yo/level/c1/index.html,course-level,Yoruba C1 — not published | EkGuru,https://ekguru.shop/languages/yo/level/c1/,"noindex, follow",no,PUBLIC_CONTENT_BUG,RESEARCH_REQUIRED,238,1,,,0,45,3,0,no,0,no,yes,
languages/yo/level/c2/index.html,course-level,Yoruba C2 — not published | EkGuru,https://ekguru.shop/languages/yo/level/c2/,"noindex, follow",no,PUBLIC_CONTENT_BUG,RESEARCH_REQUIRED,238,1,,,0,45,3,0,no,0,no,yes,
languages/yo/level/c3/index.html,course-level,Yoruba C3 — not published | EkGuru,https://ekguru.shop/languages/yo/level/c3/,"noindex, follow",no,NOINDEX,RESEARCH_REQUIRED,243,1,,,0,45,3,0,no,0,no,yes,
languages/yo/level/c4/index.html,course-level,Yoruba C4 — not published | EkGuru,https://ekguru.shop/languages/yo/level/c4/,"noindex, follow",no,NOINDEX,RESEARCH_REQUIRED,243,1,,,0,45,3,0,no,0,no,yes,
languages/yo/level/c5/index.html,course-level,Yoruba C5 — not published | EkGuru,https://ekguru.shop/languages/yo/level/c5/,"noindex, follow",no,NOINDEX,RESEARCH_REQUIRED,243,1,,,0,45,3,0,no,0,no,yes,
languages/yo/level/index.html,course-ladder,Yoruba course — not published | EkGuru,https://ekguru.shop/languages/yo/level/,"noindex, follow",no,NOINDEX,RESEARCH_REQUIRED,249,1,,,0,44,3,0,no,0,no,yes,
languages/zh/course/index.html,other,Learn Chinese — free course | EkGuru,https://ekguru.shop/languages/zh/course/,"index, follow, max-snippet:-1, max-image-preview:large",yes,PUBLISHED,HIGH_CONTENT,675,1,,,0,62,3,0,no,0,yes,yes,
languages/zh/index.html,other,Learn Chinese basics — free starter pack | EkGuru,https://ekguru.shop/languages/zh/,"index, follow, max-snippet:-1, max-image-preview:large",yes,PUBLISHED,HIGH_CONTENT,443,1,,,0,43,3,0,no,0,yes,no,
languages/zh/lessons/basic-sentences/index.html,other,Chinese Basic Sentences — Chinese Course | EkGuru,https://ekguru.shop/languages/zh/lessons/basic-sentences/,"index, follow, max-snippet:-1, max-image-preview:large",yes,PUBLISHED,HIGH_CONTENT,529,1,,,0,48,3,0,no,0,yes,yes,
languages/zh/lessons/food-and-ordering/index.html,other,Chinese Food and Ordering — Chinese Course | EkGuru,https://ekguru.shop/languages/zh/lessons/food-and-ordering/,"index, follow, max-snippet:-1, max-image-preview:large",yes,PUBLISHED,HIGH_CONTENT,497,1,,,0,48,3,0,no,0,yes,yes,
languages/zh/lessons/greetings-and-introductions/index.html,other,Chinese Greetings and Introductions — Chinese Course | EkGuru,https://ekguru.shop/languages/zh/lessons/greetings-and-introductions/,"index, follow, max-snippet:-1, max-image-preview:large",yes,PUBLISHED,HIGH_CONTENT,522,1,,,0,48,3,0,no,0,yes,yes,
languages/zh/lessons/numbers-and-measure-words/index.html,other,Chinese Numbers and Measure Words — Chinese Course | EkGuru,https://ekguru.shop/languages/zh/lessons/numbers-and-measure-words/,"index, follow, max-snippet:-1, max-image-preview:large",yes,PUBLISHED,HIGH_CONTENT,518,1,,,0,48,3,0,no,0,yes,yes,
languages/zh/lessons/pinyin-and-tones/index.html,other,Pinyin and the Four Tones — Chinese Course | EkGuru,https://ekguru.shop/languages/zh/lessons/pinyin-and-tones/,"index, follow, max-snippet:-1, max-image-preview:large",yes,PUBLISHED,HIGH_CONTENT,547,1,,,0,48,3,0,no,0,yes,yes,
languages/zh/lessons/shi-you-and-zai/index.html,other,"是, 有 and 在 — The Three Workhorses — Chinese Course | EkGuru",https://ekguru.shop/languages/zh/lessons/shi-you-and-zai/,"index, follow, max-snippet:-1, max-image-preview:large",yes,PUBLISHED,HIGH_CONTENT,532,1,,,0,48,3,0,no,0,yes,yes,
languages/zh/level/a1/index.html,course-level,"Chinese A1 — Starter: greetings, 是, first verbs | EkGuru",https://ekguru.shop/languages/zh/level/a1/,"index, follow, max-snippet:-1, max-image-preview:large",yes,PUBLISHABLE_EXISTING,INTERACTIVE_LEARNING,7318,1,,,0,59,3,0,no,0,no,yes,
languages/zh/level/a2/index.html,course-level,"Chinese A2 — Elementary: 了/过, ability, places, food | EkGuru",https://ekguru.shop/languages/zh/level/a2/,"index, follow, max-snippet:-1, max-image-preview:large",yes,PUBLISHABLE_EXISTING,INTERACTIVE_LEARNING,7141,1,,,0,59,3,0,no,0,no,yes,
languages/zh/level/a3/index.html,course-level,Chinese A3 — not published | EkGuru,https://ekguru.shop/languages/zh/level/a3/,"noindex, follow",no,NOINDEX,RESEARCH_REQUIRED,245,1,,,0,45,3,0,no,0,no,yes,
languages/zh/level/b1/index.html,course-level,"Chinese B1 — Intermediate: 把/被, family, comparisons, weather | EkGuru",https://ekguru.shop/languages/zh/level/b1/,"index, follow, max-snippet:-1, max-image-preview:large",yes,PUBLISHABLE_EXISTING,INTERACTIVE_LEARNING,7293,1,,,0,59,3,0,no,0,no,yes,
languages/zh/level/b2/index.html,course-level,"Chinese B2 — Advanced: conditionals, politeness, debate, culture | EkGuru",https://ekguru.shop/languages/zh/level/b2/,"index, follow, max-snippet:-1, max-image-preview:large",yes,PUBLISHABLE_EXISTING,INTERACTIVE_LEARNING,7584,1,,,0,59,3,0,no,0,no,yes,
languages/zh/level/b3/index.html,course-level,Chinese B3 — not published | EkGuru,https://ekguru.shop/languages/zh/level/b3/,"noindex, follow",no,NOINDEX,RESEARCH_REQUIRED,245,1,,,0,45,3,0,no,0,no,yes,
languages/zh/level/c1/index.html,course-level,Chinese C1 — Chinese C1 Advanced Mastery | EkGuru,https://ekguru.shop/languages/zh/level/c1/,"index, follow, max-snippet:-1, max-image-preview:large",yes,PUBLISHABLE_EXISTING,INTERACTIVE_LEARNING,9366,1,,,0,59,3,0,no,0,no,yes,
languages/zh/level/c2/index.html,course-level,Chinese C2 — Chinese C2 Advanced Mastery | EkGuru,https://ekguru.shop/languages/zh/level/c2/,"index, follow, max-snippet:-1, max-image-preview:large",yes,PUBLISHABLE_EXISTING,INTERACTIVE_LEARNING,9113,1,,,0,58,3,0,no,0,no,yes,
languages/zh/level/c3/index.html,course-level,Chinese C3 — not published | EkGuru,https://ekguru.shop/languages/zh/level/c3/,"noindex, follow",no,NOINDEX,RESEARCH_REQUIRED,245,1,,,0,45,3,0,no,0,no,yes,
languages/zh/level/c4/index.html,course-level,Chinese C4 — not published | EkGuru,https://ekguru.shop/languages/zh/level/c4/,"noindex, follow",no,NOINDEX,RESEARCH_REQUIRED,245,1,,,0,45,3,0,no,0,no,yes,
languages/zh/level/c5/index.html,course-level,Chinese C5 — not published | EkGuru,https://ekguru.shop/languages/zh/level/c5/,"noindex, follow",no,NOINDEX,RESEARCH_REQUIRED,245,1,,,0,45,3,0,no,0,no,yes,
languages/zh/level/index.html,course-ladder,Chinese levels — A1 to C2 | EkGuru | EkGuru,https://ekguru.shop/languages/zh/level/,"index, follow, max-snippet:-1, max-image-preview:large",yes,PUBLISHED,INTERACTIVE_LEARNING,591,1,,,0,50,3,0,no,0,no,yes,
languages/zh/practice/index.html,other,Chinese Practice — Vocabulary & Grammar Drills | EkGuru,https://ekguru.shop/languages/zh/practice/,"index, follow, max-snippet:-1, max-image-preview:large",yes,PUBLISHED,INTERACTIVE_LEARNING,385,1,,,0,43,3,0,no,0,yes,yes,
languages/zh/quiz/index.html,other,Chinese Quiz — Topic Questions with Explanations | EkGuru,https://ekguru.shop/languages/zh/quiz/,"index, follow, max-snippet:-1, max-image-preview:large",yes,PUBLISHED,INTERACTIVE_LEARNING,381,1,,,0,43,3,0,no,0,yes,yes,
languages/zh/review/index.html,other,Chinese Review — spaced repetition | EkGuru,https://ekguru.shop/languages/zh/review/,"noindex, follow",no,NOINDEX,RESEARCH_REQUIRED,372,1,,,0,43,3,0,no,0,yes,yes,
languages/zsm/level/a1/index.html,course-level,Standard Malay A1 — not published | EkGuru,https://ekguru.shop/languages/zsm/level/a1/,"noindex, follow",no,PUBLIC_CONTENT_BUG,RESEARCH_REQUIRED,244,1,,,0,45,3,0,no,0,no,yes,
languages/zsm/level/a2/index.html,course-level,Standard Malay A2 — not published | EkGuru,https://ekguru.shop/languages/zsm/level/a2/,"noindex, follow",no,PUBLIC_CONTENT_BUG,RESEARCH_REQUIRED,244,1,,,0,45,3,0,no,0,no,yes,
languages/zsm/level/a3/index.html,course-level,Standard Malay A3 — not published | EkGuru,https://ekguru.shop/languages/zsm/level/a3/,"noindex, follow",no,NOINDEX,RESEARCH_REQUIRED,249,1,,,0,45,3,0,no,0,no,yes,
languages/zsm/level/b1/index.html,course-level,Standard Malay B1 — not published | EkGuru,https://ekguru.shop/languages/zsm/level/b1/,"noindex, follow",no,PUBLIC_CONTENT_BUG,RESEARCH_REQUIRED,244,1,,,0,45,3,0,no,0,no,yes,
languages/zsm/level/b2/index.html,course-level,Standard Malay B2 — not published | EkGuru,https://ekguru.shop/languages/zsm/level/b2/,"noindex, follow",no,PUBLIC_CONTENT_BUG,RESEARCH_REQUIRED,244,1,,,0,45,3,0,no,0,no,yes,
languages/zsm/level/b3/index.html,course-level,Standard Malay B3 — not published | EkGuru,https://ekguru.shop/languages/zsm/level/b3/,"noindex, follow",no,NOINDEX,RESEARCH_REQUIRED,249,1,,,0,45,3,0,no,0,no,yes,
languages/zsm/level/c1/index.html,course-level,Standard Malay C1 — not published | EkGuru,https://ekguru.shop/languages/zsm/level/c1/,"noindex, follow",no,PUBLIC_CONTENT_BUG,RESEARCH_REQUIRED,244,1,,,0,45,3,0,no,0,no,yes,
languages/zsm/level/c2/index.html,course-level,Standard Malay C2 — not published | EkGuru,https://ekguru.shop/languages/zsm/level/c2/,"noindex, follow",no,PUBLIC_CONTENT_BUG,RESEARCH_REQUIRED,244,1,,,0,45,3,0,no,0,no,yes,
languages/zsm/level/c3/index.html,course-level,Standard Malay C3 — not published | EkGuru,https://ekguru.shop/languages/zsm/level/c3/,"noindex, follow",no,NOINDEX,RESEARCH_REQUIRED,249,1,,,0,45,3,0,no,0,no,yes,
languages/zsm/level/c4/index.html,course-level,Standard Malay C4 — not published | EkGuru,https://ekguru.shop/languages/zsm/level/c4/,"noindex, follow",no,NOINDEX,RESEARCH_REQUIRED,249,1,,,0,45,3,0,no,0,no,yes,
languages/zsm/level/c5/index.html,course-level,Standard Malay C5 — not published | EkGuru,https://ekguru.shop/languages/zsm/level/c5/,"noindex, follow",no,NOINDEX,RESEARCH_REQUIRED,249,1,,,0,45,3,0,no,0,no,yes,
languages/zsm/level/index.html,course-ladder,Standard Malay course — not published | EkGuru,https://ekguru.shop/languages/zsm/level/,"noindex, follow",no,NOINDEX,RESEARCH_REQUIRED,254,1,,,0,44,3,0,no,0,no,yes,
languages/zu/level/a1/index.html,course-level,Zulu A1 — not published | EkGuru,https://ekguru.shop/languages/zu/level/a1/,"noindex, follow",no,PUBLIC_CONTENT_BUG,RESEARCH_REQUIRED,238,1,,,0,45,3,0,no,0,no,yes,
languages/zu/level/a2/index.html,course-level,Zulu A2 — not published | EkGuru,https://ekguru.shop/languages/zu/level/a2/,"noindex, follow",no,PUBLIC_CONTENT_BUG,RESEARCH_REQUIRED,238,1,,,0,45,3,0,no,0,no,yes,
languages/zu/level/a3/index.html,course-level,Zulu A3 — not published | EkGuru,https://ekguru.shop/languages/zu/level/a3/,"noindex, follow",no,NOINDEX,RESEARCH_REQUIRED,243,1,,,0,45,3,0,no,0,no,yes,
languages/zu/level/b1/index.html,course-level,Zulu B1 — not published | EkGuru,https://ekguru.shop/languages/zu/level/b1/,"noindex, follow",no,PUBLIC_CONTENT_BUG,RESEARCH_REQUIRED,238,1,,,0,45,3,0,no,0,no,yes,
languages/zu/level/b2/index.html,course-level,Zulu B2 — not published | EkGuru,https://ekguru.shop/languages/zu/level/b2/,"noindex, follow",no,PUBLIC_CONTENT_BUG,RESEARCH_REQUIRED,238,1,,,0,45,3,0,no,0,no,yes,
languages/zu/level/b3/index.html,course-level,Zulu B3 — not published | EkGuru,https://ekguru.shop/languages/zu/level/b3/,"noindex, follow",no,NOINDEX,RESEARCH_REQUIRED,243,1,,,0,45,3,0,no,0,no,yes,
languages/zu/level/c1/index.html,course-level,Zulu C1 — not published | EkGuru,https://ekguru.shop/languages/zu/level/c1/,"noindex, follow",no,PUBLIC_CONTENT_BUG,RESEARCH_REQUIRED,238,1,,,0,45,3,0,no,0,no,yes,
languages/zu/level/c2/index.html,course-level,Zulu C2 — not published | EkGuru,https://ekguru.shop/languages/zu/level/c2/,"noindex, follow",no,PUBLIC_CONTENT_BUG,RESEARCH_REQUIRED,238,1,,,0,45,3,0,no,0,no,yes,
languages/zu/level/c3/index.html,course-level,Zulu C3 — not published | EkGuru,https://ekguru.shop/languages/zu/level/c3/,"noindex, follow",no,NOINDEX,RESEARCH_REQUIRED,243,1,,,0,45,3,0,no,0,no,yes,
languages/zu/level/c4/index.html,course-level,Zulu C4 — not published | EkGuru,https://ekguru.shop/languages/zu/level/c4/,"noindex, follow",no,NOINDEX,RESEARCH_REQUIRED,243,1,,,0,45,3,0,no,0,no,yes,
languages/zu/level/c5/index.html,course-level,Zulu C5 — not published | EkGuru,https://ekguru.shop/languages/zu/level/c5/,"noindex, follow",no,NOINDEX,RESEARCH_REQUIRED,243,1,,,0,45,3,0,no,0,no,yes,
languages/zu/level/index.html,course-ladder,Zulu course — not published | EkGuru,https://ekguru.shop/languages/zu/level/,"noindex, follow",no,NOINDEX,RESEARCH_REQUIRED,249,1,,,0,44,3,0,no,0,no,yes,
learn/aap-tum-tu-hindi/index.html,learning-content,"Aap, Tum or Tu — Getting Politeness Right in Hindi | EkGuru",https://ekguru.shop/learn/aap-tum-tu-hindi/,"index, follow, max-snippet:-1, max-image-preview:large",yes,PUBLISHED,HIGH_CONTENT,1336,1,,,0,73,3,0,no,0,yes,yes,
learn/bengali/advanced/education/index.html,learning-content,Bengali: Education & school — advanced words and phrases | EkGuru,https://ekguru.shop/learn/bengali/advanced/education/,"index, follow, max-snippet:-1, max-image-preview:large",yes,PUBLISHED,HIGH_CONTENT,1330,1,,,0,47,3,0,no,0,yes,yes,
learn/bengali/advanced/festivals/index.html,learning-content,Bengali: Festivals & celebrations — advanced words | EkGuru,https://ekguru.shop/learn/bengali/advanced/festivals/,"index, follow, max-snippet:-1, max-image-preview:large",yes,PUBLISHED,HIGH_CONTENT,901,1,,,0,46,3,0,no,0,yes,yes,
learn/bengali/advanced/health/index.html,learning-content,Bengali: Health & doctor — advanced words and phrases | EkGuru,https://ekguru.shop/learn/bengali/advanced/health/,"index, follow, max-snippet:-1, max-image-preview:large",yes,PUBLISHED,HIGH_CONTENT,1266,1,,,0,47,3,0,no,0,yes,yes,
learn/bengali/advanced/home/index.html,learning-content,Bengali: Home & family — advanced words and phrases | EkGuru,https://ekguru.shop/learn/bengali/advanced/home/,"index, follow, max-snippet:-1, max-image-preview:large",yes,PUBLISHED,HIGH_CONTENT,1378,1,,,0,47,3,0,no,0,yes,yes,
learn/bengali/advanced/index.html,learning-content,Bengali advanced topics — beyond the basics | EkGuru,https://ekguru.shop/learn/bengali/advanced/,"index, follow, max-snippet:-1, max-image-preview:large",yes,PUBLISHED,HIGH_CONTENT,308,1,,,0,44,3,0,no,0,yes,yes,
learn/bengali/advanced/office/index.html,learning-content,Bengali: Office & work — advanced words and phrases | EkGuru,https://ekguru.shop/learn/bengali/advanced/office/,"index, follow, max-snippet:-1, max-image-preview:large",yes,PUBLISHED,HIGH_CONTENT,1363,1,,,0,47,3,0,no,0,yes,yes,
learn/bengali/advanced/weather/index.html,learning-content,Bengali: Weather & nature — advanced words and phrases | EkGuru,https://ekguru.shop/learn/bengali/advanced/weather/,"index, follow, max-snippet:-1, max-image-preview:large",yes,PUBLISHED,HIGH_CONTENT,1287,1,,,0,47,3,0,no,0,yes,yes,
learn/bengali/basics/index.html,learning-content,"Bengali basics — the script, sounds and first steps | EkGuru",https://ekguru.shop/learn/bengali/basics/,"index, follow, max-snippet:-1, max-image-preview:large",yes,PUBLISHED,HIGH_CONTENT,455,1,,,0,52,3,0,no,0,yes,yes,
learn/bengali/beginner/index.html,learning-content,Bengali Beginner | EkGuru,https://ekguru.shop/learn/bengali/beginner/,"index, follow, max-snippet:-1, max-image-preview:large",yes,PUBLISHED,HIGH_CONTENT,331,1,,,0,52,3,0,no,0,yes,yes,
learn/bengali/conversation/index.html,learning-content,Bengali conversation — greetings and first dialogues | EkGuru,https://ekguru.shop/learn/bengali/conversation/,"index, follow, max-snippet:-1, max-image-preview:large",yes,PUBLISHED,HIGH_CONTENT,454,1,,,0,47,3,0,no,0,yes,yes,
learn/bengali/daily-life/index.html,learning-content,Bengali daily life & culture | EkGuru,https://ekguru.shop/learn/bengali/daily-life/,"index, follow, max-snippet:-1, max-image-preview:large",yes,PUBLISHED,HIGH_CONTENT,454,1,,,0,45,3,0,no,0,yes,yes,
learn/bengali/elementary/index.html,learning-content,Bengali Elementary | EkGuru,https://ekguru.shop/learn/bengali/elementary/,"index, follow, max-snippet:-1, max-image-preview:large",yes,PUBLISHED,HIGH_CONTENT,326,1,,,0,54,3,0,no,0,yes,yes,
learn/bengali/food/index.html,learning-content,Bengali food & eating — ordering and table talk | EkGuru,https://ekguru.shop/learn/bengali/food/,"index, follow, max-snippet:-1, max-image-preview:large",yes,PUBLISHED,HIGH_CONTENT,410,1,,,0,45,3,0,no,0,yes,yes,
learn/bengali/grammar/index.html,learning-content,"Bengali grammar — word order, verbs and pronouns | EkGuru",https://ekguru.shop/learn/bengali/grammar/,"index, follow, max-snippet:-1, max-image-preview:large",yes,PUBLISHED,HIGH_CONTENT,671,1,,,0,45,3,0,no,0,yes,yes,
learn/bengali/index.html,learning-content,Learn Bengali — the complete course | EkGuru,https://ekguru.shop/learn/bengali/,"index, follow, max-snippet:-1, max-image-preview:large",yes,PUBLISHED,HIGH_CONTENT,870,1,,,0,49,3,0,no,0,yes,yes,
learn/bengali/intermediate/index.html,learning-content,Bengali Intermediate | EkGuru,https://ekguru.shop/learn/bengali/intermediate/,"index, follow, max-snippet:-1, max-image-preview:large",yes,PUBLISHED,HIGH_CONTENT,333,1,,,0,51,3,0,no,0,yes,yes,
learn/bengali/my-progress/index.html,learning-content,My Bengali progress | EkGuru,https://ekguru.shop/learn/bengali/my-progress/,"noindex, follow",no,NOINDEX,RESEARCH_REQUIRED,350,1,,,0,64,3,0,no,0,yes,yes,
learn/bengali/numbers/index.html,learning-content,Counting in Bengali: 1 to 100 (A1 lesson) | EkGuru,https://ekguru.shop/learn/bengali/numbers/,"index, follow, max-snippet:-1, max-image-preview:large",yes,PUBLISHED,HIGH_CONTENT,367,1,,,0,46,3,0,no,0,yes,yes,
learn/bengali/practice/conversation/index.html,learning-content,Bengali conversation scenarios | EkGuru,https://ekguru.shop/learn/bengali/practice/conversation/,"index, follow, max-snippet:-1, max-image-preview:large",yes,PUBLISHED,INTERACTIVE_LEARNING,519,1,,,0,44,3,0,no,0,yes,yes,
learn/bengali/practice/index.html,learning-content,Bengali practice labs | EkGuru,https://ekguru.shop/learn/bengali/practice/,"index, follow, max-snippet:-1, max-image-preview:large",yes,PUBLISHED,INTERACTIVE_LEARNING,425,1,,,0,43,3,0,no,0,yes,yes,
learn/bengali/practice/quiz/index.html,learning-content,Bengali topic quiz | EkGuru,https://ekguru.shop/learn/bengali/practice/quiz/,"index, follow, max-snippet:-1, max-image-preview:large",yes,PUBLISHED,INTERACTIVE_LEARNING,388,1,,,0,44,3,0,no,0,yes,yes,
learn/bengali/practice/typing/index.html,learning-content,Bengali typing trainer | EkGuru,https://ekguru.shop/learn/bengali/practice/typing/,"index, follow, max-snippet:-1, max-image-preview:large",yes,PUBLISHED,INTERACTIVE_LEARNING,367,1,,,0,44,3,0,no,0,yes,yes,
learn/bengali/practice/worksheets/index.html,learning-content,Bengali worksheets | EkGuru,https://ekguru.shop/learn/bengali/practice/worksheets/,"index, follow, max-snippet:-1, max-image-preview:large",yes,PUBLISHED,INTERACTIVE_LEARNING,518,1,,,0,44,3,0,no,0,yes,yes,
learn/bengali/pronunciation/index.html,learning-content,"Bengali pronunciation, reading & writing | EkGuru",https://ekguru.shop/learn/bengali/pronunciation/,"index, follow, max-snippet:-1, max-image-preview:large",yes,PUBLISHED,HIGH_CONTENT,682,1,,,0,48,3,0,no,0,yes,yes,
learn/bengali/review/index.html,learning-content,Bengali review deck | EkGuru,https://ekguru.shop/learn/bengali/review/,"noindex, follow",no,NOINDEX,RESEARCH_REQUIRED,299,1,,,0,43,3,0,no,0,yes,yes,
learn/bengali/shopping/index.html,learning-content,Bengali shopping & money — prices and bargaining | EkGuru,https://ekguru.shop/learn/bengali/shopping/,"index, follow, max-snippet:-1, max-image-preview:large",yes,PUBLISHED,HIGH_CONTENT,346,1,,,0,45,3,0,no,0,yes,yes,
learn/bengali/time-dates/index.html,learning-content,Bengali time & dates — days and the clock | EkGuru,https://ekguru.shop/learn/bengali/time-dates/,"index, follow, max-snippet:-1, max-image-preview:large",yes,PUBLISHED,HIGH_CONTENT,333,1,,,0,45,3,0,no,0,yes,yes,
learn/bengali/travel/index.html,learning-content,"Bengali for travel — stations, directions and fares | EkGuru",https://ekguru.shop/learn/bengali/travel/,"index, follow, max-snippet:-1, max-image-preview:large",yes,PUBLISHED,HIGH_CONTENT,369,1,,,0,45,3,0,no,0,yes,yes,
learn/bengali/vocabulary/index.html,learning-content,"Bengali vocabulary — family, colours and core words | EkGuru",https://ekguru.shop/learn/bengali/vocabulary/,"index, follow, max-snippet:-1, max-image-preview:large",yes,PUBLISHED,HIGH_CONTENT,515,1,,,0,46,3,0,no,0,yes,yes,
learn/common-hindi-mistakes/index.html,learning-content,10 Common Hindi Learner Mistakes | EkGuru,https://ekguru.shop/learn/common-hindi-mistakes/,"index, follow, max-snippet:-1, max-image-preview:large",yes,PUBLISHED,HIGH_CONTENT,1485,1,,,0,76,3,0,no,0,yes,yes,
learn/contexts/heritage/index.html,learning-content,Hindi for Family & Heritage Learners | EkGuru,https://ekguru.shop/learn/contexts/heritage/,"index, follow, max-snippet:-1, max-image-preview:large",yes,PUBLISHED,HIGH_CONTENT,211,1,,,0,42,3,0,no,0,yes,yes,
learn/contexts/index.html,learning-content,Learn Hindi for your context — India visitor & her | EkGuru,https://ekguru.shop/learn/contexts/,"index, follow, max-snippet:-1, max-image-preview:large",yes,PUBLISHED,HIGH_CONTENT,314,1,,,0,44,3,0,no,0,yes,yes,
learn/contexts/india-visitor/index.html,learning-content,Learn Hindi for India — the visitor's phrase path | EkGuru,https://ekguru.shop/learn/contexts/india-visitor/,"index, follow, max-snippet:-1, max-image-preview:large",yes,PUBLISHED,HIGH_CONTENT,223,1,,,0,42,3,0,no,0,yes,yes,
learn/gujarati/advanced/education/index.html,learning-content,Gujarati: School & learning — advanced words and phrases | EkGuru,https://ekguru.shop/learn/gujarati/advanced/education/,"index, follow, max-snippet:-1, max-image-preview:large",yes,PUBLISHED,HIGH_CONTENT,1243,1,,,0,47,3,0,no,0,yes,yes,
learn/gujarati/advanced/festivals/index.html,learning-content,Gujarati: Festivals & culture — advanced words and | EkGuru,https://ekguru.shop/learn/gujarati/advanced/festivals/,"index, follow, max-snippet:-1, max-image-preview:large",yes,PUBLISHED,HIGH_CONTENT,804,1,,,0,46,3,0,no,0,yes,yes,
learn/gujarati/advanced/health/index.html,learning-content,Gujarati: Health & doctor — advanced words and phrases | EkGuru,https://ekguru.shop/learn/gujarati/advanced/health/,"index, follow, max-snippet:-1, max-image-preview:large",yes,PUBLISHED,HIGH_CONTENT,1272,1,,,0,47,3,0,no,0,yes,yes,
learn/gujarati/advanced/home/index.html,learning-content,Gujarati: Home & family — advanced words and phrases | EkGuru,https://ekguru.shop/learn/gujarati/advanced/home/,"index, follow, max-snippet:-1, max-image-preview:large",yes,PUBLISHED,HIGH_CONTENT,1338,1,,,0,47,3,0,no,0,yes,yes,
learn/gujarati/advanced/index.html,learning-content,Gujarati advanced topics — beyond the basics | EkGuru,https://ekguru.shop/learn/gujarati/advanced/,"index, follow, max-snippet:-1, max-image-preview:large",yes,PUBLISHED,HIGH_CONTENT,295,1,,,0,44,3,0,no,0,yes,yes,
learn/gujarati/advanced/office/index.html,learning-content,Gujarati: Office & work — advanced words and phrases | EkGuru,https://ekguru.shop/learn/gujarati/advanced/office/,"index, follow, max-snippet:-1, max-image-preview:large",yes,PUBLISHED,HIGH_CONTENT,1286,1,,,0,47,3,0,no,0,yes,yes,
learn/gujarati/advanced/weather/index.html,learning-content,Gujarati: Weather & seasons — advanced words and phrases | EkGuru,https://ekguru.shop/learn/gujarati/advanced/weather/,"index, follow, max-snippet:-1, max-image-preview:large",yes,PUBLISHED,HIGH_CONTENT,1112,1,,,0,47,3,0,no,0,yes,yes,
learn/gujarati/basics/index.html,learning-content,"Gujarati basics — the script, sounds and first steps | EkGuru",https://ekguru.shop/learn/gujarati/basics/,"index, follow, max-snippet:-1, max-image-preview:large",yes,PUBLISHED,HIGH_CONTENT,465,1,,,0,52,3,0,no,0,yes,yes,
learn/gujarati/beginner/index.html,learning-content,Gujarati Beginner | EkGuru,https://ekguru.shop/learn/gujarati/beginner/,"index, follow, max-snippet:-1, max-image-preview:large",yes,PUBLISHED,HIGH_CONTENT,331,1,,,0,52,3,0,no,0,yes,yes,
learn/gujarati/conversation/index.html,learning-content,Gujarati conversation — greetings and first dialogues | EkGuru,https://ekguru.shop/learn/gujarati/conversation/,"index, follow, max-snippet:-1, max-image-preview:large",yes,PUBLISHED,HIGH_CONTENT,472,1,,,0,47,3,0,no,0,yes,yes,
learn/gujarati/daily-life/index.html,learning-content,Gujarati daily life & culture | EkGuru,https://ekguru.shop/learn/gujarati/daily-life/,"index, follow, max-snippet:-1, max-image-preview:large",yes,PUBLISHED,HIGH_CONTENT,452,1,,,0,45,3,0,no,0,yes,yes,
learn/gujarati/elementary/index.html,learning-content,Gujarati Elementary | EkGuru,https://ekguru.shop/learn/gujarati/elementary/,"index, follow, max-snippet:-1, max-image-preview:large",yes,PUBLISHED,HIGH_CONTENT,326,1,,,0,54,3,0,no,0,yes,yes,
learn/gujarati/food/index.html,learning-content,Gujarati food & eating — ordering and table talk | EkGuru,https://ekguru.shop/learn/gujarati/food/,"index, follow, max-snippet:-1, max-image-preview:large",yes,PUBLISHED,HIGH_CONTENT,429,1,,,0,45,3,0,no,0,yes,yes,
learn/gujarati/grammar/index.html,learning-content,"Gujarati grammar — word order, verbs and pronouns | EkGuru",https://ekguru.shop/learn/gujarati/grammar/,"index, follow, max-snippet:-1, max-image-preview:large",yes,PUBLISHED,HIGH_CONTENT,783,1,,,0,45,3,0,no,0,yes,yes,
learn/gujarati/index.html,learning-content,Learn Gujarati — the complete course | EkGuru,https://ekguru.shop/learn/gujarati/,"index, follow, max-snippet:-1, max-image-preview:large",yes,PUBLISHED,HIGH_CONTENT,856,1,,,0,51,3,0,no,0,yes,yes,
learn/gujarati/intermediate/index.html,learning-content,Gujarati Intermediate | EkGuru,https://ekguru.shop/learn/gujarati/intermediate/,"index, follow, max-snippet:-1, max-image-preview:large",yes,PUBLISHED,HIGH_CONTENT,333,1,,,0,51,3,0,no,0,yes,yes,
learn/gujarati/my-progress/index.html,learning-content,My Gujarati progress | EkGuru,https://ekguru.shop/learn/gujarati/my-progress/,"noindex, follow",no,NOINDEX,RESEARCH_REQUIRED,350,1,,,0,64,3,0,no,0,yes,yes,
learn/gujarati/numbers/index.html,learning-content,Counting in Gujarati: 1 to 100 (A1 lesson) | EkGuru,https://ekguru.shop/learn/gujarati/numbers/,"index, follow, max-snippet:-1, max-image-preview:large",yes,PUBLISHED,HIGH_CONTENT,367,1,,,0,46,3,0,no,0,yes,yes,
learn/gujarati/practice/conversation/index.html,learning-content,Gujarati conversation scenarios | EkGuru,https://ekguru.shop/learn/gujarati/practice/conversation/,"index, follow, max-snippet:-1, max-image-preview:large",yes,PUBLISHED,INTERACTIVE_LEARNING,529,1,,,0,44,3,0,no,0,yes,yes,
learn/gujarati/practice/index.html,learning-content,Gujarati practice labs | EkGuru,https://ekguru.shop/learn/gujarati/practice/,"index, follow, max-snippet:-1, max-image-preview:large",yes,PUBLISHED,INTERACTIVE_LEARNING,425,1,,,0,43,3,0,no,0,yes,yes,
learn/gujarati/practice/quiz/index.html,learning-content,Gujarati topic quiz | EkGuru,https://ekguru.shop/learn/gujarati/practice/quiz/,"index, follow, max-snippet:-1, max-image-preview:large",yes,PUBLISHED,INTERACTIVE_LEARNING,388,1,,,0,44,3,0,no,0,yes,yes,
learn/gujarati/practice/typing/index.html,learning-content,Gujarati typing trainer | EkGuru,https://ekguru.shop/learn/gujarati/practice/typing/,"index, follow, max-snippet:-1, max-image-preview:large",yes,PUBLISHED,INTERACTIVE_LEARNING,367,1,,,0,44,3,0,no,0,yes,yes,
learn/gujarati/practice/worksheets/index.html,learning-content,Gujarati worksheets | EkGuru,https://ekguru.shop/learn/gujarati/practice/worksheets/,"index, follow, max-snippet:-1, max-image-preview:large",yes,PUBLISHED,INTERACTIVE_LEARNING,516,1,,,0,44,3,0,no,0,yes,yes,
learn/gujarati/pronunciation/index.html,learning-content,"Gujarati pronunciation, reading & writing | EkGuru",https://ekguru.shop/learn/gujarati/pronunciation/,"index, follow, max-snippet:-1, max-image-preview:large",yes,PUBLISHED,HIGH_CONTENT,682,1,,,0,48,3,0,no,0,yes,yes,
learn/gujarati/review/index.html,learning-content,Gujarati review deck | EkGuru,https://ekguru.shop/learn/gujarati/review/,"noindex, follow",no,NOINDEX,RESEARCH_REQUIRED,310,1,,,0,43,3,0,no,0,yes,yes,
learn/gujarati/shopping/index.html,learning-content,Gujarati shopping & money — prices and bargaining | EkGuru,https://ekguru.shop/learn/gujarati/shopping/,"index, follow, max-snippet:-1, max-image-preview:large",yes,PUBLISHED,HIGH_CONTENT,342,1,,,0,45,3,0,no,0,yes,yes,
learn/gujarati/time-dates/index.html,learning-content,Gujarati time & dates — days and the clock | EkGuru,https://ekguru.shop/learn/gujarati/time-dates/,"index, follow, max-snippet:-1, max-image-preview:large",yes,PUBLISHED,HIGH_CONTENT,330,1,,,0,45,3,0,no,0,yes,yes,
learn/gujarati/travel/index.html,learning-content,"Gujarati for travel — stations, directions and fares | EkGuru",https://ekguru.shop/learn/gujarati/travel/,"index, follow, max-snippet:-1, max-image-preview:large",yes,PUBLISHED,HIGH_CONTENT,376,1,,,0,45,3,0,no,0,yes,yes,
learn/gujarati/vocabulary/index.html,learning-content,"Gujarati vocabulary — family, colours and core words | EkGuru",https://ekguru.shop/learn/gujarati/vocabulary/,"index, follow, max-snippet:-1, max-image-preview:large",yes,PUBLISHED,HIGH_CONTENT,562,1,,,0,46,3,0,no,0,yes,yes,
learn/hindi/advanced/education/index.html,learning-content,Hindi: School & learning | EkGuru,https://ekguru.shop/learn/hindi/advanced/education/,"index, follow, max-snippet:-1, max-image-preview:large",yes,PUBLISHED,HIGH_CONTENT,1093,1,,,0,49,3,0,no,0,yes,yes,
learn/hindi/advanced/festivals/index.html,learning-content,Hindi: Festivals & worship | EkGuru,https://ekguru.shop/learn/hindi/advanced/festivals/,"index, follow, max-snippet:-1, max-image-preview:large",yes,PUBLISHED,HIGH_CONTENT,768,1,,,0,48,3,0,no,0,yes,yes,
learn/hindi/advanced/health/index.html,learning-content,Hindi: Health & doctor | EkGuru,https://ekguru.shop/learn/hindi/advanced/health/,"index, follow, max-snippet:-1, max-image-preview:large",yes,PUBLISHED,HIGH_CONTENT,1116,1,,,0,49,3,0,no,0,yes,yes,
learn/hindi/advanced/home/index.html,learning-content,Hindi: Home & family | EkGuru,https://ekguru.shop/learn/hindi/advanced/home/,"index, follow, max-snippet:-1, max-image-preview:large",yes,PUBLISHED,HIGH_CONTENT,1153,1,,,0,49,3,0,no,0,yes,yes,
learn/hindi/advanced/index.html,learning-content,Advanced Hindi — six real topics | EkGuru,https://ekguru.shop/learn/hindi/advanced/,"index, follow, max-snippet:-1, max-image-preview:large",yes,PUBLISHED,HIGH_CONTENT,401,1,,,0,46,3,0,no,0,yes,yes,
learn/hindi/advanced/office/index.html,learning-content,Hindi: Office & work | EkGuru,https://ekguru.shop/learn/hindi/advanced/office/,"index, follow, max-snippet:-1, max-image-preview:large",yes,PUBLISHED,HIGH_CONTENT,1095,1,,,0,49,3,0,no,0,yes,yes,
learn/hindi/advanced/weather/index.html,learning-content,Hindi: Weather & nature | EkGuru,https://ekguru.shop/learn/hindi/advanced/weather/,"index, follow, max-snippet:-1, max-image-preview:large",yes,PUBLISHED,HIGH_CONTENT,986,1,,,0,49,3,0,no,0,yes,yes,
learn/hindi/basics/index.html,learning-content,"Basics — the script, sounds and first steps | EkGuru",https://ekguru.shop/learn/hindi/basics/,"index, follow, max-snippet:-1, max-image-preview:large",yes,PUBLISHED,HIGH_CONTENT,879,1,,,0,73,3,0,no,0,yes,yes,
learn/hindi/beginner/index.html,learning-content,Beginner Hindi — start here | EkGuru,https://ekguru.shop/learn/hindi/beginner/,"index, follow, max-snippet:-1, max-image-preview:large",yes,PUBLISHED,HIGH_CONTENT,916,1,,,0,74,3,0,no,0,yes,yes,
learn/hindi/conversation/index.html,learning-content,Conversation — greetings to real talk | EkGuru,https://ekguru.shop/learn/hindi/conversation/,"index, follow, max-snippet:-1, max-image-preview:large",yes,PUBLISHED,HIGH_CONTENT,674,1,,,0,66,3,0,no,0,yes,yes,
learn/hindi/daily-life/index.html,learning-content,Daily life & culture | EkGuru,https://ekguru.shop/learn/hindi/daily-life/,"index, follow, max-snippet:-1, max-image-preview:large",yes,PUBLISHED,HIGH_CONTENT,427,1,,,0,57,3,0,no,0,yes,yes,
learn/hindi/elementary/index.html,learning-content,Elementary Hindi — get past the plateau | EkGuru,https://ekguru.shop/learn/hindi/elementary/,"index, follow, max-snippet:-1, max-image-preview:large",yes,PUBLISHED,HIGH_CONTENT,786,1,,,0,69,3,0,no,0,yes,yes,
learn/hindi/food/index.html,learning-content,Food & eating | EkGuru,https://ekguru.shop/learn/hindi/food/,"index, follow, max-snippet:-1, max-image-preview:large",yes,PUBLISHED,HIGH_CONTENT,298,1,,,0,51,3,0,no,0,yes,yes,
learn/hindi/grammar/index.html,learning-content,Grammar — how Hindi actually works | EkGuru,https://ekguru.shop/learn/hindi/grammar/,"index, follow, max-snippet:-1, max-image-preview:large",yes,PUBLISHED,HIGH_CONTENT,810,1,,,0,71,3,0,no,0,yes,yes,
learn/hindi/index.html,learning-content,Learn Hindi — the complete structure | EkGuru,https://ekguru.shop/learn/hindi/,"index, follow, max-snippet:-1, max-image-preview:large",yes,PUBLISHED,HIGH_CONTENT,1207,1,,,0,75,3,0,no,0,yes,yes,
learn/hindi/intermediate/index.html,learning-content,Intermediate Hindi — assembled from real content | EkGuru,https://ekguru.shop/learn/hindi/intermediate/,"index, follow, max-snippet:-1, max-image-preview:large",yes,PUBLISHED,HIGH_CONTENT,453,1,,,0,52,1,0,no,0,yes,yes,
learn/hindi/my-progress/index.html,learning-content,My Hindi — progress on this device | EkGuru,https://ekguru.shop/learn/hindi/my-progress/,"noindex, follow",no,NOINDEX,RESEARCH_REQUIRED,237,1,,,0,43,1,0,no,0,yes,yes,
learn/hindi/numbers/index.html,learning-content,Numbers & counting | EkGuru,https://ekguru.shop/learn/hindi/numbers/,"index, follow, max-snippet:-1, max-image-preview:large",yes,PUBLISHED,HIGH_CONTENT,387,1,,,0,54,3,0,no,0,yes,yes,
learn/hindi/practice/conversation/index.html,learning-content,Hindi Conversation Practice — deterministic scenarios | EkGuru,https://ekguru.shop/learn/hindi/practice/conversation/,"index, follow, max-snippet:-1, max-image-preview:large",yes,PUBLISHED,INTERACTIVE_LEARNING,311,1,,,0,44,1,0,no,0,yes,yes,
learn/hindi/practice/index.html,learning-content,"Hindi Practice — typing, quiz, worksheets | EkGuru",https://ekguru.shop/learn/hindi/practice/,"index, follow, max-snippet:-1, max-image-preview:large",yes,PUBLISHED,INTERACTIVE_LEARNING,382,1,,,0,45,1,0,no,0,yes,yes,
learn/hindi/practice/quiz/index.html,learning-content,Hindi Topic Quiz | EkGuru,https://ekguru.shop/learn/hindi/practice/quiz/,"index, follow, max-snippet:-1, max-image-preview:large",yes,PUBLISHED,INTERACTIVE_LEARNING,415,1,,,0,44,1,0,no,0,yes,yes,
learn/hindi/practice/typing/index.html,learning-content,Hindi Typing Trainer — Roman to Devanagari | EkGuru,https://ekguru.shop/learn/hindi/practice/typing/,"index, follow, max-snippet:-1, max-image-preview:large",yes,PUBLISHED,INTERACTIVE_LEARNING,421,1,,,0,44,1,0,no,0,yes,yes,
learn/hindi/practice/worksheets/index.html,learning-content,Hindi Worksheets — printable practice | EkGuru,https://ekguru.shop/learn/hindi/practice/worksheets/,"index, follow, max-snippet:-1, max-image-preview:large",yes,PUBLISHED,INTERACTIVE_LEARNING,626,1,,,0,44,1,0,no,0,yes,yes,
learn/hindi/pronunciation/index.html,learning-content,"Pronunciation, reading & writing | EkGuru",https://ekguru.shop/learn/hindi/pronunciation/,"index, follow, max-snippet:-1, max-image-preview:large",yes,PUBLISHED,HIGH_CONTENT,599,1,,,0,64,3,0,no,0,yes,yes,
learn/hindi/review/index.html,learning-content,Hindi Review — spaced repetition | EkGuru,https://ekguru.shop/learn/hindi/review/,"noindex, follow",no,NOINDEX,RESEARCH_REQUIRED,274,1,,,0,43,1,0,no,0,yes,yes,
learn/hindi/shopping/index.html,learning-content,Shopping & money | EkGuru,https://ekguru.shop/learn/hindi/shopping/,"index, follow, max-snippet:-1, max-image-preview:large",yes,PUBLISHED,HIGH_CONTENT,251,1,,,0,49,3,0,no,0,yes,yes,
learn/hindi/time-dates/index.html,learning-content,Time & dates | EkGuru,https://ekguru.shop/learn/hindi/time-dates/,"index, follow, max-snippet:-1, max-image-preview:large",yes,PUBLISHED,HIGH_CONTENT,380,1,,,0,54,3,0,no,0,yes,yes,
learn/hindi/travel/index.html,learning-content,Travel Hindi — phrases for the road | EkGuru,https://ekguru.shop/learn/hindi/travel/,"index, follow, max-snippet:-1, max-image-preview:large",yes,PUBLISHED,HIGH_CONTENT,423,1,,,0,56,3,0,no,0,yes,yes,
learn/hindi/vocabulary/index.html,learning-content,Vocabulary — the words that do the work | EkGuru,https://ekguru.shop/learn/hindi/vocabulary/,"index, follow, max-snippet:-1, max-image-preview:large",yes,PUBLISHED,HIGH_CONTENT,546,1,,,0,61,3,0,no,0,yes,yes,
learn/hindi-alphabet-for-beginners/index.html,learning-content,The Hindi Alphabet — A Beginner's Guide | EkGuru,https://ekguru.shop/learn/hindi-alphabet-for-beginners/,"index, follow, max-snippet:-1, max-image-preview:large",yes,PUBLISHED,HIGH_CONTENT,1731,1,,,0,71,3,0,no,0,yes,yes,
learn/hindi-barakhadi/index.html,learning-content,Hindi Barakhadi | EkGuru,https://ekguru.shop/learn/hindi-barakhadi/,"index, follow, max-snippet:-1, max-image-preview:large",yes,PUBLISHED,HIGH_CONTENT,2637,1,,,0,73,3,0,no,0,yes,yes,
learn/hindi-days-months-time/index.html,learning-content,"Days, Months and Telling the Time in Hindi | EkGuru",https://ekguru.shop/learn/hindi-days-months-time/,"index, follow, max-snippet:-1, max-image-preview:large",yes,PUBLISHED,HIGH_CONTENT,1424,1,,,0,73,3,0,no,0,yes,yes,
learn/hindi-family-words/index.html,learning-content,Hindi Family Words Explained | EkGuru,https://ekguru.shop/learn/hindi-family-words/,"index, follow, max-snippet:-1, max-image-preview:large",yes,PUBLISHED,HIGH_CONTENT,1510,1,,,0,73,3,0,no,0,yes,yes,
learn/hindi-gender-masculine-feminine/index.html,learning-content,Hindi Gender — Masculine and Feminine | EkGuru,https://ekguru.shop/learn/hindi-gender-masculine-feminine/,"index, follow, max-snippet:-1, max-image-preview:large",yes,PUBLISHED,HIGH_CONTENT,1480,1,,,0,72,3,0,no,0,yes,yes,
learn/hindi-how-to-write-consonants/index.html,learning-content,How to Write Hindi Consonants | EkGuru,https://ekguru.shop/learn/hindi-how-to-write-consonants/,"index, follow, max-snippet:-1, max-image-preview:large",yes,PUBLISHED,HIGH_CONTENT,1353,1,,,0,75,3,0,no,0,yes,yes,
learn/hindi-how-to-write-vowels/index.html,learning-content,How to Write Hindi Vowels | EkGuru,https://ekguru.shop/learn/hindi-how-to-write-vowels/,"index, follow, max-snippet:-1, max-image-preview:large",yes,PUBLISHED,HIGH_CONTENT,1375,1,,,0,74,3,0,no,0,yes,yes,
learn/hindi-numbers-1-to-100/index.html,learning-content,Hindi Numbers 1 to 100 | EkGuru,https://ekguru.shop/learn/hindi-numbers-1-to-100/,"index, follow, max-snippet:-1, max-image-preview:large",yes,PUBLISHED,HIGH_CONTENT,1464,1,,,0,72,3,0,no,0,yes,yes,
learn/hindi-or-urdu-difference/index.html,learning-content,Hindi vs Urdu — The Real Difference | EkGuru,https://ekguru.shop/learn/hindi-or-urdu-difference/,"index, follow, max-snippet:-1, max-image-preview:large",yes,PUBLISHED,HIGH_CONTENT,1477,1,,,0,72,3,0,no,0,yes,yes,
learn/hindi-phrases-for-travel/index.html,learning-content,50 Hindi Phrases for Travel in India | EkGuru,https://ekguru.shop/learn/hindi-phrases-for-travel/,"index, follow, max-snippet:-1, max-image-preview:large",yes,PUBLISHED,HIGH_CONTENT,1628,1,,,0,72,3,0,no,0,yes,yes,
learn/hindi-sentence-structure/index.html,learning-content,Hindi Word Order — Why the Verb Goes Last | EkGuru,https://ekguru.shop/learn/hindi-sentence-structure/,"index, follow, max-snippet:-1, max-image-preview:large",yes,PUBLISHED,HIGH_CONTENT,1404,1,,,0,73,3,0,no,0,yes,yes,
learn/hindi-verbs-present-past-future/index.html,learning-content,"Hindi Verbs — Present, Past and Future in One Page | EkGuru",https://ekguru.shop/learn/hindi-verbs-present-past-future/,"index, follow, max-snippet:-1, max-image-preview:large",yes,PUBLISHED,HIGH_CONTENT,1414,1,,,0,73,3,0,no,0,yes,yes,
learn/how-to-say-hello-in-hindi/index.html,learning-content,How to Say Hello in Hindi | EkGuru,https://ekguru.shop/learn/how-to-say-hello-in-hindi/,"index, follow, max-snippet:-1, max-image-preview:large",yes,PUBLISHED,HIGH_CONTENT,1459,1,,,0,72,3,0,no,0,yes,yes,
learn/index.html,learning-content,Learn Hindi — Free Guides for Beginners | EkGuru,https://ekguru.shop/learn/,"index, follow, max-snippet:-1, max-image-preview:large",yes,PUBLISHED,HIGH_CONTENT,1431,1,,,0,61,3,0,no,0,yes,yes,
learn/kannada/advanced/education/index.html,learning-content,Kannada: School & learning — advanced words and phrases | EkGuru,https://ekguru.shop/learn/kannada/advanced/education/,"noindex, follow",no,NOINDEX,RESEARCH_REQUIRED,1209,1,,,0,47,3,0,no,0,yes,yes,
learn/kannada/advanced/festivals/index.html,learning-content,Kannada: Festivals & culture — advanced words and | EkGuru,https://ekguru.shop/learn/kannada/advanced/festivals/,"noindex, follow",no,NOINDEX,RESEARCH_REQUIRED,891,1,,,0,46,3,0,no,0,yes,yes,
learn/kannada/advanced/health/index.html,learning-content,Kannada: Health & doctor — advanced words and phrases | EkGuru,https://ekguru.shop/learn/kannada/advanced/health/,"noindex, follow",no,NOINDEX,RESEARCH_REQUIRED,1218,1,,,0,47,3,0,no,0,yes,yes,
learn/kannada/advanced/home/index.html,learning-content,Kannada: Home & family — advanced words and phrases | EkGuru,https://ekguru.shop/learn/kannada/advanced/home/,"noindex, follow",no,NOINDEX,RESEARCH_REQUIRED,1275,1,,,0,47,3,0,no,0,yes,yes,
learn/kannada/advanced/index.html,learning-content,Kannada advanced topics — beyond the basics | EkGuru,https://ekguru.shop/learn/kannada/advanced/,"noindex, follow",no,NOINDEX,RESEARCH_REQUIRED,292,1,,,0,44,3,0,no,0,yes,yes,
learn/kannada/advanced/office/index.html,learning-content,Kannada: Office & work — advanced words and phrases | EkGuru,https://ekguru.shop/learn/kannada/advanced/office/,"noindex, follow",no,NOINDEX,RESEARCH_REQUIRED,1254,1,,,0,47,3,0,no,0,yes,yes,
learn/kannada/advanced/weather/index.html,learning-content,Kannada: Weather & seasons — advanced words and phrases | EkGuru,https://ekguru.shop/learn/kannada/advanced/weather/,"noindex, follow",no,NOINDEX,RESEARCH_REQUIRED,1215,1,,,0,47,3,0,no,0,yes,yes,
learn/kannada/basics/index.html,learning-content,"Kannada basics — the script, sounds and first steps | EkGuru",https://ekguru.shop/learn/kannada/basics/,"noindex, follow",no,NOINDEX,RESEARCH_REQUIRED,488,1,,,0,52,3,0,no,0,yes,yes,
learn/kannada/beginner/index.html,learning-content,Kannada Beginner | EkGuru,https://ekguru.shop/learn/kannada/beginner/,"noindex, follow",no,NOINDEX,RESEARCH_REQUIRED,324,1,,,0,52,3,0,no,0,yes,yes,
learn/kannada/conversation/index.html,learning-content,Kannada conversation — greetings and first dialogues | EkGuru,https://ekguru.shop/learn/kannada/conversation/,"noindex, follow",no,NOINDEX,RESEARCH_REQUIRED,455,1,,,0,47,3,0,no,0,yes,yes,
learn/kannada/daily-life/index.html,learning-content,Kannada daily life & culture | EkGuru,https://ekguru.shop/learn/kannada/daily-life/,"noindex, follow",no,NOINDEX,RESEARCH_REQUIRED,443,1,,,0,45,3,0,no,0,yes,yes,
learn/kannada/elementary/index.html,learning-content,Kannada Elementary | EkGuru,https://ekguru.shop/learn/kannada/elementary/,"noindex, follow",no,NOINDEX,RESEARCH_REQUIRED,320,1,,,0,54,3,0,no,0,yes,yes,
learn/kannada/food/index.html,learning-content,Kannada food & eating — ordering and table talk | EkGuru,https://ekguru.shop/learn/kannada/food/,"noindex, follow",no,NOINDEX,RESEARCH_REQUIRED,403,1,,,0,45,3,0,no,0,yes,yes,
learn/kannada/grammar/index.html,learning-content,"Kannada grammar — word order, verbs and pronouns | EkGuru",https://ekguru.shop/learn/kannada/grammar/,"noindex, follow",no,NOINDEX,RESEARCH_REQUIRED,780,1,,,0,45,3,0,no,0,yes,yes,
learn/kannada/index.html,learning-content,Learn Kannada — the complete course | EkGuru,https://ekguru.shop/learn/kannada/,"noindex, follow",no,NOINDEX,RESEARCH_REQUIRED,702,1,,,0,44,3,0,no,0,yes,yes,
learn/kannada/intermediate/index.html,learning-content,Kannada Intermediate | EkGuru,https://ekguru.shop/learn/kannada/intermediate/,"noindex, follow",no,NOINDEX,RESEARCH_REQUIRED,327,1,,,0,51,3,0,no,0,yes,yes,
learn/kannada/my-progress/index.html,learning-content,My Kannada progress | EkGuru,https://ekguru.shop/learn/kannada/my-progress/,"noindex, follow",no,NOINDEX,RESEARCH_REQUIRED,374,1,,,0,65,3,0,no,0,yes,yes,
learn/kannada/numbers/index.html,learning-content,Counting in Kannada: 1 to 100 (A1 lesson) | EkGuru,https://ekguru.shop/learn/kannada/numbers/,"noindex, follow",no,NOINDEX,RESEARCH_REQUIRED,361,1,,,0,46,3,0,no,0,yes,yes,
learn/kannada/practice/conversation/index.html,learning-content,Kannada conversation scenarios | EkGuru,https://ekguru.shop/learn/kannada/practice/conversation/,"noindex, follow",no,NOINDEX,RESEARCH_REQUIRED,599,1,,,0,44,3,0,no,0,yes,yes,
learn/kannada/practice/index.html,learning-content,Kannada practice labs | EkGuru,https://ekguru.shop/learn/kannada/practice/,"noindex, follow",no,NOINDEX,RESEARCH_REQUIRED,417,1,,,0,43,3,0,no,0,yes,yes,
learn/kannada/practice/quiz/index.html,learning-content,Kannada topic quiz | EkGuru,https://ekguru.shop/learn/kannada/practice/quiz/,"noindex, follow",no,NOINDEX,RESEARCH_REQUIRED,382,1,,,0,44,3,0,no,0,yes,yes,
learn/kannada/practice/typing/index.html,learning-content,Kannada typing trainer | EkGuru,https://ekguru.shop/learn/kannada/practice/typing/,"noindex, follow",no,NOINDEX,RESEARCH_REQUIRED,359,1,,,0,44,3,0,no,0,yes,yes,
learn/kannada/practice/worksheets/index.html,learning-content,Kannada worksheets | EkGuru,https://ekguru.shop/learn/kannada/practice/worksheets/,"noindex, follow",no,NOINDEX,RESEARCH_REQUIRED,485,1,,,0,44,3,0,no,0,yes,yes,
learn/kannada/pronunciation/index.html,learning-content,"Kannada pronunciation, reading & writing | EkGuru",https://ekguru.shop/learn/kannada/pronunciation/,"noindex, follow",no,NOINDEX,RESEARCH_REQUIRED,659,1,,,0,48,3,0,no,0,yes,yes,
learn/kannada/review/index.html,learning-content,Kannada review deck | EkGuru,https://ekguru.shop/learn/kannada/review/,"noindex, follow",no,NOINDEX,RESEARCH_REQUIRED,287,1,,,0,43,3,0,no,0,yes,yes,
learn/kannada/shopping/index.html,learning-content,Kannada shopping & money — prices and bargaining | EkGuru,https://ekguru.shop/learn/kannada/shopping/,"noindex, follow",no,NOINDEX,RESEARCH_REQUIRED,351,1,,,0,45,3,0,no,0,yes,yes,
learn/kannada/time-dates/index.html,learning-content,Kannada time & dates — days and the clock | EkGuru,https://ekguru.shop/learn/kannada/time-dates/,"noindex, follow",no,NOINDEX,RESEARCH_REQUIRED,309,1,,,0,45,3,0,no,0,yes,yes,
learn/kannada/travel/index.html,learning-content,"Kannada for travel — stations, directions and fares | EkGuru",https://ekguru.shop/learn/kannada/travel/,"noindex, follow",no,NOINDEX,RESEARCH_REQUIRED,357,1,,,0,45,3,0,no,0,yes,yes,
learn/kannada/vocabulary/index.html,learning-content,"Kannada vocabulary — family, colours and core words | EkGuru",https://ekguru.shop/learn/kannada/vocabulary/,"noindex, follow",no,NOINDEX,RESEARCH_REQUIRED,636,1,,,0,46,3,0,no,0,yes,yes,
learn/learn-hindi-from-bollywood/index.html,learning-content,Learning Hindi from Bollywood | EkGuru,https://ekguru.shop/learn/learn-hindi-from-bollywood/,"index, follow, max-snippet:-1, max-image-preview:large",yes,PUBLISHED,HIGH_CONTENT,1314,1,,,0,73,3,0,no,0,yes,yes,
learn/learn-hindi-online-guide/index.html,learning-content,How to Learn Hindi Online in 2026 | EkGuru,https://ekguru.shop/learn/learn-hindi-online-guide/,"index, follow, max-snippet:-1, max-image-preview:large",yes,PUBLISHED,HIGH_CONTENT,1519,1,,,0,73,3,0,no,0,yes,yes,
learn/malayalam/advanced/education/index.html,learning-content,Malayalam: School & learning — advanced words and | EkGuru,https://ekguru.shop/learn/malayalam/advanced/education/,"noindex, follow",no,NOINDEX,RESEARCH_REQUIRED,1294,1,,,0,48,3,0,no,0,yes,yes,
learn/malayalam/advanced/festivals/index.html,learning-content,Malayalam: Festivals & culture — advanced words an | EkGuru,https://ekguru.shop/learn/malayalam/advanced/festivals/,"noindex, follow",no,NOINDEX,RESEARCH_REQUIRED,815,1,,,0,47,3,0,no,0,yes,yes,
learn/malayalam/advanced/health/index.html,learning-content,Malayalam: Health & doctor — advanced words and phrases | EkGuru,https://ekguru.shop/learn/malayalam/advanced/health/,"noindex, follow",no,NOINDEX,RESEARCH_REQUIRED,1228,1,,,0,48,3,0,no,0,yes,yes,
learn/malayalam/advanced/home/index.html,learning-content,Malayalam: Home & family — advanced words and phrases | EkGuru,https://ekguru.shop/learn/malayalam/advanced/home/,"noindex, follow",no,NOINDEX,RESEARCH_REQUIRED,1334,1,,,0,48,3,0,no,0,yes,yes,
learn/malayalam/advanced/index.html,learning-content,Malayalam advanced topics — beyond the basics | EkGuru,https://ekguru.shop/learn/malayalam/advanced/,"noindex, follow",no,NOINDEX,RESEARCH_REQUIRED,321,1,,,0,45,3,0,no,0,yes,yes,
learn/malayalam/advanced/office/index.html,learning-content,Malayalam: Office & work — advanced words and phrases | EkGuru,https://ekguru.shop/learn/malayalam/advanced/office/,"noindex, follow",no,NOINDEX,RESEARCH_REQUIRED,1277,1,,,0,48,3,0,no,0,yes,yes,
learn/malayalam/advanced/weather/index.html,learning-content,Malayalam: Weather & seasons — advanced words and | EkGuru,https://ekguru.shop/learn/malayalam/advanced/weather/,"noindex, follow",no,NOINDEX,RESEARCH_REQUIRED,1208,1,,,0,48,3,0,no,0,yes,yes,
learn/malayalam/basics/index.html,learning-content,"Malayalam basics — the script, sounds and first steps | EkGuru",https://ekguru.shop/learn/malayalam/basics/,"noindex, follow",no,NOINDEX,RESEARCH_REQUIRED,511,1,,,0,53,3,0,no,0,yes,yes,
learn/malayalam/beginner/index.html,learning-content,Malayalam Beginner | EkGuru,https://ekguru.shop/learn/malayalam/beginner/,"noindex, follow",no,NOINDEX,RESEARCH_REQUIRED,354,1,,,0,53,3,0,no,0,yes,yes,
learn/malayalam/conversation/index.html,learning-content,Malayalam conversation — greetings and first dialogues | EkGuru,https://ekguru.shop/learn/malayalam/conversation/,"noindex, follow",no,NOINDEX,RESEARCH_REQUIRED,483,1,,,0,48,3,0,no,0,yes,yes,
learn/malayalam/daily-life/index.html,learning-content,Malayalam daily life & culture | EkGuru,https://ekguru.shop/learn/malayalam/daily-life/,"noindex, follow",no,NOINDEX,RESEARCH_REQUIRED,463,1,,,0,46,3,0,no,0,yes,yes,
learn/malayalam/elementary/index.html,learning-content,Malayalam Elementary | EkGuru,https://ekguru.shop/learn/malayalam/elementary/,"noindex, follow",no,NOINDEX,RESEARCH_REQUIRED,350,1,,,0,55,3,0,no,0,yes,yes,
learn/malayalam/food/index.html,learning-content,Malayalam food & eating — ordering and table talk | EkGuru,https://ekguru.shop/learn/malayalam/food/,"noindex, follow",no,NOINDEX,RESEARCH_REQUIRED,428,1,,,0,46,3,0,no,0,yes,yes,
learn/malayalam/grammar/index.html,learning-content,"Malayalam grammar — word order, verbs and pronouns | EkGuru",https://ekguru.shop/learn/malayalam/grammar/,"noindex, follow",no,NOINDEX,RESEARCH_REQUIRED,818,1,,,0,46,3,0,no,0,yes,yes,
learn/malayalam/index.html,learning-content,Learn Malayalam — the complete course | EkGuru,https://ekguru.shop/learn/malayalam/,"noindex, follow",no,NOINDEX,RESEARCH_REQUIRED,797,1,,,0,46,3,0,no,0,yes,yes,
learn/malayalam/intermediate/index.html,learning-content,Malayalam Intermediate | EkGuru,https://ekguru.shop/learn/malayalam/intermediate/,"noindex, follow",no,NOINDEX,RESEARCH_REQUIRED,357,1,,,0,52,3,0,no,0,yes,yes,
learn/malayalam/my-progress/index.html,learning-content,My Malayalam progress | EkGuru,https://ekguru.shop/learn/malayalam/my-progress/,"noindex, follow",no,NOINDEX,RESEARCH_REQUIRED,374,1,,,0,65,3,0,no,0,yes,yes,
learn/malayalam/numbers/index.html,learning-content,Counting in Malayalam: 1 to 100 (A1 lesson) | EkGuru,https://ekguru.shop/learn/malayalam/numbers/,"noindex, follow",no,NOINDEX,RESEARCH_REQUIRED,391,1,,,0,47,3,0,no,0,yes,yes,
learn/malayalam/practice/conversation/index.html,learning-content,Malayalam conversation scenarios | EkGuru,https://ekguru.shop/learn/malayalam/practice/conversation/,"noindex, follow",no,NOINDEX,RESEARCH_REQUIRED,610,1,,,0,45,3,0,no,0,yes,yes,
learn/malayalam/practice/index.html,learning-content,Malayalam practice labs | EkGuru,https://ekguru.shop/learn/malayalam/practice/,"noindex, follow",no,NOINDEX,RESEARCH_REQUIRED,447,1,,,0,44,3,0,no,0,yes,yes,
learn/malayalam/practice/quiz/index.html,learning-content,Malayalam topic quiz | EkGuru,https://ekguru.shop/learn/malayalam/practice/quiz/,"noindex, follow",no,NOINDEX,RESEARCH_REQUIRED,412,1,,,0,45,3,0,no,0,yes,yes,
learn/malayalam/practice/typing/index.html,learning-content,Malayalam typing trainer | EkGuru,https://ekguru.shop/learn/malayalam/practice/typing/,"noindex, follow",no,NOINDEX,RESEARCH_REQUIRED,389,1,,,0,45,3,0,no,0,yes,yes,
learn/malayalam/practice/worksheets/index.html,learning-content,Malayalam worksheets | EkGuru,https://ekguru.shop/learn/malayalam/practice/worksheets/,"noindex, follow",no,NOINDEX,RESEARCH_REQUIRED,512,1,,,0,45,3,0,no,0,yes,yes,
learn/malayalam/pronunciation/index.html,learning-content,"Malayalam pronunciation, reading & writing | EkGuru",https://ekguru.shop/learn/malayalam/pronunciation/,"noindex, follow",no,NOINDEX,RESEARCH_REQUIRED,699,1,,,0,49,3,0,no,0,yes,yes,
learn/malayalam/review/index.html,learning-content,Malayalam review deck | EkGuru,https://ekguru.shop/learn/malayalam/review/,"noindex, follow",no,NOINDEX,RESEARCH_REQUIRED,317,1,,,0,44,3,0,no,0,yes,yes,
learn/malayalam/shopping/index.html,learning-content,Malayalam shopping & money — prices and bargaining | EkGuru,https://ekguru.shop/learn/malayalam/shopping/,"noindex, follow",no,NOINDEX,RESEARCH_REQUIRED,382,1,,,0,46,3,0,no,0,yes,yes,
learn/malayalam/time-dates/index.html,learning-content,Malayalam time & dates — days and the clock | EkGuru,https://ekguru.shop/learn/malayalam/time-dates/,"noindex, follow",no,NOINDEX,RESEARCH_REQUIRED,337,1,,,0,46,3,0,no,0,yes,yes,
learn/malayalam/travel/index.html,learning-content,"Malayalam for travel — stations, directions and fares | EkGuru",https://ekguru.shop/learn/malayalam/travel/,"noindex, follow",no,NOINDEX,RESEARCH_REQUIRED,387,1,,,0,46,3,0,no,0,yes,yes,
learn/malayalam/vocabulary/index.html,learning-content,"Malayalam vocabulary — family, colours and core words | EkGuru",https://ekguru.shop/learn/malayalam/vocabulary/,"noindex, follow",no,NOINDEX,RESEARCH_REQUIRED,637,1,,,0,47,3,0,no,0,yes,yes,
learn/marathi/advanced/education/index.html,learning-content,Marathi: School & learning — advanced words and phrases | EkGuru,https://ekguru.shop/learn/marathi/advanced/education/,"index, follow, max-snippet:-1, max-image-preview:large",yes,PUBLISHED,HIGH_CONTENT,1296,1,,,0,47,3,0,no,0,yes,yes,
learn/marathi/advanced/festivals/index.html,learning-content,Marathi: Festivals & culture — advanced words and | EkGuru,https://ekguru.shop/learn/marathi/advanced/festivals/,"index, follow, max-snippet:-1, max-image-preview:large",yes,PUBLISHED,HIGH_CONTENT,833,1,,,0,46,3,0,no,0,yes,yes,
learn/marathi/advanced/health/index.html,learning-content,Marathi: Health & doctor — advanced words and phrases | EkGuru,https://ekguru.shop/learn/marathi/advanced/health/,"index, follow, max-snippet:-1, max-image-preview:large",yes,PUBLISHED,HIGH_CONTENT,1250,1,,,0,47,3,0,no,0,yes,yes,
learn/marathi/advanced/home/index.html,learning-content,Marathi: Home & family — advanced words and phrases | EkGuru,https://ekguru.shop/learn/marathi/advanced/home/,"index, follow, max-snippet:-1, max-image-preview:large",yes,PUBLISHED,HIGH_CONTENT,1313,1,,,0,47,3,0,no,0,yes,yes,
learn/marathi/advanced/index.html,learning-content,Marathi advanced topics — beyond the basics | EkGuru,https://ekguru.shop/learn/marathi/advanced/,"index, follow, max-snippet:-1, max-image-preview:large",yes,PUBLISHED,HIGH_CONTENT,299,1,,,0,44,3,0,no,0,yes,yes,
learn/marathi/advanced/office/index.html,learning-content,Marathi: Office & work — advanced words and phrases | EkGuru,https://ekguru.shop/learn/marathi/advanced/office/,"index, follow, max-snippet:-1, max-image-preview:large",yes,PUBLISHED,HIGH_CONTENT,1274,1,,,0,47,3,0,no,0,yes,yes,
learn/marathi/advanced/weather/index.html,learning-content,Marathi: Weather & seasons — advanced words and phrases | EkGuru,https://ekguru.shop/learn/marathi/advanced/weather/,"index, follow, max-snippet:-1, max-image-preview:large",yes,PUBLISHED,HIGH_CONTENT,1235,1,,,0,47,3,0,no,0,yes,yes,
learn/marathi/basics/index.html,learning-content,"Marathi basics — the script, sounds and first steps | EkGuru",https://ekguru.shop/learn/marathi/basics/,"index, follow, max-snippet:-1, max-image-preview:large",yes,PUBLISHED,HIGH_CONTENT,464,1,,,0,52,3,0,no,0,yes,yes,
learn/marathi/beginner/index.html,learning-content,Marathi Beginner | EkGuru,https://ekguru.shop/learn/marathi/beginner/,"index, follow, max-snippet:-1, max-image-preview:large",yes,PUBLISHED,HIGH_CONTENT,331,1,,,0,52,3,0,no,0,yes,yes,
learn/marathi/conversation/index.html,learning-content,Marathi conversation — greetings and first dialogues | EkGuru,https://ekguru.shop/learn/marathi/conversation/,"index, follow, max-snippet:-1, max-image-preview:large",yes,PUBLISHED,HIGH_CONTENT,487,1,,,0,47,3,0,no,0,yes,yes,
learn/marathi/daily-life/index.html,learning-content,Marathi daily life & culture | EkGuru,https://ekguru.shop/learn/marathi/daily-life/,"index, follow, max-snippet:-1, max-image-preview:large",yes,PUBLISHED,HIGH_CONTENT,477,1,,,0,45,3,0,no,0,yes,yes,
learn/marathi/elementary/index.html,learning-content,Marathi Elementary | EkGuru,https://ekguru.shop/learn/marathi/elementary/,"index, follow, max-snippet:-1, max-image-preview:large",yes,PUBLISHED,HIGH_CONTENT,326,1,,,0,54,3,0,no,0,yes,yes,
learn/marathi/food/index.html,learning-content,Marathi food & eating — ordering and table talk | EkGuru,https://ekguru.shop/learn/marathi/food/,"index, follow, max-snippet:-1, max-image-preview:large",yes,PUBLISHED,HIGH_CONTENT,430,1,,,0,45,3,0,no,0,yes,yes,
learn/marathi/grammar/index.html,learning-content,"Marathi grammar — word order, verbs and pronouns | EkGuru",https://ekguru.shop/learn/marathi/grammar/,"index, follow, max-snippet:-1, max-image-preview:large",yes,PUBLISHED,HIGH_CONTENT,752,1,,,0,45,3,0,no,0,yes,yes,
learn/marathi/index.html,learning-content,Learn Marathi — the complete course | EkGuru,https://ekguru.shop/learn/marathi/,"index, follow, max-snippet:-1, max-image-preview:large",yes,PUBLISHED,HIGH_CONTENT,858,1,,,0,51,3,0,no,0,yes,yes,
learn/marathi/intermediate/index.html,learning-content,Marathi Intermediate | EkGuru,https://ekguru.shop/learn/marathi/intermediate/,"index, follow, max-snippet:-1, max-image-preview:large",yes,PUBLISHED,HIGH_CONTENT,333,1,,,0,51,3,0,no,0,yes,yes,
learn/marathi/my-progress/index.html,learning-content,My Marathi progress | EkGuru,https://ekguru.shop/learn/marathi/my-progress/,"noindex, follow",no,NOINDEX,RESEARCH_REQUIRED,350,1,,,0,64,3,0,no,0,yes,yes,
learn/marathi/numbers/index.html,learning-content,Counting in Marathi: 1 to 100 (A1 lesson) | EkGuru,https://ekguru.shop/learn/marathi/numbers/,"index, follow, max-snippet:-1, max-image-preview:large",yes,PUBLISHED,HIGH_CONTENT,367,1,,,0,46,3,0,no,0,yes,yes,
learn/marathi/practice/conversation/index.html,learning-content,Marathi conversation scenarios | EkGuru,https://ekguru.shop/learn/marathi/practice/conversation/,"index, follow, max-snippet:-1, max-image-preview:large",yes,PUBLISHED,INTERACTIVE_LEARNING,524,1,,,0,44,3,0,no,0,yes,yes,
learn/marathi/practice/index.html,learning-content,Marathi practice labs | EkGuru,https://ekguru.shop/learn/marathi/practice/,"index, follow, max-snippet:-1, max-image-preview:large",yes,PUBLISHED,INTERACTIVE_LEARNING,425,1,,,0,43,3,0,no,0,yes,yes,
learn/marathi/practice/quiz/index.html,learning-content,Marathi topic quiz | EkGuru,https://ekguru.shop/learn/marathi/practice/quiz/,"index, follow, max-snippet:-1, max-image-preview:large",yes,PUBLISHED,INTERACTIVE_LEARNING,388,1,,,0,44,3,0,no,0,yes,yes,
learn/marathi/practice/typing/index.html,learning-content,Marathi typing trainer | EkGuru,https://ekguru.shop/learn/marathi/practice/typing/,"index, follow, max-snippet:-1, max-image-preview:large",yes,PUBLISHED,INTERACTIVE_LEARNING,367,1,,,0,44,3,0,no,0,yes,yes,
learn/marathi/practice/worksheets/index.html,learning-content,Marathi worksheets | EkGuru,https://ekguru.shop/learn/marathi/practice/worksheets/,"index, follow, max-snippet:-1, max-image-preview:large",yes,PUBLISHED,INTERACTIVE_LEARNING,521,1,,,0,44,3,0,no,0,yes,yes,
learn/marathi/pronunciation/index.html,learning-content,"Marathi pronunciation, reading & writing | EkGuru",https://ekguru.shop/learn/marathi/pronunciation/,"index, follow, max-snippet:-1, max-image-preview:large",yes,PUBLISHED,HIGH_CONTENT,677,1,,,0,48,3,0,no,0,yes,yes,
learn/marathi/review/index.html,learning-content,Marathi review deck | EkGuru,https://ekguru.shop/learn/marathi/review/,"noindex, follow",no,NOINDEX,RESEARCH_REQUIRED,311,1,,,0,43,3,0,no,0,yes,yes,
learn/marathi/shopping/index.html,learning-content,Marathi shopping & money — prices and bargaining | EkGuru,https://ekguru.shop/learn/marathi/shopping/,"index, follow, max-snippet:-1, max-image-preview:large",yes,PUBLISHED,HIGH_CONTENT,358,1,,,0,45,3,0,no,0,yes,yes,
learn/marathi/time-dates/index.html,learning-content,Marathi time & dates — days and the clock | EkGuru,https://ekguru.shop/learn/marathi/time-dates/,"index, follow, max-snippet:-1, max-image-preview:large",yes,PUBLISHED,HIGH_CONTENT,332,1,,,0,45,3,0,no,0,yes,yes,
learn/marathi/travel/index.html,learning-content,"Marathi for travel — stations, directions and fares | EkGuru",https://ekguru.shop/learn/marathi/travel/,"index, follow, max-snippet:-1, max-image-preview:large",yes,PUBLISHED,HIGH_CONTENT,384,1,,,0,45,3,0,no,0,yes,yes,
learn/marathi/vocabulary/index.html,learning-content,"Marathi vocabulary — family, colours and core words | EkGuru",https://ekguru.shop/learn/marathi/vocabulary/,"index, follow, max-snippet:-1, max-image-preview:large",yes,PUBLISHED,HIGH_CONTENT,535,1,,,0,46,3,0,no,0,yes,yes,
learn/my-learning/index.html,learning-content,"My Learning — your progress, goals and review on t | EkGuru",https://ekguru.shop/learn/my-learning/,"noindex, follow",no,NOINDEX,RESEARCH_REQUIRED,431,1,,,0,42,3,0,no,0,yes,yes,
learn/paths/everyday-hindi/index.html,learning-content,Everyday Hindi | EkGuru,https://ekguru.shop/learn/paths/everyday-hindi/,"index, follow, max-snippet:-1, max-image-preview:large",yes,PUBLISHED,HIGH_CONTENT,412,1,,,0,56,3,0,no,0,yes,yes,
learn/paths/grammar-foundations/index.html,learning-content,Grammar Foundations | EkGuru,https://ekguru.shop/learn/paths/grammar-foundations/,"index, follow, max-snippet:-1, max-image-preview:large",yes,PUBLISHED,HIGH_CONTENT,385,1,,,0,55,3,0,no,0,yes,yes,
learn/paths/hindi-from-zero/index.html,learning-content,Hindi From Zero | EkGuru,https://ekguru.shop/learn/paths/hindi-from-zero/,"index, follow, max-snippet:-1, max-image-preview:large",yes,PUBLISHED,HIGH_CONTENT,524,1,,,0,62,3,0,no,0,yes,yes,
learn/paths/index.html,learning-content,Hindi Learning Paths — Six Free Goal-Based Tracks | EkGuru,https://ekguru.shop/learn/paths/,"index, follow, max-snippet:-1, max-image-preview:large",yes,PUBLISHED,HIGH_CONTENT,356,1,,,0,42,3,0,no,0,yes,yes,
learn/paths/reading-hindi/index.html,learning-content,Reading Hindi | EkGuru,https://ekguru.shop/learn/paths/reading-hindi/,"index, follow, max-snippet:-1, max-image-preview:large",yes,PUBLISHED,HIGH_CONTENT,427,1,,,0,56,3,0,no,0,yes,yes,
learn/paths/speaking-starter/index.html,learning-content,Speaking Starter | EkGuru,https://ekguru.shop/learn/paths/speaking-starter/,"index, follow, max-snippet:-1, max-image-preview:large",yes,PUBLISHED,HIGH_CONTENT,415,1,,,0,56,3,0,no,0,yes,yes,
learn/paths/travel-hindi/index.html,learning-content,Travel Hindi | EkGuru,https://ekguru.shop/learn/paths/travel-hindi/,"index, follow, max-snippet:-1, max-image-preview:large",yes,PUBLISHED,HIGH_CONTENT,416,1,,,0,55,3,0,no,0,yes,yes,
learn/practice/daily/index.html,learning-content,"Daily Hindi Practice — 5, 10 or 20 Questions | EkGuru",https://ekguru.shop/learn/practice/daily/,"index, follow, max-snippet:-1, max-image-preview:large",yes,PUBLISHED,HIGH_CONTENT,268,1,,,0,45,3,0,no,0,yes,yes,
learn/practice/grammar/index.html,learning-content,"Hindi Grammar Practice — Gender, Plural, Agreement | EkGuru",https://ekguru.shop/learn/practice/grammar/,"index, follow, max-snippet:-1, max-image-preview:large",yes,PUBLISHED,HIGH_CONTENT,305,1,,,0,45,3,0,no,0,yes,yes,
learn/practice/index.html,learning-content,Hindi Practice — Drills That Actually Help | EkGuru,https://ekguru.shop/learn/practice/,"index, follow, max-snippet:-1, max-image-preview:large",yes,PUBLISHED,HIGH_CONTENT,359,1,,,0,41,3,0,no,0,yes,yes,
learn/practice/listening/index.html,learning-content,"Hindi Listening Practice — Hear It, Choose It | EkGuru",https://ekguru.shop/learn/practice/listening/,"index, follow, max-snippet:-1, max-image-preview:large",yes,PUBLISHED,HIGH_CONTENT,316,1,,,0,45,3,0,no,0,yes,yes,
learn/practice/placement/index.html,learning-content,Hindi Placement Check — Where Should You Start? | EkGuru,https://ekguru.shop/learn/practice/placement/,"index, follow, max-snippet:-1, max-image-preview:large",yes,PUBLISHED,HIGH_CONTENT,282,1,,,0,45,3,0,no,0,yes,yes,
learn/practice/pronunciation/index.html,learning-content,Hindi Pronunciation Lab — Minimal Pairs | EkGuru,https://ekguru.shop/learn/practice/pronunciation/,"index, follow, max-snippet:-1, max-image-preview:large",yes,PUBLISHED,HIGH_CONTENT,337,1,,,0,45,3,0,no,0,yes,yes,
learn/practice/reading/index.html,learning-content,"Hindi Reading Lab — Read It, Get the Meaning | EkGuru",https://ekguru.shop/learn/practice/reading/,"index, follow, max-snippet:-1, max-image-preview:large",yes,PUBLISHED,HIGH_CONTENT,315,1,,,0,45,3,0,no,0,yes,yes,
learn/practice/review/index.html,learning-content,Hindi Review — What Is Getting Wobbly | EkGuru,https://ekguru.shop/learn/practice/review/,"index, follow, max-snippet:-1, max-image-preview:large",yes,PUBLISHED,INTERACTIVE_LEARNING,242,1,,,0,45,3,0,no,0,yes,yes,
learn/practice/sentence-builder/index.html,learning-content,Hindi Sentence Builder — Put the Words in Order | EkGuru,https://ekguru.shop/learn/practice/sentence-builder/,"index, follow, max-snippet:-1, max-image-preview:large",yes,PUBLISHED,HIGH_CONTENT,322,1,,,0,45,3,0,no,0,yes,yes,
learn/practice/speaking/index.html,learning-content,"Hindi Speaking Lab — Say It, Then Check | EkGuru",https://ekguru.shop/learn/practice/speaking/,"index, follow, max-snippet:-1, max-image-preview:large",yes,PUBLISHED,HIGH_CONTENT,331,1,,,0,45,3,0,no,0,yes,yes,
learn/practice/verbs/index.html,learning-content,Hindi Verb Practice — Endings and Tenses | EkGuru,https://ekguru.shop/learn/practice/verbs/,"index, follow, max-snippet:-1, max-image-preview:large",yes,PUBLISHED,HIGH_CONTENT,296,1,,,0,45,3,0,no,0,yes,yes,
learn/practice/vocabulary/index.html,learning-content,Hindi Vocabulary Practice — Word Meaning Drill | EkGuru,https://ekguru.shop/learn/practice/vocabulary/,"index, follow, max-snippet:-1, max-image-preview:large",yes,PUBLISHED,HIGH_CONTENT,289,1,,,0,45,3,0,no,0,yes,yes,
learn/practice/writing/index.html,learning-content,Hindi Writing & Devanagari Lab — Know the Letters | EkGuru,https://ekguru.shop/learn/practice/writing/,"index, follow, max-snippet:-1, max-image-preview:large",yes,PUBLISHED,HIGH_CONTENT,314,1,,,0,45,3,0,no,0,yes,yes,
learn/punjabi/advanced/education/index.html,learning-content,Punjabi: School & learning — advanced words and phrases | EkGuru,https://ekguru.shop/learn/punjabi/advanced/education/,"index, follow, max-snippet:-1, max-image-preview:large",yes,PUBLISHED,HIGH_CONTENT,1299,1,,,0,47,3,0,no,0,yes,yes,
learn/punjabi/advanced/festivals/index.html,learning-content,Punjabi: Festivals & culture — advanced words and | EkGuru,https://ekguru.shop/learn/punjabi/advanced/festivals/,"index, follow, max-snippet:-1, max-image-preview:large",yes,PUBLISHED,HIGH_CONTENT,885,1,,,0,46,3,0,no,0,yes,yes,
learn/punjabi/advanced/health/index.html,learning-content,Punjabi: Health & doctor — advanced words and phrases | EkGuru,https://ekguru.shop/learn/punjabi/advanced/health/,"index, follow, max-snippet:-1, max-image-preview:large",yes,PUBLISHED,HIGH_CONTENT,1343,1,,,0,47,3,0,no,0,yes,yes,
learn/punjabi/advanced/home/index.html,learning-content,Punjabi: Home & family — advanced words and phrases | EkGuru,https://ekguru.shop/learn/punjabi/advanced/home/,"index, follow, max-snippet:-1, max-image-preview:large",yes,PUBLISHED,HIGH_CONTENT,1431,1,,,0,47,3,0,no,0,yes,yes,
learn/punjabi/advanced/index.html,learning-content,Punjabi advanced topics — beyond the basics | EkGuru,https://ekguru.shop/learn/punjabi/advanced/,"index, follow, max-snippet:-1, max-image-preview:large",yes,PUBLISHED,HIGH_CONTENT,295,1,,,0,44,3,0,no,0,yes,yes,
learn/punjabi/advanced/office/index.html,learning-content,Punjabi: Office & work — advanced words and phrases | EkGuru,https://ekguru.shop/learn/punjabi/advanced/office/,"index, follow, max-snippet:-1, max-image-preview:large",yes,PUBLISHED,HIGH_CONTENT,1337,1,,,0,47,3,0,no,0,yes,yes,
learn/punjabi/advanced/weather/index.html,learning-content,Punjabi: Weather & seasons — advanced words and phrases | EkGuru,https://ekguru.shop/learn/punjabi/advanced/weather/,"index, follow, max-snippet:-1, max-image-preview:large",yes,PUBLISHED,HIGH_CONTENT,1155,1,,,0,47,3,0,no,0,yes,yes,
learn/punjabi/basics/index.html,learning-content,"Punjabi basics — the script, sounds and first steps | EkGuru",https://ekguru.shop/learn/punjabi/basics/,"index, follow, max-snippet:-1, max-image-preview:large",yes,PUBLISHED,HIGH_CONTENT,526,1,,,0,52,3,0,no,0,yes,yes,
learn/punjabi/beginner/index.html,learning-content,Punjabi Beginner | EkGuru,https://ekguru.shop/learn/punjabi/beginner/,"index, follow, max-snippet:-1, max-image-preview:large",yes,PUBLISHED,HIGH_CONTENT,330,1,,,0,52,3,0,no,0,yes,yes,
learn/punjabi/conversation/index.html,learning-content,Punjabi conversation — greetings and first dialogues | EkGuru,https://ekguru.shop/learn/punjabi/conversation/,"index, follow, max-snippet:-1, max-image-preview:large",yes,PUBLISHED,HIGH_CONTENT,532,1,,,0,47,3,0,no,0,yes,yes,
learn/punjabi/daily-life/index.html,learning-content,Punjabi daily life & culture | EkGuru,https://ekguru.shop/learn/punjabi/daily-life/,"index, follow, max-snippet:-1, max-image-preview:large",yes,PUBLISHED,HIGH_CONTENT,465,1,,,0,45,3,0,no,0,yes,yes,
learn/punjabi/elementary/index.html,learning-content,Punjabi Elementary | EkGuru,https://ekguru.shop/learn/punjabi/elementary/,"index, follow, max-snippet:-1, max-image-preview:large",yes,PUBLISHED,HIGH_CONTENT,326,1,,,0,54,3,0,no,0,yes,yes,
learn/punjabi/food/index.html,learning-content,Punjabi food & eating — ordering and table talk | EkGuru,https://ekguru.shop/learn/punjabi/food/,"index, follow, max-snippet:-1, max-image-preview:large",yes,PUBLISHED,HIGH_CONTENT,403,1,,,0,45,3,0,no,0,yes,yes,
learn/punjabi/grammar/index.html,learning-content,"Punjabi grammar — word order, verbs and pronouns | EkGuru",https://ekguru.shop/learn/punjabi/grammar/,"index, follow, max-snippet:-1, max-image-preview:large",yes,PUBLISHED,HIGH_CONTENT,831,1,,,0,45,3,0,no,0,yes,yes,
learn/punjabi/index.html,learning-content,Learn Punjabi — the complete course | EkGuru,https://ekguru.shop/learn/punjabi/,"index, follow, max-snippet:-1, max-image-preview:large",yes,PUBLISHED,HIGH_CONTENT,828,1,,,0,51,3,0,no,0,yes,yes,
learn/punjabi/intermediate/index.html,learning-content,Punjabi Intermediate | EkGuru,https://ekguru.shop/learn/punjabi/intermediate/,"index, follow, max-snippet:-1, max-image-preview:large",yes,PUBLISHED,HIGH_CONTENT,333,1,,,0,51,3,0,no,0,yes,yes,
learn/punjabi/my-progress/index.html,learning-content,My Punjabi progress | EkGuru,https://ekguru.shop/learn/punjabi/my-progress/,"noindex, follow",no,NOINDEX,RESEARCH_REQUIRED,350,1,,,0,64,3,0,no,0,yes,yes,
learn/punjabi/numbers/index.html,learning-content,Counting in Punjabi: 1 to 100 (A1 lesson) | EkGuru,https://ekguru.shop/learn/punjabi/numbers/,"index, follow, max-snippet:-1, max-image-preview:large",yes,PUBLISHED,HIGH_CONTENT,367,1,,,0,46,3,0,no,0,yes,yes,
learn/punjabi/practice/conversation/index.html,learning-content,Punjabi conversation scenarios | EkGuru,https://ekguru.shop/learn/punjabi/practice/conversation/,"index, follow, max-snippet:-1, max-image-preview:large",yes,PUBLISHED,INTERACTIVE_LEARNING,722,1,,,0,44,3,0,no,0,yes,yes,
learn/punjabi/practice/index.html,learning-content,Punjabi practice labs | EkGuru,https://ekguru.shop/learn/punjabi/practice/,"index, follow, max-snippet:-1, max-image-preview:large",yes,PUBLISHED,INTERACTIVE_LEARNING,423,1,,,0,43,3,0,no,0,yes,yes,
learn/punjabi/practice/quiz/index.html,learning-content,Punjabi topic quiz | EkGuru,https://ekguru.shop/learn/punjabi/practice/quiz/,"index, follow, max-snippet:-1, max-image-preview:large",yes,PUBLISHED,INTERACTIVE_LEARNING,388,1,,,0,44,3,0,no,0,yes,yes,
learn/punjabi/practice/typing/index.html,learning-content,Punjabi typing trainer | EkGuru,https://ekguru.shop/learn/punjabi/practice/typing/,"index, follow, max-snippet:-1, max-image-preview:large",yes,PUBLISHED,INTERACTIVE_LEARNING,365,1,,,0,44,3,0,no,0,yes,yes,
learn/punjabi/practice/worksheets/index.html,learning-content,Punjabi worksheets | EkGuru,https://ekguru.shop/learn/punjabi/practice/worksheets/,"index, follow, max-snippet:-1, max-image-preview:large",yes,PUBLISHED,INTERACTIVE_LEARNING,507,1,,,0,44,3,0,no,0,yes,yes,
learn/punjabi/pronunciation/index.html,learning-content,"Punjabi pronunciation, reading & writing | EkGuru",https://ekguru.shop/learn/punjabi/pronunciation/,"index, follow, max-snippet:-1, max-image-preview:large",yes,PUBLISHED,HIGH_CONTENT,730,1,,,0,48,3,0,no,0,yes,yes,
learn/punjabi/review/index.html,learning-content,Punjabi review deck | EkGuru,https://ekguru.shop/learn/punjabi/review/,"noindex, follow",no,NOINDEX,RESEARCH_REQUIRED,297,1,,,0,43,3,0,no,0,yes,yes,
learn/punjabi/shopping/index.html,learning-content,Punjabi shopping & money — prices and bargaining | EkGuru,https://ekguru.shop/learn/punjabi/shopping/,"index, follow, max-snippet:-1, max-image-preview:large",yes,PUBLISHED,HIGH_CONTENT,373,1,,,0,45,3,0,no,0,yes,yes,
learn/punjabi/time-dates/index.html,learning-content,Punjabi time & dates — days and the clock | EkGuru,https://ekguru.shop/learn/punjabi/time-dates/,"index, follow, max-snippet:-1, max-image-preview:large",yes,PUBLISHED,HIGH_CONTENT,312,1,,,0,45,3,0,no,0,yes,yes,
learn/punjabi/travel/index.html,learning-content,"Punjabi for travel — stations, directions and fares | EkGuru",https://ekguru.shop/learn/punjabi/travel/,"index, follow, max-snippet:-1, max-image-preview:large",yes,PUBLISHED,HIGH_CONTENT,378,1,,,0,45,3,0,no,0,yes,yes,
learn/punjabi/vocabulary/index.html,learning-content,"Punjabi vocabulary — family, colours and core words | EkGuru",https://ekguru.shop/learn/punjabi/vocabulary/,"index, follow, max-snippet:-1, max-image-preview:large",yes,PUBLISHED,HIGH_CONTENT,692,1,,,0,46,3,0,no,0,yes,yes,
learn/tamil/advanced/education/index.html,learning-content,Tamil: Education & school — advanced words and phrases | EkGuru,https://ekguru.shop/learn/tamil/advanced/education/,"index, follow, max-snippet:-1, max-image-preview:large",yes,PUBLISHED,HIGH_CONTENT,1244,1,,,0,47,3,0,no,0,yes,yes,
learn/tamil/advanced/festivals/index.html,learning-content,Tamil: Festivals & celebrations — advanced words a | EkGuru,https://ekguru.shop/learn/tamil/advanced/festivals/,"index, follow, max-snippet:-1, max-image-preview:large",yes,PUBLISHED,HIGH_CONTENT,816,1,,,0,46,3,0,no,0,yes,yes,
learn/tamil/advanced/health/index.html,learning-content,Tamil: Health & doctor — advanced words and phrases | EkGuru,https://ekguru.shop/learn/tamil/advanced/health/,"index, follow, max-snippet:-1, max-image-preview:large",yes,PUBLISHED,HIGH_CONTENT,1232,1,,,0,47,3,0,no,0,yes,yes,
learn/tamil/advanced/home/index.html,learning-content,Tamil: Home & family — advanced words and phrases | EkGuru,https://ekguru.shop/learn/tamil/advanced/home/,"index, follow, max-snippet:-1, max-image-preview:large",yes,PUBLISHED,HIGH_CONTENT,1304,1,,,0,47,3,0,no,0,yes,yes,
learn/tamil/advanced/index.html,learning-content,Tamil advanced topics — beyond the basics | EkGuru,https://ekguru.shop/learn/tamil/advanced/,"index, follow, max-snippet:-1, max-image-preview:large",yes,PUBLISHED,HIGH_CONTENT,297,1,,,0,44,3,0,no,0,yes,yes,
learn/tamil/advanced/office/index.html,learning-content,Tamil: Office & work — advanced words and phrases | EkGuru,https://ekguru.shop/learn/tamil/advanced/office/,"index, follow, max-snippet:-1, max-image-preview:large",yes,PUBLISHED,HIGH_CONTENT,1230,1,,,0,47,3,0,no,0,yes,yes,
learn/tamil/advanced/weather/index.html,learning-content,Tamil: Weather & nature — advanced words and phrases | EkGuru,https://ekguru.shop/learn/tamil/advanced/weather/,"index, follow, max-snippet:-1, max-image-preview:large",yes,PUBLISHED,HIGH_CONTENT,1169,1,,,0,47,3,0,no,0,yes,yes,
learn/tamil/basics/index.html,learning-content,"Tamil basics — the script, sounds and first steps | EkGuru",https://ekguru.shop/learn/tamil/basics/,"index, follow, max-snippet:-1, max-image-preview:large",yes,PUBLISHED,HIGH_CONTENT,470,1,,,0,52,3,0,no,0,yes,yes,
learn/tamil/beginner/index.html,learning-content,Tamil Beginner | EkGuru,https://ekguru.shop/learn/tamil/beginner/,"index, follow, max-snippet:-1, max-image-preview:large",yes,PUBLISHED,HIGH_CONTENT,331,1,,,0,52,3,0,no,0,yes,yes,
learn/tamil/conversation/index.html,learning-content,Tamil conversation — greetings and first dialogues | EkGuru,https://ekguru.shop/learn/tamil/conversation/,"index, follow, max-snippet:-1, max-image-preview:large",yes,PUBLISHED,HIGH_CONTENT,465,1,,,0,47,3,0,no,0,yes,yes,
learn/tamil/daily-life/index.html,learning-content,Tamil daily life & culture | EkGuru,https://ekguru.shop/learn/tamil/daily-life/,"index, follow, max-snippet:-1, max-image-preview:large",yes,PUBLISHED,HIGH_CONTENT,450,1,,,0,45,3,0,no,0,yes,yes,
learn/tamil/elementary/index.html,learning-content,Tamil Elementary | EkGuru,https://ekguru.shop/learn/tamil/elementary/,"index, follow, max-snippet:-1, max-image-preview:large",yes,PUBLISHED,HIGH_CONTENT,326,1,,,0,54,3,0,no,0,yes,yes,
learn/tamil/food/index.html,learning-content,Tamil food & eating — ordering and table talk | EkGuru,https://ekguru.shop/learn/tamil/food/,"index, follow, max-snippet:-1, max-image-preview:large",yes,PUBLISHED,HIGH_CONTENT,440,1,,,0,45,3,0,no,0,yes,yes,
learn/tamil/grammar/index.html,learning-content,"Tamil grammar — word order, verbs and pronouns | EkGuru",https://ekguru.shop/learn/tamil/grammar/,"index, follow, max-snippet:-1, max-image-preview:large",yes,PUBLISHED,HIGH_CONTENT,713,1,,,0,45,3,0,no,0,yes,yes,
learn/tamil/index.html,learning-content,Learn Tamil — the complete course | EkGuru,https://ekguru.shop/learn/tamil/,"index, follow, max-snippet:-1, max-image-preview:large",yes,PUBLISHED,HIGH_CONTENT,863,1,,,0,51,3,0,no,0,yes,yes,
learn/tamil/intermediate/index.html,learning-content,Tamil Intermediate | EkGuru,https://ekguru.shop/learn/tamil/intermediate/,"index, follow, max-snippet:-1, max-image-preview:large",yes,PUBLISHED,HIGH_CONTENT,333,1,,,0,51,3,0,no,0,yes,yes,
learn/tamil/my-progress/index.html,learning-content,My Tamil progress | EkGuru,https://ekguru.shop/learn/tamil/my-progress/,"noindex, follow",no,NOINDEX,RESEARCH_REQUIRED,350,1,,,0,64,3,0,no,0,yes,yes,
learn/tamil/numbers/index.html,learning-content,Counting in Tamil: 1 to 100 (A1 lesson) | EkGuru,https://ekguru.shop/learn/tamil/numbers/,"index, follow, max-snippet:-1, max-image-preview:large",yes,PUBLISHED,HIGH_CONTENT,367,1,,,0,46,3,0,no,0,yes,yes,
learn/tamil/practice/conversation/index.html,learning-content,Tamil conversation scenarios | EkGuru,https://ekguru.shop/learn/tamil/practice/conversation/,"index, follow, max-snippet:-1, max-image-preview:large",yes,PUBLISHED,INTERACTIVE_LEARNING,519,1,,,0,44,3,0,no,0,yes,yes,
learn/tamil/practice/index.html,learning-content,Tamil practice labs | EkGuru,https://ekguru.shop/learn/tamil/practice/,"index, follow, max-snippet:-1, max-image-preview:large",yes,PUBLISHED,INTERACTIVE_LEARNING,425,1,,,0,43,3,0,no,0,yes,yes,
learn/tamil/practice/quiz/index.html,learning-content,Tamil topic quiz | EkGuru,https://ekguru.shop/learn/tamil/practice/quiz/,"index, follow, max-snippet:-1, max-image-preview:large",yes,PUBLISHED,INTERACTIVE_LEARNING,388,1,,,0,44,3,0,no,0,yes,yes,
learn/tamil/practice/typing/index.html,learning-content,Tamil typing trainer | EkGuru,https://ekguru.shop/learn/tamil/practice/typing/,"index, follow, max-snippet:-1, max-image-preview:large",yes,PUBLISHED,INTERACTIVE_LEARNING,367,1,,,0,44,3,0,no,0,yes,yes,
learn/tamil/practice/worksheets/index.html,learning-content,Tamil worksheets | EkGuru,https://ekguru.shop/learn/tamil/practice/worksheets/,"index, follow, max-snippet:-1, max-image-preview:large",yes,PUBLISHED,INTERACTIVE_LEARNING,513,1,,,0,44,3,0,no,0,yes,yes,
learn/tamil/pronunciation/index.html,learning-content,"Tamil pronunciation, reading & writing | EkGuru",https://ekguru.shop/learn/tamil/pronunciation/,"index, follow, max-snippet:-1, max-image-preview:large",yes,PUBLISHED,HIGH_CONTENT,635,1,,,0,48,3,0,no,0,yes,yes,
learn/tamil/review/index.html,learning-content,Tamil review deck | EkGuru,https://ekguru.shop/learn/tamil/review/,"noindex, follow",no,NOINDEX,RESEARCH_REQUIRED,302,1,,,0,43,3,0,no,0,yes,yes,
learn/tamil/shopping/index.html,learning-content,Tamil shopping & money — prices and bargaining | EkGuru,https://ekguru.shop/learn/tamil/shopping/,"index, follow, max-snippet:-1, max-image-preview:large",yes,PUBLISHED,HIGH_CONTENT,349,1,,,0,45,3,0,no,0,yes,yes,
learn/tamil/time-dates/index.html,learning-content,Tamil time & dates — days and the clock | EkGuru,https://ekguru.shop/learn/tamil/time-dates/,"index, follow, max-snippet:-1, max-image-preview:large",yes,PUBLISHED,HIGH_CONTENT,337,1,,,0,45,3,0,no,0,yes,yes,
learn/tamil/travel/index.html,learning-content,"Tamil for travel — stations, directions and fares | EkGuru",https://ekguru.shop/learn/tamil/travel/,"index, follow, max-snippet:-1, max-image-preview:large",yes,PUBLISHED,HIGH_CONTENT,384,1,,,0,45,3,0,no,0,yes,yes,
learn/tamil/vocabulary/index.html,learning-content,"Tamil vocabulary — family, colours and core words | EkGuru",https://ekguru.shop/learn/tamil/vocabulary/,"index, follow, max-snippet:-1, max-image-preview:large",yes,PUBLISHED,HIGH_CONTENT,536,1,,,0,46,3,0,no,0,yes,yes,
learn/telugu/advanced/education/index.html,learning-content,Telugu: Education & school — advanced words and phrases | EkGuru,https://ekguru.shop/learn/telugu/advanced/education/,"index, follow, max-snippet:-1, max-image-preview:large",yes,PUBLISHED,HIGH_CONTENT,1273,1,,,0,47,3,0,no,0,yes,yes,
learn/telugu/advanced/festivals/index.html,learning-content,Telugu: Festivals & celebrations — advanced words | EkGuru,https://ekguru.shop/learn/telugu/advanced/festivals/,"index, follow, max-snippet:-1, max-image-preview:large",yes,PUBLISHED,HIGH_CONTENT,819,1,,,0,46,3,0,no,0,yes,yes,
learn/telugu/advanced/health/index.html,learning-content,Telugu: Health & doctor — advanced words and phrases | EkGuru,https://ekguru.shop/learn/telugu/advanced/health/,"index, follow, max-snippet:-1, max-image-preview:large",yes,PUBLISHED,HIGH_CONTENT,1222,1,,,0,47,3,0,no,0,yes,yes,
learn/telugu/advanced/home/index.html,learning-content,Telugu: Home & family — advanced words and phrases | EkGuru,https://ekguru.shop/learn/telugu/advanced/home/,"index, follow, max-snippet:-1, max-image-preview:large",yes,PUBLISHED,HIGH_CONTENT,1295,1,,,0,47,3,0,no,0,yes,yes,
learn/telugu/advanced/index.html,learning-content,Telugu advanced topics — beyond the basics | EkGuru,https://ekguru.shop/learn/telugu/advanced/,"index, follow, max-snippet:-1, max-image-preview:large",yes,PUBLISHED,HIGH_CONTENT,296,1,,,0,44,3,0,no,0,yes,yes,
learn/telugu/advanced/office/index.html,learning-content,Telugu: Office & work — advanced words and phrases | EkGuru,https://ekguru.shop/learn/telugu/advanced/office/,"index, follow, max-snippet:-1, max-image-preview:large",yes,PUBLISHED,HIGH_CONTENT,1247,1,,,0,47,3,0,no,0,yes,yes,
learn/telugu/advanced/weather/index.html,learning-content,Telugu: Weather & nature — advanced words and phrases | EkGuru,https://ekguru.shop/learn/telugu/advanced/weather/,"index, follow, max-snippet:-1, max-image-preview:large",yes,PUBLISHED,HIGH_CONTENT,1155,1,,,0,47,3,0,no,0,yes,yes,
learn/telugu/basics/index.html,learning-content,"Telugu basics — the script, sounds and first steps | EkGuru",https://ekguru.shop/learn/telugu/basics/,"index, follow, max-snippet:-1, max-image-preview:large",yes,PUBLISHED,HIGH_CONTENT,462,1,,,0,52,3,0,no,0,yes,yes,
learn/telugu/beginner/index.html,learning-content,Telugu Beginner | EkGuru,https://ekguru.shop/learn/telugu/beginner/,"index, follow, max-snippet:-1, max-image-preview:large",yes,PUBLISHED,HIGH_CONTENT,331,1,,,0,52,3,0,no,0,yes,yes,
learn/telugu/conversation/index.html,learning-content,Telugu conversation — greetings and first dialogues | EkGuru,https://ekguru.shop/learn/telugu/conversation/,"index, follow, max-snippet:-1, max-image-preview:large",yes,PUBLISHED,HIGH_CONTENT,432,1,,,0,47,3,0,no,0,yes,yes,
learn/telugu/daily-life/index.html,learning-content,Telugu daily life & culture | EkGuru,https://ekguru.shop/learn/telugu/daily-life/,"index, follow, max-snippet:-1, max-image-preview:large",yes,PUBLISHED,HIGH_CONTENT,448,1,,,0,45,3,0,no,0,yes,yes,
learn/telugu/elementary/index.html,learning-content,Telugu Elementary | EkGuru,https://ekguru.shop/learn/telugu/elementary/,"index, follow, max-snippet:-1, max-image-preview:large",yes,PUBLISHED,HIGH_CONTENT,326,1,,,0,54,3,0,no,0,yes,yes,
learn/telugu/food/index.html,learning-content,Telugu food & eating — ordering and table talk | EkGuru,https://ekguru.shop/learn/telugu/food/,"index, follow, max-snippet:-1, max-image-preview:large",yes,PUBLISHED,HIGH_CONTENT,409,1,,,0,45,3,0,no,0,yes,yes,
learn/telugu/grammar/index.html,learning-content,"Telugu grammar — word order, verbs and pronouns | EkGuru",https://ekguru.shop/learn/telugu/grammar/,"index, follow, max-snippet:-1, max-image-preview:large",yes,PUBLISHED,HIGH_CONTENT,715,1,,,0,45,3,0,no,0,yes,yes,
learn/telugu/index.html,learning-content,Learn Telugu — the complete course | EkGuru,https://ekguru.shop/learn/telugu/,"index, follow, max-snippet:-1, max-image-preview:large",yes,PUBLISHED,HIGH_CONTENT,861,1,,,0,51,3,0,no,0,yes,yes,
learn/telugu/intermediate/index.html,learning-content,Telugu Intermediate | EkGuru,https://ekguru.shop/learn/telugu/intermediate/,"index, follow, max-snippet:-1, max-image-preview:large",yes,PUBLISHED,HIGH_CONTENT,333,1,,,0,51,3,0,no,0,yes,yes,
learn/telugu/my-progress/index.html,learning-content,My Telugu progress | EkGuru,https://ekguru.shop/learn/telugu/my-progress/,"noindex, follow",no,NOINDEX,RESEARCH_REQUIRED,350,1,,,0,64,3,0,no,0,yes,yes,
learn/telugu/numbers/index.html,learning-content,Counting in Telugu: 1 to 100 (A1 lesson) | EkGuru,https://ekguru.shop/learn/telugu/numbers/,"index, follow, max-snippet:-1, max-image-preview:large",yes,PUBLISHED,HIGH_CONTENT,367,1,,,0,46,3,0,no,0,yes,yes,
learn/telugu/practice/conversation/index.html,learning-content,Telugu conversation scenarios | EkGuru,https://ekguru.shop/learn/telugu/practice/conversation/,"index, follow, max-snippet:-1, max-image-preview:large",yes,PUBLISHED,INTERACTIVE_LEARNING,515,1,,,0,44,3,0,no,0,yes,yes,
learn/telugu/practice/index.html,learning-content,Telugu practice labs | EkGuru,https://ekguru.shop/learn/telugu/practice/,"index, follow, max-snippet:-1, max-image-preview:large",yes,PUBLISHED,INTERACTIVE_LEARNING,425,1,,,0,43,3,0,no,0,yes,yes,
learn/telugu/practice/quiz/index.html,learning-content,Telugu topic quiz | EkGuru,https://ekguru.shop/learn/telugu/practice/quiz/,"index, follow, max-snippet:-1, max-image-preview:large",yes,PUBLISHED,INTERACTIVE_LEARNING,388,1,,,0,44,3,0,no,0,yes,yes,
learn/telugu/practice/typing/index.html,learning-content,Telugu typing trainer | EkGuru,https://ekguru.shop/learn/telugu/practice/typing/,"index, follow, max-snippet:-1, max-image-preview:large",yes,PUBLISHED,INTERACTIVE_LEARNING,367,1,,,0,44,3,0,no,0,yes,yes,
learn/telugu/practice/worksheets/index.html,learning-content,Telugu worksheets | EkGuru,https://ekguru.shop/learn/telugu/practice/worksheets/,"index, follow, max-snippet:-1, max-image-preview:large",yes,PUBLISHED,INTERACTIVE_LEARNING,522,1,,,0,44,3,0,no,0,yes,yes,
learn/telugu/pronunciation/index.html,learning-content,"Telugu pronunciation, reading & writing | EkGuru",https://ekguru.shop/learn/telugu/pronunciation/,"index, follow, max-snippet:-1, max-image-preview:large",yes,PUBLISHED,HIGH_CONTENT,731,1,,,0,48,3,0,no,0,yes,yes,
learn/telugu/review/index.html,learning-content,Telugu review deck | EkGuru,https://ekguru.shop/learn/telugu/review/,"noindex, follow",no,NOINDEX,RESEARCH_REQUIRED,303,1,,,0,43,3,0,no,0,yes,yes,
learn/telugu/shopping/index.html,learning-content,Telugu shopping & money — prices and bargaining | EkGuru,https://ekguru.shop/learn/telugu/shopping/,"index, follow, max-snippet:-1, max-image-preview:large",yes,PUBLISHED,HIGH_CONTENT,355,1,,,0,45,3,0,no,0,yes,yes,
learn/telugu/time-dates/index.html,learning-content,Telugu time & dates — days and the clock | EkGuru,https://ekguru.shop/learn/telugu/time-dates/,"index, follow, max-snippet:-1, max-image-preview:large",yes,PUBLISHED,HIGH_CONTENT,329,1,,,0,45,3,0,no,0,yes,yes,
learn/telugu/travel/index.html,learning-content,"Telugu for travel — stations, directions and fares | EkGuru",https://ekguru.shop/learn/telugu/travel/,"index, follow, max-snippet:-1, max-image-preview:large",yes,PUBLISHED,HIGH_CONTENT,374,1,,,0,45,3,0,no,0,yes,yes,
learn/telugu/vocabulary/index.html,learning-content,"Telugu vocabulary — family, colours and core words | EkGuru",https://ekguru.shop/learn/telugu/vocabulary/,"index, follow, max-snippet:-1, max-image-preview:large",yes,PUBLISHED,HIGH_CONTENT,542,1,,,0,46,3,0,no,0,yes,yes,
learn/urdu/advanced/education/index.html,learning-content,Urdu: School & learning — advanced words and phrases | EkGuru,https://ekguru.shop/learn/urdu/advanced/education/,"index, follow, max-snippet:-1, max-image-preview:large",yes,PUBLISHED,HIGH_CONTENT,1347,1,,,0,47,3,0,no,0,yes,yes,
learn/urdu/advanced/festivals/index.html,learning-content,Urdu: Festivals & culture — advanced words and phrases | EkGuru,https://ekguru.shop/learn/urdu/advanced/festivals/,"index, follow, max-snippet:-1, max-image-preview:large",yes,PUBLISHED,HIGH_CONTENT,882,1,,,0,46,3,0,no,0,yes,yes,
learn/urdu/advanced/health/index.html,learning-content,Urdu: Health & doctor — advanced words and phrases | EkGuru,https://ekguru.shop/learn/urdu/advanced/health/,"index, follow, max-snippet:-1, max-image-preview:large",yes,PUBLISHED,HIGH_CONTENT,1362,1,,,0,47,3,0,no,0,yes,yes,
learn/urdu/advanced/home/index.html,learning-content,Urdu: Home & family — advanced words and phrases | EkGuru,https://ekguru.shop/learn/urdu/advanced/home/,"index, follow, max-snippet:-1, max-image-preview:large",yes,PUBLISHED,HIGH_CONTENT,1427,1,,,0,47,3,0,no,0,yes,yes,
learn/urdu/advanced/index.html,learning-content,Urdu advanced topics — beyond the basics | EkGuru,https://ekguru.shop/learn/urdu/advanced/,"index, follow, max-snippet:-1, max-image-preview:large",yes,PUBLISHED,HIGH_CONTENT,297,1,,,0,44,3,0,no,0,yes,yes,
learn/urdu/advanced/office/index.html,learning-content,Urdu: Office & work — advanced words and phrases | EkGuru,https://ekguru.shop/learn/urdu/advanced/office/,"index, follow, max-snippet:-1, max-image-preview:large",yes,PUBLISHED,HIGH_CONTENT,1377,1,,,0,47,3,0,no,0,yes,yes,
learn/urdu/advanced/weather/index.html,learning-content,Urdu: Weather & seasons — advanced words and phrases | EkGuru,https://ekguru.shop/learn/urdu/advanced/weather/,"index, follow, max-snippet:-1, max-image-preview:large",yes,PUBLISHED,HIGH_CONTENT,1194,1,,,0,47,3,0,no,0,yes,yes,
learn/urdu/basics/index.html,learning-content,"Urdu basics — the script, sounds and first steps | EkGuru",https://ekguru.shop/learn/urdu/basics/,"index, follow, max-snippet:-1, max-image-preview:large",yes,PUBLISHED,HIGH_CONTENT,513,1,,,0,52,3,0,no,0,yes,yes,
learn/urdu/beginner/index.html,learning-content,Urdu Beginner | EkGuru,https://ekguru.shop/learn/urdu/beginner/,"index, follow, max-snippet:-1, max-image-preview:large",yes,PUBLISHED,HIGH_CONTENT,331,1,,,0,52,3,0,no,0,yes,yes,
learn/urdu/conversation/index.html,learning-content,Urdu conversation — greetings and first dialogues | EkGuru,https://ekguru.shop/learn/urdu/conversation/,"index, follow, max-snippet:-1, max-image-preview:large",yes,PUBLISHED,HIGH_CONTENT,501,1,,,0,47,3,0,no,0,yes,yes,
learn/urdu/daily-life/index.html,learning-content,Urdu daily life & culture | EkGuru,https://ekguru.shop/learn/urdu/daily-life/,"index, follow, max-snippet:-1, max-image-preview:large",yes,PUBLISHED,HIGH_CONTENT,472,1,,,0,45,3,0,no,0,yes,yes,
learn/urdu/elementary/index.html,learning-content,Urdu Elementary | EkGuru,https://ekguru.shop/learn/urdu/elementary/,"index, follow, max-snippet:-1, max-image-preview:large",yes,PUBLISHED,HIGH_CONTENT,326,1,,,0,54,3,0,no,0,yes,yes,
learn/urdu/food/index.html,learning-content,Urdu food & eating — ordering and table talk | EkGuru,https://ekguru.shop/learn/urdu/food/,"index, follow, max-snippet:-1, max-image-preview:large",yes,PUBLISHED,HIGH_CONTENT,403,1,,,0,45,3,0,no,0,yes,yes,
learn/urdu/grammar/index.html,learning-content,"Urdu grammar — word order, verbs and pronouns | EkGuru",https://ekguru.shop/learn/urdu/grammar/,"index, follow, max-snippet:-1, max-image-preview:large",yes,PUBLISHED,HIGH_CONTENT,857,1,,,0,45,3,0,no,0,yes,yes,
learn/urdu/index.html,learning-content,Learn Urdu — the complete course | EkGuru,https://ekguru.shop/learn/urdu/,"index, follow, max-snippet:-1, max-image-preview:large",yes,PUBLISHED,HIGH_CONTENT,821,1,,,0,51,3,0,no,0,yes,yes,
learn/urdu/intermediate/index.html,learning-content,Urdu Intermediate | EkGuru,https://ekguru.shop/learn/urdu/intermediate/,"index, follow, max-snippet:-1, max-image-preview:large",yes,PUBLISHED,HIGH_CONTENT,333,1,,,0,51,3,0,no,0,yes,yes,
learn/urdu/my-progress/index.html,learning-content,My Urdu progress | EkGuru,https://ekguru.shop/learn/urdu/my-progress/,"noindex, follow",no,NOINDEX,RESEARCH_REQUIRED,264,1,,,0,64,3,0,no,0,yes,yes,
learn/urdu/numbers/index.html,learning-content,Urdu numbers 1–100 | EkGuru,https://ekguru.shop/learn/urdu/numbers/,"index, follow, max-snippet:-1, max-image-preview:large",yes,PUBLISHED,HIGH_CONTENT,362,1,,,0,46,3,0,no,0,yes,yes,
learn/urdu/practice/conversation/index.html,learning-content,Urdu conversation scenarios | EkGuru,https://ekguru.shop/learn/urdu/practice/conversation/,"index, follow, max-snippet:-1, max-image-preview:large",yes,PUBLISHED,INTERACTIVE_LEARNING,714,1,,,0,44,3,0,no,0,yes,yes,
learn/urdu/practice/index.html,learning-content,Urdu practice labs | EkGuru,https://ekguru.shop/learn/urdu/practice/,"index, follow, max-snippet:-1, max-image-preview:large",yes,PUBLISHED,INTERACTIVE_LEARNING,265,1,,,0,43,3,0,no,0,yes,yes,
learn/urdu/practice/quiz/index.html,learning-content,Urdu topic quiz | EkGuru,https://ekguru.shop/learn/urdu/practice/quiz/,"index, follow, max-snippet:-1, max-image-preview:large",yes,PUBLISHED,INTERACTIVE_LEARNING,246,1,,,0,44,3,0,no,0,yes,yes,
learn/urdu/practice/typing/index.html,learning-content,Urdu typing trainer | EkGuru,https://ekguru.shop/learn/urdu/practice/typing/,"index, follow, max-snippet:-1, max-image-preview:large",yes,PUBLISHED,INTERACTIVE_LEARNING,239,1,,,0,44,3,0,no,0,yes,yes,
learn/urdu/practice/worksheets/index.html,learning-content,Urdu worksheets | EkGuru,https://ekguru.shop/learn/urdu/practice/worksheets/,"index, follow, max-snippet:-1, max-image-preview:large",yes,PUBLISHED,INTERACTIVE_LEARNING,371,1,,,0,44,3,0,no,0,yes,yes,
learn/urdu/pronunciation/index.html,learning-content,"Urdu pronunciation, reading & writing | EkGuru",https://ekguru.shop/learn/urdu/pronunciation/,"index, follow, max-snippet:-1, max-image-preview:large",yes,PUBLISHED,HIGH_CONTENT,811,1,,,0,48,3,0,no,0,yes,yes,
learn/urdu/review/index.html,learning-content,Urdu review deck | EkGuru,https://ekguru.shop/learn/urdu/review/,"noindex, follow",no,NOINDEX,RESEARCH_REQUIRED,298,1,,,0,43,3,0,no,0,yes,yes,
learn/urdu/shopping/index.html,learning-content,Urdu shopping & money — prices and bargaining | EkGuru,https://ekguru.shop/learn/urdu/shopping/,"index, follow, max-snippet:-1, max-image-preview:large",yes,PUBLISHED,HIGH_CONTENT,372,1,,,0,45,3,0,no,0,yes,yes,
learn/urdu/time-dates/index.html,learning-content,Urdu time & dates — days and the clock | EkGuru,https://ekguru.shop/learn/urdu/time-dates/,"index, follow, max-snippet:-1, max-image-preview:large",yes,PUBLISHED,HIGH_CONTENT,311,1,,,0,45,3,0,no,0,yes,yes,
learn/urdu/travel/index.html,learning-content,"Urdu for travel — stations, directions and fares | EkGuru",https://ekguru.shop/learn/urdu/travel/,"index, follow, max-snippet:-1, max-image-preview:large",yes,PUBLISHED,HIGH_CONTENT,376,1,,,0,45,3,0,no,0,yes,yes,
learn/urdu/vocabulary/index.html,learning-content,"Urdu vocabulary — family, colours and core words | EkGuru",https://ekguru.shop/learn/urdu/vocabulary/,"index, follow, max-snippet:-1, max-image-preview:large",yes,PUBLISHED,HIGH_CONTENT,717,1,,,0,46,3,0,no,0,yes,yes,
learn/write-your-name-in-hindi/index.html,learning-content,How to Write Your Name in Hindi | EkGuru,https://ekguru.shop/learn/write-your-name-in-hindi/,"index, follow, max-snippet:-1, max-image-preview:large",yes,PUBLISHED,HIGH_CONTENT,1484,1,,,0,74,3,0,no,0,yes,yes,
learn-hindi-by-country/index.html,country-funnel-research,"Learn Hindi by Country — Times, Prices, What Helps | EkGuru",https://ekguru.shop/learn-hindi-by-country/,"noindex, follow",no,NOINDEX,RESEARCH_REQUIRED,946,1,,,0,256,1,0,no,0,yes,yes,
learn-hindi-for-arabic-speakers/first-words/index.html,source-language-research,The First 100 Hindi Words for Arabic Speakers | EkGuru,https://ekguru.shop/learn-hindi-for-arabic-speakers/first-words/,"noindex, follow",no,NOINDEX,RESEARCH_REQUIRED,1115,1,,,0,57,1,0,no,0,yes,yes,
learn-hindi-for-arabic-speakers/grammar/index.html,source-language-research,Hindi Grammar for Arabic Speakers | EkGuru,https://ekguru.shop/learn-hindi-for-arabic-speakers/grammar/,"noindex, follow",no,NOINDEX,RESEARCH_REQUIRED,1144,1,,,0,57,1,0,no,0,yes,yes,
learn-hindi-for-arabic-speakers/index.html,source-language-research,Learn Hindi for Arabic Speakers | EkGuru,https://ekguru.shop/learn-hindi-for-arabic-speakers/,"noindex, follow",no,NOINDEX,RESEARCH_REQUIRED,1365,1,,,0,71,1,0,no,0,yes,yes,
learn-hindi-for-arabic-speakers/mistakes/index.html,source-language-research,Hindi Mistakes Arabic Speakers Make | EkGuru,https://ekguru.shop/learn-hindi-for-arabic-speakers/mistakes/,"noindex, follow",no,NOINDEX,RESEARCH_REQUIRED,1033,1,,,0,56,1,0,no,0,yes,yes,
learn-hindi-for-arabic-speakers/pronunciation/index.html,source-language-research,Hindi Pronunciation for Arabic Speakers | EkGuru,https://ekguru.shop/learn-hindi-for-arabic-speakers/pronunciation/,"noindex, follow",no,NOINDEX,RESEARCH_REQUIRED,1076,1,,,0,56,1,0,no,0,yes,yes,
learn-hindi-for-bengali-speakers/first-words/index.html,source-language-research,The First 100 Hindi Words for Bengali Speakers | EkGuru,https://ekguru.shop/learn-hindi-for-bengali-speakers/first-words/,"noindex, follow",no,NOINDEX,RESEARCH_REQUIRED,1102,1,,,0,57,1,0,no,0,yes,yes,
learn-hindi-for-bengali-speakers/grammar/index.html,source-language-research,Hindi Grammar for Bengali Speakers | EkGuru,https://ekguru.shop/learn-hindi-for-bengali-speakers/grammar/,"noindex, follow",no,NOINDEX,RESEARCH_REQUIRED,1051,1,,,0,57,1,0,no,0,yes,yes,
learn-hindi-for-bengali-speakers/index.html,source-language-research,Learn Hindi for Bengali Speakers | EkGuru,https://ekguru.shop/learn-hindi-for-bengali-speakers/,"noindex, follow",no,NOINDEX,RESEARCH_REQUIRED,1195,1,,,0,63,1,0,no,0,yes,yes,
learn-hindi-for-bengali-speakers/mistakes/index.html,source-language-research,Hindi Mistakes Bengali Speakers Make | EkGuru,https://ekguru.shop/learn-hindi-for-bengali-speakers/mistakes/,"noindex, follow",no,NOINDEX,RESEARCH_REQUIRED,997,1,,,0,56,1,0,no,0,yes,yes,
learn-hindi-for-bengali-speakers/pronunciation/index.html,source-language-research,Hindi Pronunciation for Bengali Speakers | EkGuru,https://ekguru.shop/learn-hindi-for-bengali-speakers/pronunciation/,"noindex, follow",no,NOINDEX,RESEARCH_REQUIRED,1012,1,,,0,56,1,0,no,0,yes,yes,
learn-hindi-for-chinese-speakers/grammar/index.html,source-language-research,Hindi Grammar for Chinese Speakers | EkGuru,https://ekguru.shop/learn-hindi-for-chinese-speakers/grammar/,"noindex, follow",no,NOINDEX,RESEARCH_REQUIRED,1096,1,,,0,56,1,0,no,0,yes,yes,
learn-hindi-for-chinese-speakers/index.html,source-language-research,Learn Hindi for Chinese Speakers | EkGuru,https://ekguru.shop/learn-hindi-for-chinese-speakers/,"noindex, follow",no,NOINDEX,RESEARCH_REQUIRED,1237,1,,,0,64,1,0,no,0,yes,yes,
learn-hindi-for-chinese-speakers/mistakes/index.html,source-language-research,Hindi Mistakes Chinese Speakers Make | EkGuru,https://ekguru.shop/learn-hindi-for-chinese-speakers/mistakes/,"noindex, follow",no,NOINDEX,RESEARCH_REQUIRED,1035,1,,,0,55,1,0,no,0,yes,yes,
learn-hindi-for-chinese-speakers/pronunciation/index.html,source-language-research,Hindi Pronunciation for Chinese Speakers | EkGuru,https://ekguru.shop/learn-hindi-for-chinese-speakers/pronunciation/,"noindex, follow",no,NOINDEX,RESEARCH_REQUIRED,1078,1,,,0,55,1,0,no,0,yes,yes,
learn-hindi-for-dutch-speakers/grammar/index.html,source-language-research,Hindi Grammar for Dutch Speakers | EkGuru,https://ekguru.shop/learn-hindi-for-dutch-speakers/grammar/,"noindex, follow",no,NOINDEX,RESEARCH_REQUIRED,1052,1,,,0,55,1,0,no,0,yes,yes,
learn-hindi-for-dutch-speakers/index.html,source-language-research,Learn Hindi for Dutch Speakers | EkGuru,https://ekguru.shop/learn-hindi-for-dutch-speakers/,"noindex, follow",no,NOINDEX,RESEARCH_REQUIRED,1210,1,,,0,64,1,0,no,0,yes,yes,
learn-hindi-for-dutch-speakers/mistakes/index.html,source-language-research,Hindi Mistakes Dutch Speakers Make | EkGuru,https://ekguru.shop/learn-hindi-for-dutch-speakers/mistakes/,"noindex, follow",no,NOINDEX,RESEARCH_REQUIRED,984,1,,,0,54,1,0,no,0,yes,yes,
learn-hindi-for-dutch-speakers/pronunciation/index.html,source-language-research,Hindi Pronunciation for Dutch Speakers | EkGuru,https://ekguru.shop/learn-hindi-for-dutch-speakers/pronunciation/,"noindex, follow",no,NOINDEX,RESEARCH_REQUIRED,1071,1,,,0,54,1,0,no,0,yes,yes,
learn-hindi-for-english-speakers/first-words/index.html,source-language-research,The First 100 Hindi Words for English Speakers | EkGuru,https://ekguru.shop/learn-hindi-for-english-speakers/first-words/,"noindex, follow",no,NOINDEX,RESEARCH_REQUIRED,1097,1,,,0,56,1,0,no,0,yes,yes,
learn-hindi-for-english-speakers/grammar/index.html,source-language-research,Hindi Grammar for English Speakers | EkGuru,https://ekguru.shop/learn-hindi-for-english-speakers/grammar/,"noindex, follow",no,NOINDEX,RESEARCH_REQUIRED,1243,1,,,0,56,1,0,no,0,yes,yes,
learn-hindi-for-english-speakers/index.html,source-language-research,Learn Hindi for English Speakers | EkGuru,https://ekguru.shop/learn-hindi-for-english-speakers/,"noindex, follow",no,NOINDEX,RESEARCH_REQUIRED,1509,1,,,0,72,1,0,no,0,yes,yes,
learn-hindi-for-english-speakers/mistakes/index.html,source-language-research,Hindi Mistakes English Speakers Make | EkGuru,https://ekguru.shop/learn-hindi-for-english-speakers/mistakes/,"noindex, follow",no,NOINDEX,RESEARCH_REQUIRED,1189,1,,,0,55,1,0,no,0,yes,yes,
learn-hindi-for-english-speakers/pronunciation/index.html,source-language-research,Hindi Pronunciation for English Speakers | EkGuru,https://ekguru.shop/learn-hindi-for-english-speakers/pronunciation/,"noindex, follow",no,NOINDEX,RESEARCH_REQUIRED,1132,1,,,0,55,1,0,no,0,yes,yes,
learn-hindi-for-french-speakers/first-words/index.html,source-language-research,The First 100 Hindi Words for French Speakers | EkGuru,https://ekguru.shop/learn-hindi-for-french-speakers/first-words/,"noindex, follow",no,NOINDEX,RESEARCH_REQUIRED,1135,1,,,0,57,1,0,no,0,yes,yes,
learn-hindi-for-french-speakers/grammar/index.html,source-language-research,Hindi Grammar for French Speakers | EkGuru,https://ekguru.shop/learn-hindi-for-french-speakers/grammar/,"noindex, follow",no,NOINDEX,RESEARCH_REQUIRED,1086,1,,,0,57,1,0,no,0,yes,yes,
learn-hindi-for-french-speakers/index.html,source-language-research,Learn Hindi for French Speakers | EkGuru,https://ekguru.shop/learn-hindi-for-french-speakers/,"noindex, follow",no,NOINDEX,RESEARCH_REQUIRED,1349,1,,,0,68,1,0,no,0,yes,yes,
learn-hindi-for-french-speakers/mistakes/index.html,source-language-research,Hindi Mistakes French Speakers Make | EkGuru,https://ekguru.shop/learn-hindi-for-french-speakers/mistakes/,"noindex, follow",no,NOINDEX,RESEARCH_REQUIRED,1060,1,,,0,56,1,0,no,0,yes,yes,
learn-hindi-for-french-speakers/pronunciation/index.html,source-language-research,Hindi Pronunciation for French Speakers | EkGuru,https://ekguru.shop/learn-hindi-for-french-speakers/pronunciation/,"noindex, follow",no,NOINDEX,RESEARCH_REQUIRED,1111,1,,,0,56,1,0,no,0,yes,yes,
learn-hindi-for-german-speakers/first-words/index.html,source-language-research,The First 100 Hindi Words for German Speakers | EkGuru,https://ekguru.shop/learn-hindi-for-german-speakers/first-words/,"noindex, follow",no,NOINDEX,RESEARCH_REQUIRED,1125,1,,,0,57,1,0,no,0,yes,yes,
learn-hindi-for-german-speakers/grammar/index.html,source-language-research,Hindi Grammar for German Speakers | EkGuru,https://ekguru.shop/learn-hindi-for-german-speakers/grammar/,"noindex, follow",no,NOINDEX,RESEARCH_REQUIRED,1180,1,,,0,57,1,0,no,0,yes,yes,
learn-hindi-for-german-speakers/index.html,source-language-research,Learn Hindi for German Speakers | EkGuru,https://ekguru.shop/learn-hindi-for-german-speakers/,"noindex, follow",no,NOINDEX,RESEARCH_REQUIRED,1392,1,,,0,64,1,0,no,0,yes,yes,
learn-hindi-for-german-speakers/mistakes/index.html,source-language-research,Hindi Mistakes German Speakers Make | EkGuru,https://ekguru.shop/learn-hindi-for-german-speakers/mistakes/,"noindex, follow",no,NOINDEX,RESEARCH_REQUIRED,1061,1,,,0,56,1,0,no,0,yes,yes,
learn-hindi-for-german-speakers/pronunciation/index.html,source-language-research,Hindi Pronunciation for German Speakers | EkGuru,https://ekguru.shop/learn-hindi-for-german-speakers/pronunciation/,"noindex, follow",no,NOINDEX,RESEARCH_REQUIRED,1101,1,,,0,56,1,0,no,0,yes,yes,
learn-hindi-for-gujarati-speakers/first-words/index.html,source-language-research,The First 100 Hindi Words for Gujarati Speakers | EkGuru,https://ekguru.shop/learn-hindi-for-gujarati-speakers/first-words/,"noindex, follow",no,NOINDEX,RESEARCH_REQUIRED,1072,1,,,0,56,1,0,no,0,yes,yes,
learn-hindi-for-gujarati-speakers/grammar/index.html,source-language-research,Hindi Grammar for Gujarati Speakers | EkGuru,https://ekguru.shop/learn-hindi-for-gujarati-speakers/grammar/,"noindex, follow",no,NOINDEX,RESEARCH_REQUIRED,1001,1,,,0,56,1,0,no,0,yes,yes,
learn-hindi-for-gujarati-speakers/index.html,source-language-research,Learn Hindi for Gujarati Speakers | EkGuru,https://ekguru.shop/learn-hindi-for-gujarati-speakers/,"noindex, follow",no,NOINDEX,RESEARCH_REQUIRED,1171,1,,,0,66,1,0,no,0,yes,yes,
learn-hindi-for-gujarati-speakers/mistakes/index.html,source-language-research,Hindi Mistakes Gujarati Speakers Make | EkGuru,https://ekguru.shop/learn-hindi-for-gujarati-speakers/mistakes/,"noindex, follow",no,NOINDEX,RESEARCH_REQUIRED,962,1,,,0,55,1,0,no,0,yes,yes,
learn-hindi-for-gujarati-speakers/pronunciation/index.html,source-language-research,Hindi Pronunciation for Gujarati Speakers | EkGuru,https://ekguru.shop/learn-hindi-for-gujarati-speakers/pronunciation/,"noindex, follow",no,NOINDEX,RESEARCH_REQUIRED,1010,1,,,0,55,1,0,no,0,yes,yes,
learn-hindi-for-hebrew-speakers/grammar/index.html,source-language-research,Hindi Grammar for Hebrew Speakers | EkGuru,https://ekguru.shop/learn-hindi-for-hebrew-speakers/grammar/,"noindex, follow",no,NOINDEX,RESEARCH_REQUIRED,975,1,,,0,55,1,0,no,0,yes,yes,
learn-hindi-for-hebrew-speakers/index.html,source-language-research,Learn Hindi for Hebrew Speakers | EkGuru,https://ekguru.shop/learn-hindi-for-hebrew-speakers/,"noindex, follow",no,NOINDEX,RESEARCH_REQUIRED,1149,1,,,0,62,1,0,no,0,yes,yes,
learn-hindi-for-hebrew-speakers/mistakes/index.html,source-language-research,Hindi Mistakes Hebrew Speakers Make | EkGuru,https://ekguru.shop/learn-hindi-for-hebrew-speakers/mistakes/,"noindex, follow",no,NOINDEX,RESEARCH_REQUIRED,958,1,,,0,54,1,0,no,0,yes,yes,
learn-hindi-for-hebrew-speakers/pronunciation/index.html,source-language-research,Hindi Pronunciation for Hebrew Speakers | EkGuru,https://ekguru.shop/learn-hindi-for-hebrew-speakers/pronunciation/,"noindex, follow",no,NOINDEX,RESEARCH_REQUIRED,1061,1,,,0,54,1,0,no,0,yes,yes,
learn-hindi-for-indonesian-speakers/first-words/index.html,source-language-research,The First 100 Hindi Words for Indonesian Speakers | EkGuru,https://ekguru.shop/learn-hindi-for-indonesian-speakers/first-words/,"noindex, follow",no,NOINDEX,RESEARCH_REQUIRED,1127,1,,,0,57,1,0,no,0,yes,yes,
learn-hindi-for-indonesian-speakers/grammar/index.html,source-language-research,Hindi Grammar for Indonesian Speakers | EkGuru,https://ekguru.shop/learn-hindi-for-indonesian-speakers/grammar/,"noindex, follow",no,NOINDEX,RESEARCH_REQUIRED,1042,1,,,0,57,1,0,no,0,yes,yes,
learn-hindi-for-indonesian-speakers/index.html,source-language-research,Learn Hindi for Indonesian Speakers | EkGuru,https://ekguru.shop/learn-hindi-for-indonesian-speakers/,"noindex, follow",no,NOINDEX,RESEARCH_REQUIRED,1227,1,,,0,63,1,0,no,0,yes,yes,
learn-hindi-for-indonesian-speakers/mistakes/index.html,source-language-research,Hindi Mistakes Indonesian Speakers Make | EkGuru,https://ekguru.shop/learn-hindi-for-indonesian-speakers/mistakes/,"noindex, follow",no,NOINDEX,RESEARCH_REQUIRED,955,1,,,0,56,1,0,no,0,yes,yes,
learn-hindi-for-indonesian-speakers/pronunciation/index.html,source-language-research,Hindi Pronunciation for Indonesian Speakers | EkGuru,https://ekguru.shop/learn-hindi-for-indonesian-speakers/pronunciation/,"noindex, follow",no,NOINDEX,RESEARCH_REQUIRED,1048,1,,,0,56,1,0,no,0,yes,yes,
learn-hindi-for-italian-speakers/first-words/index.html,source-language-research,The First 100 Hindi Words for Italian Speakers | EkGuru,https://ekguru.shop/learn-hindi-for-italian-speakers/first-words/,"noindex, follow",no,NOINDEX,RESEARCH_REQUIRED,1140,1,,,0,57,1,0,no,0,yes,yes,
learn-hindi-for-italian-speakers/grammar/index.html,source-language-research,Hindi Grammar for Italian Speakers | EkGuru,https://ekguru.shop/learn-hindi-for-italian-speakers/grammar/,"noindex, follow",no,NOINDEX,RESEARCH_REQUIRED,1103,1,,,0,57,1,0,no,0,yes,yes,
learn-hindi-for-italian-speakers/index.html,source-language-research,Learn Hindi for Italian Speakers | EkGuru,https://ekguru.shop/learn-hindi-for-italian-speakers/,"noindex, follow",no,NOINDEX,RESEARCH_REQUIRED,1356,1,,,0,63,1,0,no,0,yes,yes,
learn-hindi-for-italian-speakers/mistakes/index.html,source-language-research,Hindi Mistakes Italian Speakers Make | EkGuru,https://ekguru.shop/learn-hindi-for-italian-speakers/mistakes/,"noindex, follow",no,NOINDEX,RESEARCH_REQUIRED,1025,1,,,0,56,1,0,no,0,yes,yes,
learn-hindi-for-italian-speakers/pronunciation/index.html,source-language-research,Hindi Pronunciation for Italian Speakers | EkGuru,https://ekguru.shop/learn-hindi-for-italian-speakers/pronunciation/,"noindex, follow",no,NOINDEX,RESEARCH_REQUIRED,1108,1,,,0,56,1,0,no,0,yes,yes,
learn-hindi-for-japanese-speakers/first-words/index.html,source-language-research,The First 100 Hindi Words for Japanese Speakers | EkGuru,https://ekguru.shop/learn-hindi-for-japanese-speakers/first-words/,"noindex, follow",no,NOINDEX,RESEARCH_REQUIRED,1118,1,,,0,57,1,0,no,0,yes,yes,
learn-hindi-for-japanese-speakers/grammar/index.html,source-language-research,Hindi Grammar for Japanese Speakers | EkGuru,https://ekguru.shop/learn-hindi-for-japanese-speakers/grammar/,"noindex, follow",no,NOINDEX,RESEARCH_REQUIRED,1141,1,,,0,57,1,0,no,0,yes,yes,
learn-hindi-for-japanese-speakers/index.html,source-language-research,Learn Hindi for Japanese Speakers | EkGuru,https://ekguru.shop/learn-hindi-for-japanese-speakers/,"noindex, follow",no,NOINDEX,RESEARCH_REQUIRED,1349,1,,,0,62,1,0,no,0,yes,yes,
learn-hindi-for-japanese-speakers/mistakes/index.html,source-language-research,Hindi Mistakes Japanese Speakers Make | EkGuru,https://ekguru.shop/learn-hindi-for-japanese-speakers/mistakes/,"noindex, follow",no,NOINDEX,RESEARCH_REQUIRED,1059,1,,,0,56,1,0,no,0,yes,yes,
learn-hindi-for-japanese-speakers/pronunciation/index.html,source-language-research,Hindi Pronunciation for Japanese Speakers | EkGuru,https://ekguru.shop/learn-hindi-for-japanese-speakers/pronunciation/,"noindex, follow",no,NOINDEX,RESEARCH_REQUIRED,1103,1,,,0,56,1,0,no,0,yes,yes,
learn-hindi-for-korean-speakers/first-words/index.html,source-language-research,The First 100 Hindi Words for Korean Speakers | EkGuru,https://ekguru.shop/learn-hindi-for-korean-speakers/first-words/,"noindex, follow",no,NOINDEX,RESEARCH_REQUIRED,1145,1,,,0,57,1,0,no,0,yes,yes,
learn-hindi-for-korean-speakers/grammar/index.html,source-language-research,Hindi Grammar for Korean Speakers | EkGuru,https://ekguru.shop/learn-hindi-for-korean-speakers/grammar/,"noindex, follow",no,NOINDEX,RESEARCH_REQUIRED,1145,1,,,0,57,1,0,no,0,yes,yes,
learn-hindi-for-korean-speakers/index.html,source-language-research,Learn Hindi for Korean Speakers | EkGuru,https://ekguru.shop/learn-hindi-for-korean-speakers/,"noindex, follow",no,NOINDEX,RESEARCH_REQUIRED,1409,1,,,0,62,1,0,no,0,yes,yes,
learn-hindi-for-korean-speakers/mistakes/index.html,source-language-research,Hindi Mistakes Korean Speakers Make | EkGuru,https://ekguru.shop/learn-hindi-for-korean-speakers/mistakes/,"noindex, follow",no,NOINDEX,RESEARCH_REQUIRED,1060,1,,,0,56,1,0,no,0,yes,yes,
learn-hindi-for-korean-speakers/pronunciation/index.html,source-language-research,Hindi Pronunciation for Korean Speakers | EkGuru,https://ekguru.shop/learn-hindi-for-korean-speakers/pronunciation/,"noindex, follow",no,NOINDEX,RESEARCH_REQUIRED,1133,1,,,0,56,1,0,no,0,yes,yes,
learn-hindi-for-malay-speakers/first-words/index.html,source-language-research,The First 100 Hindi Words for Malay Speakers | EkGuru,https://ekguru.shop/learn-hindi-for-malay-speakers/first-words/,"noindex, follow",no,NOINDEX,RESEARCH_REQUIRED,1107,1,,,0,56,1,0,no,0,yes,yes,
learn-hindi-for-malay-speakers/grammar/index.html,source-language-research,Hindi Grammar for Malay Speakers | EkGuru,https://ekguru.shop/learn-hindi-for-malay-speakers/grammar/,"noindex, follow",no,NOINDEX,RESEARCH_REQUIRED,959,1,,,0,56,1,0,no,0,yes,yes,
learn-hindi-for-malay-speakers/index.html,source-language-research,Learn Hindi for Malay Speakers | EkGuru,https://ekguru.shop/learn-hindi-for-malay-speakers/,"noindex, follow",no,NOINDEX,RESEARCH_REQUIRED,1134,1,,,0,64,1,0,no,0,yes,yes,
learn-hindi-for-malay-speakers/mistakes/index.html,source-language-research,Hindi Mistakes Malay Speakers Make | EkGuru,https://ekguru.shop/learn-hindi-for-malay-speakers/mistakes/,"noindex, follow",no,NOINDEX,RESEARCH_REQUIRED,929,1,,,0,55,1,0,no,0,yes,yes,
learn-hindi-for-malay-speakers/pronunciation/index.html,source-language-research,Hindi Pronunciation for Malay Speakers | EkGuru,https://ekguru.shop/learn-hindi-for-malay-speakers/pronunciation/,"noindex, follow",no,NOINDEX,RESEARCH_REQUIRED,1029,1,,,0,55,1,0,no,0,yes,yes,
learn-hindi-for-marathi-speakers/first-words/index.html,source-language-research,The First 100 Hindi Words for Marathi Speakers | EkGuru,https://ekguru.shop/learn-hindi-for-marathi-speakers/first-words/,"noindex, follow",no,NOINDEX,RESEARCH_REQUIRED,1112,1,,,0,56,1,0,no,0,yes,yes,
learn-hindi-for-marathi-speakers/grammar/index.html,source-language-research,Hindi Grammar for Marathi Speakers | EkGuru,https://ekguru.shop/learn-hindi-for-marathi-speakers/grammar/,"noindex, follow",no,NOINDEX,RESEARCH_REQUIRED,1086,1,,,0,56,1,0,no,0,yes,yes,
learn-hindi-for-marathi-speakers/index.html,source-language-research,Learn Hindi for Marathi Speakers | EkGuru,https://ekguru.shop/learn-hindi-for-marathi-speakers/,"noindex, follow",no,NOINDEX,RESEARCH_REQUIRED,1232,1,,,0,62,1,0,no,0,yes,yes,
learn-hindi-for-marathi-speakers/mistakes/index.html,source-language-research,Hindi Mistakes Marathi Speakers Make | EkGuru,https://ekguru.shop/learn-hindi-for-marathi-speakers/mistakes/,"noindex, follow",no,NOINDEX,RESEARCH_REQUIRED,957,1,,,0,55,1,0,no,0,yes,yes,
learn-hindi-for-marathi-speakers/pronunciation/index.html,source-language-research,Hindi Pronunciation for Marathi Speakers | EkGuru,https://ekguru.shop/learn-hindi-for-marathi-speakers/pronunciation/,"noindex, follow",no,NOINDEX,RESEARCH_REQUIRED,994,1,,,0,55,1,0,no,0,yes,yes,
learn-hindi-for-nepali-speakers/first-words/index.html,source-language-research,The First 100 Hindi Words for Nepali Speakers | EkGuru,https://ekguru.shop/learn-hindi-for-nepali-speakers/first-words/,"noindex, follow",no,NOINDEX,RESEARCH_REQUIRED,1085,1,,,0,56,1,0,no,0,yes,yes,
learn-hindi-for-nepali-speakers/grammar/index.html,source-language-research,Hindi Grammar for Nepali Speakers | EkGuru,https://ekguru.shop/learn-hindi-for-nepali-speakers/grammar/,"noindex, follow",no,NOINDEX,RESEARCH_REQUIRED,1065,1,,,0,56,1,0,no,0,yes,yes,
learn-hindi-for-nepali-speakers/index.html,source-language-research,Learn Hindi for Nepali Speakers | EkGuru,https://ekguru.shop/learn-hindi-for-nepali-speakers/,"noindex, follow",no,NOINDEX,RESEARCH_REQUIRED,1202,1,,,0,63,1,0,no,0,yes,yes,
learn-hindi-for-nepali-speakers/mistakes/index.html,source-language-research,Hindi Mistakes Nepali Speakers Make | EkGuru,https://ekguru.shop/learn-hindi-for-nepali-speakers/mistakes/,"noindex, follow",no,NOINDEX,RESEARCH_REQUIRED,954,1,,,0,55,1,0,no,0,yes,yes,
learn-hindi-for-nepali-speakers/pronunciation/index.html,source-language-research,Hindi Pronunciation for Nepali Speakers | EkGuru,https://ekguru.shop/learn-hindi-for-nepali-speakers/pronunciation/,"noindex, follow",no,NOINDEX,RESEARCH_REQUIRED,981,1,,,0,55,1,0,no,0,yes,yes,
learn-hindi-for-persian-speakers/first-words/index.html,source-language-research,The First 100 Hindi Words for Persian Speakers | EkGuru,https://ekguru.shop/learn-hindi-for-persian-speakers/first-words/,"noindex, follow",no,NOINDEX,RESEARCH_REQUIRED,1153,1,,,0,56,1,0,no,0,yes,yes,
learn-hindi-for-persian-speakers/grammar/index.html,source-language-research,Hindi Grammar for Persian Speakers | EkGuru,https://ekguru.shop/learn-hindi-for-persian-speakers/grammar/,"noindex, follow",no,NOINDEX,RESEARCH_REQUIRED,1017,1,,,0,56,1,0,no,0,yes,yes,
learn-hindi-for-persian-speakers/index.html,source-language-research,Learn Hindi for Persian Speakers | EkGuru,https://ekguru.shop/learn-hindi-for-persian-speakers/,"noindex, follow",no,NOINDEX,RESEARCH_REQUIRED,1301,1,,,0,64,1,0,no,0,yes,yes,
learn-hindi-for-persian-speakers/mistakes/index.html,source-language-research,Hindi Mistakes Persian Speakers Make | EkGuru,https://ekguru.shop/learn-hindi-for-persian-speakers/mistakes/,"noindex, follow",no,NOINDEX,RESEARCH_REQUIRED,985,1,,,0,55,1,0,no,0,yes,yes,
learn-hindi-for-persian-speakers/pronunciation/index.html,source-language-research,Hindi Pronunciation for Persian Speakers | EkGuru,https://ekguru.shop/learn-hindi-for-persian-speakers/pronunciation/,"noindex, follow",no,NOINDEX,RESEARCH_REQUIRED,1108,1,,,0,55,1,0,no,0,yes,yes,
learn-hindi-for-polish-speakers/grammar/index.html,source-language-research,Hindi Grammar for Polish Speakers | EkGuru,https://ekguru.shop/learn-hindi-for-polish-speakers/grammar/,"noindex, follow",no,NOINDEX,RESEARCH_REQUIRED,1028,1,,,0,56,1,0,no,0,yes,yes,
learn-hindi-for-polish-speakers/index.html,source-language-research,Learn Hindi for Polish Speakers | EkGuru,https://ekguru.shop/learn-hindi-for-polish-speakers/,"noindex, follow",no,NOINDEX,RESEARCH_REQUIRED,1208,1,,,0,62,1,0,no,0,yes,yes,
learn-hindi-for-polish-speakers/mistakes/index.html,source-language-research,Hindi Mistakes Polish Speakers Make | EkGuru,https://ekguru.shop/learn-hindi-for-polish-speakers/mistakes/,"noindex, follow",no,NOINDEX,RESEARCH_REQUIRED,965,1,,,0,55,1,0,no,0,yes,yes,
learn-hindi-for-polish-speakers/pronunciation/index.html,source-language-research,Hindi Pronunciation for Polish Speakers | EkGuru,https://ekguru.shop/learn-hindi-for-polish-speakers/pronunciation/,"noindex, follow",no,NOINDEX,RESEARCH_REQUIRED,1077,1,,,0,55,1,0,no,0,yes,yes,
learn-hindi-for-portuguese-speakers/first-words/index.html,source-language-research,The First 100 Hindi Words for Portuguese Speakers | EkGuru,https://ekguru.shop/learn-hindi-for-portuguese-speakers/first-words/,"noindex, follow",no,NOINDEX,RESEARCH_REQUIRED,1097,1,,,0,57,1,0,no,0,yes,yes,
learn-hindi-for-portuguese-speakers/grammar/index.html,source-language-research,Hindi Grammar for Portuguese Speakers | EkGuru,https://ekguru.shop/learn-hindi-for-portuguese-speakers/grammar/,"noindex, follow",no,NOINDEX,RESEARCH_REQUIRED,1009,1,,,0,57,1,0,no,0,yes,yes,
learn-hindi-for-portuguese-speakers/index.html,source-language-research,Learn Hindi for Portuguese Speakers | EkGuru,https://ekguru.shop/learn-hindi-for-portuguese-speakers/,"noindex, follow",no,NOINDEX,RESEARCH_REQUIRED,1151,1,,,0,64,1,0,no,0,yes,yes,
learn-hindi-for-portuguese-speakers/mistakes/index.html,source-language-research,Hindi Mistakes Portuguese Speakers Make | EkGuru,https://ekguru.shop/learn-hindi-for-portuguese-speakers/mistakes/,"noindex, follow",no,NOINDEX,RESEARCH_REQUIRED,965,1,,,0,56,1,0,no,0,yes,yes,
learn-hindi-for-portuguese-speakers/pronunciation/index.html,source-language-research,Hindi Pronunciation for Portuguese Speakers | EkGuru,https://ekguru.shop/learn-hindi-for-portuguese-speakers/pronunciation/,"noindex, follow",no,NOINDEX,RESEARCH_REQUIRED,1029,1,,,0,56,1,0,no,0,yes,yes,
learn-hindi-for-punjabi-speakers/first-words/index.html,source-language-research,The First 100 Hindi Words for Punjabi Speakers | EkGuru,https://ekguru.shop/learn-hindi-for-punjabi-speakers/first-words/,"noindex, follow",no,NOINDEX,RESEARCH_REQUIRED,1072,1,,,0,56,1,0,no,0,yes,yes,
learn-hindi-for-punjabi-speakers/grammar/index.html,source-language-research,Hindi Grammar for Punjabi Speakers | EkGuru,https://ekguru.shop/learn-hindi-for-punjabi-speakers/grammar/,"noindex, follow",no,NOINDEX,RESEARCH_REQUIRED,1076,1,,,0,56,1,0,no,0,yes,yes,
learn-hindi-for-punjabi-speakers/index.html,source-language-research,Learn Hindi for Punjabi Speakers | EkGuru,https://ekguru.shop/learn-hindi-for-punjabi-speakers/,"noindex, follow",no,NOINDEX,RESEARCH_REQUIRED,1242,1,,,0,65,1,0,no,0,yes,yes,
learn-hindi-for-punjabi-speakers/mistakes/index.html,source-language-research,Hindi Mistakes Punjabi Speakers Make | EkGuru,https://ekguru.shop/learn-hindi-for-punjabi-speakers/mistakes/,"noindex, follow",no,NOINDEX,RESEARCH_REQUIRED,980,1,,,0,55,1,0,no,0,yes,yes,
learn-hindi-for-punjabi-speakers/pronunciation/index.html,source-language-research,Hindi Pronunciation for Punjabi Speakers | EkGuru,https://ekguru.shop/learn-hindi-for-punjabi-speakers/pronunciation/,"noindex, follow",no,NOINDEX,RESEARCH_REQUIRED,1057,1,,,0,55,1,0,no,0,yes,yes,
learn-hindi-for-russian-speakers/first-words/index.html,source-language-research,The First 100 Hindi Words for Russian Speakers | EkGuru,https://ekguru.shop/learn-hindi-for-russian-speakers/first-words/,"noindex, follow",no,NOINDEX,RESEARCH_REQUIRED,1119,1,,,0,57,1,0,no,0,yes,yes,
learn-hindi-for-russian-speakers/grammar/index.html,source-language-research,Hindi Grammar for Russian Speakers | EkGuru,https://ekguru.shop/learn-hindi-for-russian-speakers/grammar/,"noindex, follow",no,NOINDEX,RESEARCH_REQUIRED,1046,1,,,0,57,1,0,no,0,yes,yes,
learn-hindi-for-russian-speakers/index.html,source-language-research,Learn Hindi for Russian Speakers | EkGuru,https://ekguru.shop/learn-hindi-for-russian-speakers/,"noindex, follow",no,NOINDEX,RESEARCH_REQUIRED,1241,1,,,0,66,1,0,no,0,yes,yes,
learn-hindi-for-russian-speakers/mistakes/index.html,source-language-research,Hindi Mistakes Russian Speakers Make | EkGuru,https://ekguru.shop/learn-hindi-for-russian-speakers/mistakes/,"noindex, follow",no,NOINDEX,RESEARCH_REQUIRED,967,1,,,0,56,1,0,no,0,yes,yes,
learn-hindi-for-russian-speakers/pronunciation/index.html,source-language-research,Hindi Pronunciation for Russian Speakers | EkGuru,https://ekguru.shop/learn-hindi-for-russian-speakers/pronunciation/,"noindex, follow",no,NOINDEX,RESEARCH_REQUIRED,1070,1,,,0,56,1,0,no,0,yes,yes,
learn-hindi-for-spanish-speakers/first-words/index.html,source-language-research,The First 100 Hindi Words for Spanish Speakers | EkGuru,https://ekguru.shop/learn-hindi-for-spanish-speakers/first-words/,"noindex, follow",no,NOINDEX,RESEARCH_REQUIRED,1124,1,,,0,57,1,0,no,0,yes,yes,
learn-hindi-for-spanish-speakers/grammar/index.html,source-language-research,Hindi Grammar for Spanish Speakers | EkGuru,https://ekguru.shop/learn-hindi-for-spanish-speakers/grammar/,"noindex, follow",no,NOINDEX,RESEARCH_REQUIRED,1225,1,,,0,57,1,0,no,0,yes,yes,
learn-hindi-for-spanish-speakers/index.html,source-language-research,Learn Hindi for Spanish Speakers | EkGuru,https://ekguru.shop/learn-hindi-for-spanish-speakers/,"noindex, follow",no,NOINDEX,RESEARCH_REQUIRED,1454,1,,,0,71,1,0,no,0,yes,yes,
learn-hindi-for-spanish-speakers/mistakes/index.html,source-language-research,Hindi Mistakes Spanish Speakers Make | EkGuru,https://ekguru.shop/learn-hindi-for-spanish-speakers/mistakes/,"noindex, follow",no,NOINDEX,RESEARCH_REQUIRED,1067,1,,,0,56,1,0,no,0,yes,yes,
learn-hindi-for-spanish-speakers/pronunciation/index.html,source-language-research,Hindi Pronunciation for Spanish Speakers | EkGuru,https://ekguru.shop/learn-hindi-for-spanish-speakers/pronunciation/,"noindex, follow",no,NOINDEX,RESEARCH_REQUIRED,1048,1,,,0,56,1,0,no,0,yes,yes,
learn-hindi-for-speakers/index.html,source-language-research,Learn Hindi for Speakers of Your Language | EkGuru,https://ekguru.shop/learn-hindi-for-speakers/,"noindex, follow",no,NOINDEX,RESEARCH_REQUIRED,728,1,,,0,104,1,0,no,0,yes,yes,
learn-hindi-for-swahili-speakers/first-words/index.html,source-language-research,The First 100 Hindi Words for Swahili Speakers | EkGuru,https://ekguru.shop/learn-hindi-for-swahili-speakers/first-words/,"noindex, follow",no,NOINDEX,RESEARCH_REQUIRED,1123,1,,,0,56,1,0,no,0,yes,yes,
learn-hindi-for-swahili-speakers/grammar/index.html,source-language-research,Hindi Grammar for Swahili Speakers | EkGuru,https://ekguru.shop/learn-hindi-for-swahili-speakers/grammar/,"noindex, follow",no,NOINDEX,RESEARCH_REQUIRED,1045,1,,,0,56,1,0,no,0,yes,yes,
learn-hindi-for-swahili-speakers/index.html,source-language-research,Learn Hindi for Swahili Speakers | EkGuru,https://ekguru.shop/learn-hindi-for-swahili-speakers/,"noindex, follow",no,NOINDEX,RESEARCH_REQUIRED,1254,1,,,0,64,1,0,no,0,yes,yes,
learn-hindi-for-swahili-speakers/mistakes/index.html,source-language-research,Hindi Mistakes Swahili Speakers Make | EkGuru,https://ekguru.shop/learn-hindi-for-swahili-speakers/mistakes/,"noindex, follow",no,NOINDEX,RESEARCH_REQUIRED,977,1,,,0,55,1,0,no,0,yes,yes,
learn-hindi-for-swahili-speakers/pronunciation/index.html,source-language-research,Hindi Pronunciation for Swahili Speakers | EkGuru,https://ekguru.shop/learn-hindi-for-swahili-speakers/pronunciation/,"noindex, follow",no,NOINDEX,RESEARCH_REQUIRED,1062,1,,,0,55,1,0,no,0,yes,yes,
learn-hindi-for-tamil-speakers/first-words/index.html,source-language-research,The First 100 Hindi Words for Tamil Speakers | EkGuru,https://ekguru.shop/learn-hindi-for-tamil-speakers/first-words/,"noindex, follow",no,NOINDEX,RESEARCH_REQUIRED,1040,1,,,0,56,1,0,no,0,yes,yes,
learn-hindi-for-tamil-speakers/grammar/index.html,source-language-research,Hindi Grammar for Tamil Speakers | EkGuru,https://ekguru.shop/learn-hindi-for-tamil-speakers/grammar/,"noindex, follow",no,NOINDEX,RESEARCH_REQUIRED,1061,1,,,0,56,1,0,no,0,yes,yes,
learn-hindi-for-tamil-speakers/index.html,source-language-research,Learn Hindi for Tamil Speakers | EkGuru,https://ekguru.shop/learn-hindi-for-tamil-speakers/,"noindex, follow",no,NOINDEX,RESEARCH_REQUIRED,1137,1,,,0,65,1,0,no,0,yes,yes,
learn-hindi-for-tamil-speakers/mistakes/index.html,source-language-research,Hindi Mistakes Tamil Speakers Make | EkGuru,https://ekguru.shop/learn-hindi-for-tamil-speakers/mistakes/,"noindex, follow",no,NOINDEX,RESEARCH_REQUIRED,948,1,,,0,55,1,0,no,0,yes,yes,
learn-hindi-for-tamil-speakers/pronunciation/index.html,source-language-research,Hindi Pronunciation for Tamil Speakers | EkGuru,https://ekguru.shop/learn-hindi-for-tamil-speakers/pronunciation/,"noindex, follow",no,NOINDEX,RESEARCH_REQUIRED,979,1,,,0,55,1,0,no,0,yes,yes,
learn-hindi-for-telugu-speakers/first-words/index.html,source-language-research,The First 100 Hindi Words for Telugu Speakers | EkGuru,https://ekguru.shop/learn-hindi-for-telugu-speakers/first-words/,"noindex, follow",no,NOINDEX,RESEARCH_REQUIRED,1077,1,,,0,56,1,0,no,0,yes,yes,
learn-hindi-for-telugu-speakers/grammar/index.html,source-language-research,Hindi Grammar for Telugu Speakers | EkGuru,https://ekguru.shop/learn-hindi-for-telugu-speakers/grammar/,"noindex, follow",no,NOINDEX,RESEARCH_REQUIRED,1019,1,,,0,56,1,0,no,0,yes,yes,
learn-hindi-for-telugu-speakers/index.html,source-language-research,Learn Hindi for Telugu Speakers | EkGuru,https://ekguru.shop/learn-hindi-for-telugu-speakers/,"noindex, follow",no,NOINDEX,RESEARCH_REQUIRED,1171,1,,,0,62,1,0,no,0,yes,yes,
learn-hindi-for-telugu-speakers/mistakes/index.html,source-language-research,Hindi Mistakes Telugu Speakers Make | EkGuru,https://ekguru.shop/learn-hindi-for-telugu-speakers/mistakes/,"noindex, follow",no,NOINDEX,RESEARCH_REQUIRED,962,1,,,0,55,1,0,no,0,yes,yes,
learn-hindi-for-telugu-speakers/pronunciation/index.html,source-language-research,Hindi Pronunciation for Telugu Speakers | EkGuru,https://ekguru.shop/learn-hindi-for-telugu-speakers/pronunciation/,"noindex, follow",no,NOINDEX,RESEARCH_REQUIRED,1057,1,,,0,55,1,0,no,0,yes,yes,
learn-hindi-for-thai-speakers/first-words/index.html,source-language-research,The First 100 Hindi Words for Thai Speakers | EkGuru,https://ekguru.shop/learn-hindi-for-thai-speakers/first-words/,"noindex, follow",no,NOINDEX,RESEARCH_REQUIRED,1130,1,,,0,56,1,0,no,0,yes,yes,
learn-hindi-for-thai-speakers/grammar/index.html,source-language-research,Hindi Grammar for Thai Speakers | EkGuru,https://ekguru.shop/learn-hindi-for-thai-speakers/grammar/,"noindex, follow",no,NOINDEX,RESEARCH_REQUIRED,955,1,,,0,56,1,0,no,0,yes,yes,
learn-hindi-for-thai-speakers/index.html,source-language-research,Learn Hindi for Thai Speakers | EkGuru,https://ekguru.shop/learn-hindi-for-thai-speakers/,"noindex, follow",no,NOINDEX,RESEARCH_REQUIRED,1204,1,,,0,62,1,0,no,0,yes,yes,
learn-hindi-for-thai-speakers/mistakes/index.html,source-language-research,Hindi Mistakes Thai Speakers Make | EkGuru,https://ekguru.shop/learn-hindi-for-thai-speakers/mistakes/,"noindex, follow",no,NOINDEX,RESEARCH_REQUIRED,962,1,,,0,55,1,0,no,0,yes,yes,
learn-hindi-for-thai-speakers/pronunciation/index.html,source-language-research,Hindi Pronunciation for Thai Speakers | EkGuru,https://ekguru.shop/learn-hindi-for-thai-speakers/pronunciation/,"noindex, follow",no,NOINDEX,RESEARCH_REQUIRED,1087,1,,,0,55,1,0,no,0,yes,yes,
learn-hindi-for-turkish-speakers/first-words/index.html,source-language-research,The First 100 Hindi Words for Turkish Speakers | EkGuru,https://ekguru.shop/learn-hindi-for-turkish-speakers/first-words/,"noindex, follow",no,NOINDEX,RESEARCH_REQUIRED,1141,1,,,0,57,1,0,no,0,yes,yes,
learn-hindi-for-turkish-speakers/grammar/index.html,source-language-research,Hindi Grammar for Turkish Speakers | EkGuru,https://ekguru.shop/learn-hindi-for-turkish-speakers/grammar/,"noindex, follow",no,NOINDEX,RESEARCH_REQUIRED,1092,1,,,0,57,1,0,no,0,yes,yes,
learn-hindi-for-turkish-speakers/index.html,source-language-research,Learn Hindi for Turkish Speakers | EkGuru,https://ekguru.shop/learn-hindi-for-turkish-speakers/,"noindex, follow",no,NOINDEX,RESEARCH_REQUIRED,1305,1,,,0,62,1,0,no,0,yes,yes,
learn-hindi-for-turkish-speakers/mistakes/index.html,source-language-research,Hindi Mistakes Turkish Speakers Make | EkGuru,https://ekguru.shop/learn-hindi-for-turkish-speakers/mistakes/,"noindex, follow",no,NOINDEX,RESEARCH_REQUIRED,984,1,,,0,56,1,0,no,0,yes,yes,
learn-hindi-for-turkish-speakers/pronunciation/index.html,source-language-research,Hindi Pronunciation for Turkish Speakers | EkGuru,https://ekguru.shop/learn-hindi-for-turkish-speakers/pronunciation/,"noindex, follow",no,NOINDEX,RESEARCH_REQUIRED,1076,1,,,0,56,1,0,no,0,yes,yes,
learn-hindi-for-ukrainian-speakers/grammar/index.html,source-language-research,Hindi Grammar for Ukrainian Speakers | EkGuru,https://ekguru.shop/learn-hindi-for-ukrainian-speakers/grammar/,"noindex, follow",no,NOINDEX,RESEARCH_REQUIRED,953,1,,,0,55,1,0,no,0,yes,yes,
learn-hindi-for-ukrainian-speakers/index.html,source-language-research,Learn Hindi for Ukrainian Speakers | EkGuru,https://ekguru.shop/learn-hindi-for-ukrainian-speakers/,"noindex, follow",no,NOINDEX,RESEARCH_REQUIRED,1123,1,,,0,62,1,0,no,0,yes,yes,
learn-hindi-for-ukrainian-speakers/mistakes/index.html,source-language-research,Hindi Mistakes Ukrainian Speakers Make | EkGuru,https://ekguru.shop/learn-hindi-for-ukrainian-speakers/mistakes/,"noindex, follow",no,NOINDEX,RESEARCH_REQUIRED,925,1,,,0,54,1,0,no,0,yes,yes,
learn-hindi-for-ukrainian-speakers/pronunciation/index.html,source-language-research,Hindi Pronunciation for Ukrainian Speakers | EkGuru,https://ekguru.shop/learn-hindi-for-ukrainian-speakers/pronunciation/,"noindex, follow",no,NOINDEX,RESEARCH_REQUIRED,1051,1,,,0,54,1,0,no,0,yes,yes,
learn-hindi-for-urdu-speakers/index.html,source-language-research,Learn Hindi for Urdu Speakers | EkGuru,https://ekguru.shop/learn-hindi-for-urdu-speakers/,"noindex, follow",no,NOINDEX,RESEARCH_REQUIRED,994,1,,,0,63,1,0,no,0,yes,yes,
learn-hindi-for-vietnamese-speakers/grammar/index.html,source-language-research,Hindi Grammar for Vietnamese Speakers | EkGuru,https://ekguru.shop/learn-hindi-for-vietnamese-speakers/grammar/,"noindex, follow",no,NOINDEX,RESEARCH_REQUIRED,1026,1,,,0,56,1,0,no,0,yes,yes,
learn-hindi-for-vietnamese-speakers/index.html,source-language-research,Learn Hindi for Vietnamese Speakers | EkGuru,https://ekguru.shop/learn-hindi-for-vietnamese-speakers/,"noindex, follow",no,NOINDEX,RESEARCH_REQUIRED,1154,1,,,0,62,1,0,no,0,yes,yes,
learn-hindi-for-vietnamese-speakers/mistakes/index.html,source-language-research,Hindi Mistakes Vietnamese Speakers Make | EkGuru,https://ekguru.shop/learn-hindi-for-vietnamese-speakers/mistakes/,"noindex, follow",no,NOINDEX,RESEARCH_REQUIRED,959,1,,,0,55,1,0,no,0,yes,yes,
learn-hindi-for-vietnamese-speakers/pronunciation/index.html,source-language-research,Hindi Pronunciation for Vietnamese Speakers | EkGuru,https://ekguru.shop/learn-hindi-for-vietnamese-speakers/pronunciation/,"noindex, follow",no,NOINDEX,RESEARCH_REQUIRED,1061,1,,,0,55,1,0,no,0,yes,yes,
learn-hindi-from-afghanistan/index.html,country-funnel-research,Learn Hindi from Afghanistan | EkGuru,https://ekguru.shop/learn-hindi-from-afghanistan/,"index, follow",yes,PUBLISHED,MEDIUM_CONTENT,1324,1,,,0,81,1,0,no,0,yes,yes,
learn-hindi-from-albania/index.html,country-funnel-research,Learn Hindi from Albania | EkGuru,https://ekguru.shop/learn-hindi-from-albania/,"noindex, follow",no,NOINDEX,RESEARCH_REQUIRED,1303,1,,,0,79,1,0,no,0,yes,yes,
learn-hindi-from-algeria/index.html,country-funnel-research,Learn Hindi from Algeria | EkGuru,https://ekguru.shop/learn-hindi-from-algeria/,"noindex, follow",no,NOINDEX,RESEARCH_REQUIRED,1353,1,,,0,82,1,0,no,0,yes,yes,
learn-hindi-from-andorra/index.html,country-funnel-research,Learn Hindi from Andorra | EkGuru,https://ekguru.shop/learn-hindi-from-andorra/,"noindex, follow",no,NOINDEX,RESEARCH_REQUIRED,1308,1,,,0,79,1,0,no,0,yes,yes,
learn-hindi-from-angola/index.html,country-funnel-research,Learn Hindi from Angola | EkGuru,https://ekguru.shop/learn-hindi-from-angola/,"noindex, follow",no,NOINDEX,RESEARCH_REQUIRED,1291,1,,,0,79,1,0,no,0,yes,yes,
learn-hindi-from-antigua-and-barbuda/index.html,country-funnel-research,Learn Hindi from Antigua and Barbuda | EkGuru,https://ekguru.shop/learn-hindi-from-antigua-and-barbuda/,"noindex, follow",no,NOINDEX,RESEARCH_REQUIRED,1343,1,,,0,79,1,0,no,0,yes,yes,
learn-hindi-from-argentina/index.html,country-funnel-research,Learn Hindi from Argentina | EkGuru,https://ekguru.shop/learn-hindi-from-argentina/,"noindex, follow",no,NOINDEX,RESEARCH_REQUIRED,1393,1,,,0,82,1,0,no,0,yes,yes,
learn-hindi-from-armenia/index.html,country-funnel-research,Learn Hindi from Armenia | EkGuru,https://ekguru.shop/learn-hindi-from-armenia/,"index, follow",yes,PUBLISHED,MEDIUM_CONTENT,1286,1,,,0,79,1,0,no,0,yes,yes,
learn-hindi-from-australia/index.html,country-funnel-research,Learn Hindi from Australia | EkGuru,https://ekguru.shop/learn-hindi-from-australia/,"noindex, follow",no,NOINDEX,RESEARCH_REQUIRED,1378,1,,,0,81,1,0,no,0,yes,yes,
learn-hindi-from-austria/index.html,country-funnel-research,Learn Hindi from Austria | EkGuru,https://ekguru.shop/learn-hindi-from-austria/,"noindex, follow",no,NOINDEX,RESEARCH_REQUIRED,1384,1,,,0,82,1,0,no,0,yes,yes,
learn-hindi-from-azerbaijan/index.html,country-funnel-research,Learn Hindi from Azerbaijan | EkGuru,https://ekguru.shop/learn-hindi-from-azerbaijan/,"index, follow",yes,PUBLISHED,MEDIUM_CONTENT,1284,1,,,0,79,1,0,no,0,yes,yes,
learn-hindi-from-bahamas/index.html,country-funnel-research,Learn Hindi from Bahamas | EkGuru,https://ekguru.shop/learn-hindi-from-bahamas/,"noindex, follow",no,NOINDEX,RESEARCH_REQUIRED,1289,1,,,0,79,1,0,no,0,yes,yes,
learn-hindi-from-bahrain/index.html,country-funnel-research,Learn Hindi from Bahrain | EkGuru,https://ekguru.shop/learn-hindi-from-bahrain/,"index, follow",yes,PUBLISHED,MEDIUM_CONTENT,1333,1,,,0,82,1,0,no,0,yes,yes,
learn-hindi-from-bangladesh/index.html,country-funnel-research,Learn Hindi from Bangladesh | EkGuru,https://ekguru.shop/learn-hindi-from-bangladesh/,"index, follow",yes,PUBLISHED,MEDIUM_CONTENT,1317,1,,,0,82,1,0,no,0,yes,yes,
learn-hindi-from-barbados/index.html,country-funnel-research,Learn Hindi from Barbados | EkGuru,https://ekguru.shop/learn-hindi-from-barbados/,"noindex, follow",no,NOINDEX,RESEARCH_REQUIRED,1349,1,,,0,81,1,0,no,0,yes,yes,
learn-hindi-from-belarus/index.html,country-funnel-research,Learn Hindi from Belarus | EkGuru,https://ekguru.shop/learn-hindi-from-belarus/,"noindex, follow",no,NOINDEX,RESEARCH_REQUIRED,1362,1,,,0,82,1,0,no,0,yes,yes,
learn-hindi-from-belgium/index.html,country-funnel-research,Learn Hindi from Belgium | EkGuru,https://ekguru.shop/learn-hindi-from-belgium/,"noindex, follow",no,NOINDEX,RESEARCH_REQUIRED,1395,1,,,0,85,1,0,no,0,yes,yes,
learn-hindi-from-belize/index.html,country-funnel-research,Learn Hindi from Belize | EkGuru,https://ekguru.shop/learn-hindi-from-belize/,"noindex, follow",no,NOINDEX,RESEARCH_REQUIRED,1364,1,,,0,81,1,0,no,0,yes,yes,
learn-hindi-from-benin/index.html,country-funnel-research,Learn Hindi from Benin | EkGuru,https://ekguru.shop/learn-hindi-from-benin/,"noindex, follow",no,NOINDEX,RESEARCH_REQUIRED,1288,1,,,0,79,1,0,no,0,yes,yes,
learn-hindi-from-bhutan/index.html,country-funnel-research,Learn Hindi from Bhutan | EkGuru,https://ekguru.shop/learn-hindi-from-bhutan/,"index, follow",yes,PUBLISHED,MEDIUM_CONTENT,1271,1,,,0,79,1,0,no,0,yes,yes,
learn-hindi-from-bolivia/index.html,country-funnel-research,Learn Hindi from Bolivia | EkGuru,https://ekguru.shop/learn-hindi-from-bolivia/,"noindex, follow",no,NOINDEX,RESEARCH_REQUIRED,1378,1,,,0,82,1,0,no,0,yes,yes,
learn-hindi-from-bosnia-and-herzegovina/index.html,country-funnel-research,Learn Hindi from Bosnia and Herzegovina | EkGuru,https://ekguru.shop/learn-hindi-from-bosnia-and-herzegovina/,"noindex, follow",no,NOINDEX,RESEARCH_REQUIRED,1345,1,,,0,79,1,0,no,0,yes,yes,
learn-hindi-from-botswana/index.html,country-funnel-research,Learn Hindi from Botswana | EkGuru,https://ekguru.shop/learn-hindi-from-botswana/,"noindex, follow",no,NOINDEX,RESEARCH_REQUIRED,1347,1,,,0,81,1,0,no,0,yes,yes,
learn-hindi-from-brazil/index.html,country-funnel-research,Learn Hindi from Brazil | EkGuru,https://ekguru.shop/learn-hindi-from-brazil/,"noindex, follow",no,NOINDEX,RESEARCH_REQUIRED,1412,1,,,0,82,1,0,no,0,yes,yes,
learn-hindi-from-brunei/index.html,country-funnel-research,Learn Hindi from Brunei | EkGuru,https://ekguru.shop/learn-hindi-from-brunei/,"index, follow",yes,PUBLISHED,MEDIUM_CONTENT,1335,1,,,0,81,1,0,no,0,yes,yes,
learn-hindi-from-bulgaria/index.html,country-funnel-research,Learn Hindi from Bulgaria | EkGuru,https://ekguru.shop/learn-hindi-from-bulgaria/,"noindex, follow",no,NOINDEX,RESEARCH_REQUIRED,1326,1,,,0,79,1,0,no,0,yes,yes,
learn-hindi-from-burkina-faso/index.html,country-funnel-research,Learn Hindi from Burkina Faso | EkGuru,https://ekguru.shop/learn-hindi-from-burkina-faso/,"noindex, follow",no,NOINDEX,RESEARCH_REQUIRED,1314,1,,,0,79,1,0,no,0,yes,yes,
learn-hindi-from-burundi/index.html,country-funnel-research,Learn Hindi from Burundi | EkGuru,https://ekguru.shop/learn-hindi-from-burundi/,"noindex, follow",no,NOINDEX,RESEARCH_REQUIRED,1286,1,,,0,79,1,0,no,0,yes,yes,
learn-hindi-from-cambodia/index.html,country-funnel-research,Learn Hindi from Cambodia | EkGuru,https://ekguru.shop/learn-hindi-from-cambodia/,"index, follow",yes,PUBLISHED,MEDIUM_CONTENT,1289,1,,,0,79,1,0,no,0,yes,yes,
learn-hindi-from-cameroon/index.html,country-funnel-research,Learn Hindi from Cameroon | EkGuru,https://ekguru.shop/learn-hindi-from-cameroon/,"noindex, follow",no,NOINDEX,RESEARCH_REQUIRED,1362,1,,,0,83,1,0,no,0,yes,yes,
learn-hindi-from-canada/index.html,country-funnel-research,Learn Hindi from Canada | EkGuru,https://ekguru.shop/learn-hindi-from-canada/,"index, follow",yes,PUBLISHED,MEDIUM_CONTENT,1398,1,,,0,83,1,0,no,0,yes,yes,
learn-hindi-from-cape-verde/index.html,country-funnel-research,Learn Hindi from Cape Verde | EkGuru,https://ekguru.shop/learn-hindi-from-cape-verde/,"noindex, follow",no,NOINDEX,RESEARCH_REQUIRED,1311,1,,,0,79,1,0,no,0,yes,yes,
learn-hindi-from-central-african-republic/index.html,country-funnel-research,Learn Hindi from Central African Republic | EkGuru,https://ekguru.shop/learn-hindi-from-central-african-republic/,"noindex, follow",no,NOINDEX,RESEARCH_REQUIRED,1332,1,,,0,79,1,0,no,0,yes,yes,
learn-hindi-from-chad/index.html,country-funnel-research,Learn Hindi from Chad | EkGuru,https://ekguru.shop/learn-hindi-from-chad/,"noindex, follow",no,NOINDEX,RESEARCH_REQUIRED,1283,1,,,0,79,1,0,no,0,yes,yes,
learn-hindi-from-chile/index.html,country-funnel-research,Learn Hindi from Chile | EkGuru,https://ekguru.shop/learn-hindi-from-chile/,"noindex, follow",no,NOINDEX,RESEARCH_REQUIRED,1405,1,,,0,82,1,0,no,0,yes,yes,
learn-hindi-from-china/index.html,country-funnel-research,Learn Hindi from China | EkGuru,https://ekguru.shop/learn-hindi-from-china/,"noindex, follow",no,NOINDEX,RESEARCH_REQUIRED,1372,1,,,0,82,1,0,no,0,yes,yes,
learn-hindi-from-colombia/index.html,country-funnel-research,Learn Hindi from Colombia | EkGuru,https://ekguru.shop/learn-hindi-from-colombia/,"noindex, follow",no,NOINDEX,RESEARCH_REQUIRED,1396,1,,,0,82,1,0,no,0,yes,yes,
learn-hindi-from-comoros/index.html,country-funnel-research,Learn Hindi from Comoros | EkGuru,https://ekguru.shop/learn-hindi-from-comoros/,"noindex, follow",no,NOINDEX,RESEARCH_REQUIRED,1375,1,,,0,84,1,0,no,0,yes,yes,
learn-hindi-from-congo/index.html,country-funnel-research,Learn Hindi from Republic of the Congo | EkGuru,https://ekguru.shop/learn-hindi-from-congo/,"noindex, follow",no,NOINDEX,RESEARCH_REQUIRED,1397,1,,,0,82,1,0,no,0,yes,yes,
learn-hindi-from-costa-rica/index.html,country-funnel-research,Learn Hindi from Costa Rica | EkGuru,https://ekguru.shop/learn-hindi-from-costa-rica/,"noindex, follow",no,NOINDEX,RESEARCH_REQUIRED,1385,1,,,0,82,1,0,no,0,yes,yes,
learn-hindi-from-cote-divoire/index.html,country-funnel-research,Learn Hindi from Côte d'Ivoire | EkGuru,https://ekguru.shop/learn-hindi-from-cote-divoire/,"noindex, follow",no,NOINDEX,RESEARCH_REQUIRED,1378,1,,,0,82,1,0,no,0,yes,yes,
learn-hindi-from-croatia/index.html,country-funnel-research,Learn Hindi from Croatia | EkGuru,https://ekguru.shop/learn-hindi-from-croatia/,"noindex, follow",no,NOINDEX,RESEARCH_REQUIRED,1332,1,,,0,79,1,0,no,0,yes,yes,
learn-hindi-from-cuba/index.html,country-funnel-research,Learn Hindi from Cuba | EkGuru,https://ekguru.shop/learn-hindi-from-cuba/,"noindex, follow",no,NOINDEX,RESEARCH_REQUIRED,1354,1,,,0,82,1,0,no,0,yes,yes,
learn-hindi-from-cyprus/index.html,country-funnel-research,Learn Hindi from Cyprus | EkGuru,https://ekguru.shop/learn-hindi-from-cyprus/,"noindex, follow",no,NOINDEX,RESEARCH_REQUIRED,1379,1,,,0,82,1,0,no,0,yes,yes,
learn-hindi-from-czechia/index.html,country-funnel-research,Learn Hindi from Czechia | EkGuru,https://ekguru.shop/learn-hindi-from-czechia/,"noindex, follow",no,NOINDEX,RESEARCH_REQUIRED,1316,1,,,0,79,1,0,no,0,yes,yes,
learn-hindi-from-denmark/index.html,country-funnel-research,Learn Hindi from Denmark | EkGuru,https://ekguru.shop/learn-hindi-from-denmark/,"noindex, follow",no,NOINDEX,RESEARCH_REQUIRED,1332,1,,,0,79,1,0,no,0,yes,yes,
learn-hindi-from-djibouti/index.html,country-funnel-research,Learn Hindi from Djibouti | EkGuru,https://ekguru.shop/learn-hindi-from-djibouti/,"noindex, follow",no,NOINDEX,RESEARCH_REQUIRED,1373,1,,,0,84,1,0,no,0,yes,yes,
learn-hindi-from-dominica/index.html,country-funnel-research,Learn Hindi from Dominica | EkGuru,https://ekguru.shop/learn-hindi-from-dominica/,"noindex, follow",no,NOINDEX,RESEARCH_REQUIRED,1289,1,,,0,79,1,0,no,0,yes,yes,
learn-hindi-from-dominican-republic/index.html,country-funnel-research,Learn Hindi from Dominican Republic | EkGuru,https://ekguru.shop/learn-hindi-from-dominican-republic/,"noindex, follow",no,NOINDEX,RESEARCH_REQUIRED,1373,1,,,0,82,1,0,no,0,yes,yes,
learn-hindi-from-dr-congo/index.html,country-funnel-research,Learn Hindi from Democratic Republic of the Congo | EkGuru,https://ekguru.shop/learn-hindi-from-dr-congo/,"noindex, follow",no,NOINDEX,RESEARCH_REQUIRED,1417,1,,,0,82,1,0,no,0,yes,yes,
learn-hindi-from-ecuador/index.html,country-funnel-research,Learn Hindi from Ecuador | EkGuru,https://ekguru.shop/learn-hindi-from-ecuador/,"noindex, follow",no,NOINDEX,RESEARCH_REQUIRED,1367,1,,,0,82,1,0,no,0,yes,yes,
learn-hindi-from-egypt/index.html,country-funnel-research,Learn Hindi from Egypt | EkGuru,https://ekguru.shop/learn-hindi-from-egypt/,"noindex, follow",no,NOINDEX,RESEARCH_REQUIRED,1402,1,,,0,82,1,0,no,0,yes,yes,
learn-hindi-from-el-salvador/index.html,country-funnel-research,Learn Hindi from El Salvador | EkGuru,https://ekguru.shop/learn-hindi-from-el-salvador/,"noindex, follow",no,NOINDEX,RESEARCH_REQUIRED,1389,1,,,0,82,1,0,no,0,yes,yes,
learn-hindi-from-equatorial-guinea/index.html,country-funnel-research,Learn Hindi from Equatorial Guinea | EkGuru,https://ekguru.shop/learn-hindi-from-equatorial-guinea/,"noindex, follow",no,NOINDEX,RESEARCH_REQUIRED,1299,1,,,0,79,1,0,no,0,yes,yes,
learn-hindi-from-eritrea/index.html,country-funnel-research,Learn Hindi from Eritrea | EkGuru,https://ekguru.shop/learn-hindi-from-eritrea/,"noindex, follow",no,NOINDEX,RESEARCH_REQUIRED,1349,1,,,0,82,1,0,no,0,yes,yes,
learn-hindi-from-estonia/index.html,country-funnel-research,Learn Hindi from Estonia | EkGuru,https://ekguru.shop/learn-hindi-from-estonia/,"noindex, follow",no,NOINDEX,RESEARCH_REQUIRED,1328,1,,,0,79,1,0,no,0,yes,yes,
learn-hindi-from-eswatini/index.html,country-funnel-research,Learn Hindi from Eswatini | EkGuru,https://ekguru.shop/learn-hindi-from-eswatini/,"noindex, follow",no,NOINDEX,RESEARCH_REQUIRED,1335,1,,,0,81,1,0,no,0,yes,yes,
learn-hindi-from-ethiopia/index.html,country-funnel-research,Learn Hindi from Ethiopia | EkGuru,https://ekguru.shop/learn-hindi-from-ethiopia/,"index, follow",yes,PUBLISHED,MEDIUM_CONTENT,1269,1,,,0,79,1,0,no,0,yes,yes,
learn-hindi-from-fiji/index.html,country-funnel-research,Learn Hindi from Fiji | EkGuru,https://ekguru.shop/learn-hindi-from-fiji/,"noindex, follow",no,NOINDEX,RESEARCH_REQUIRED,1354,1,,,0,81,1,0,no,0,yes,yes,
learn-hindi-from-finland/index.html,country-funnel-research,Learn Hindi from Finland | EkGuru,https://ekguru.shop/learn-hindi-from-finland/,"noindex, follow",no,NOINDEX,RESEARCH_REQUIRED,1314,1,,,0,79,1,0,no,0,yes,yes,
learn-hindi-from-france/index.html,country-funnel-research,Learn Hindi from France | EkGuru,https://ekguru.shop/learn-hindi-from-france/,"noindex, follow",no,NOINDEX,RESEARCH_REQUIRED,1405,1,,,0,82,1,0,no,0,yes,yes,
learn-hindi-from-gabon/index.html,country-funnel-research,Learn Hindi from Gabon | EkGuru,https://ekguru.shop/learn-hindi-from-gabon/,"noindex, follow",no,NOINDEX,RESEARCH_REQUIRED,1350,1,,,0,82,1,0,no,0,yes,yes,
learn-hindi-from-gambia/index.html,country-funnel-research,Learn Hindi from Gambia | EkGuru,https://ekguru.shop/learn-hindi-from-gambia/,"noindex, follow",no,NOINDEX,RESEARCH_REQUIRED,1273,1,,,0,79,1,0,no,0,yes,yes,
learn-hindi-from-georgia/index.html,country-funnel-research,Learn Hindi from Georgia | EkGuru,https://ekguru.shop/learn-hindi-from-georgia/,"index, follow",yes,PUBLISHED,MEDIUM_CONTENT,1301,1,,,0,79,1,0,no,0,yes,yes,
learn-hindi-from-germany/index.html,country-funnel-research,Learn Hindi from Germany | EkGuru,https://ekguru.shop/learn-hindi-from-germany/,"noindex, follow",no,NOINDEX,RESEARCH_REQUIRED,1422,1,,,0,82,1,0,no,0,yes,yes,
learn-hindi-from-ghana/index.html,country-funnel-research,Learn Hindi from Ghana | EkGuru,https://ekguru.shop/learn-hindi-from-ghana/,"noindex, follow",no,NOINDEX,RESEARCH_REQUIRED,1374,1,,,0,81,1,0,no,0,yes,yes,
learn-hindi-from-greece/index.html,country-funnel-research,Learn Hindi from Greece | EkGuru,https://ekguru.shop/learn-hindi-from-greece/,"noindex, follow",no,NOINDEX,RESEARCH_REQUIRED,1318,1,,,0,79,1,0,no,0,yes,yes,
learn-hindi-from-grenada/index.html,country-funnel-research,Learn Hindi from Grenada | EkGuru,https://ekguru.shop/learn-hindi-from-grenada/,"noindex, follow",no,NOINDEX,RESEARCH_REQUIRED,1351,1,,,0,81,1,0,no,0,yes,yes,
learn-hindi-from-guatemala/index.html,country-funnel-research,Learn Hindi from Guatemala | EkGuru,https://ekguru.shop/learn-hindi-from-guatemala/,"noindex, follow",no,NOINDEX,RESEARCH_REQUIRED,1350,1,,,0,82,1,0,no,0,yes,yes,
learn-hindi-from-guinea/index.html,country-funnel-research,Learn Hindi from Guinea | EkGuru,https://ekguru.shop/learn-hindi-from-guinea/,"noindex, follow",no,NOINDEX,RESEARCH_REQUIRED,1288,1,,,0,79,1,0,no,0,yes,yes,
learn-hindi-from-guinea-bissau/index.html,country-funnel-research,Learn Hindi from Guinea-Bissau | EkGuru,https://ekguru.shop/learn-hindi-from-guinea-bissau/,"noindex, follow",no,NOINDEX,RESEARCH_REQUIRED,1285,1,,,0,79,1,0,no,0,yes,yes,
learn-hindi-from-guyana/index.html,country-funnel-research,Learn Hindi from Guyana | EkGuru,https://ekguru.shop/learn-hindi-from-guyana/,"noindex, follow",no,NOINDEX,RESEARCH_REQUIRED,1327,1,,,0,81,1,0,no,0,yes,yes,
learn-hindi-from-haiti/index.html,country-funnel-research,Learn Hindi from Haiti | EkGuru,https://ekguru.shop/learn-hindi-from-haiti/,"index, follow",yes,PUBLISHED,MEDIUM_CONTENT,1332,1,,,0,82,1,0,no,0,yes,yes,
learn-hindi-from-honduras/index.html,country-funnel-research,Learn Hindi from Honduras | EkGuru,https://ekguru.shop/learn-hindi-from-honduras/,"noindex, follow",no,NOINDEX,RESEARCH_REQUIRED,1355,1,,,0,82,1,0,no,0,yes,yes,
learn-hindi-from-hungary/index.html,country-funnel-research,Learn Hindi from Hungary | EkGuru,https://ekguru.shop/learn-hindi-from-hungary/,"noindex, follow",no,NOINDEX,RESEARCH_REQUIRED,1311,1,,,0,79,1,0,no,0,yes,yes,
learn-hindi-from-iceland/index.html,country-funnel-research,Learn Hindi from Iceland | EkGuru,https://ekguru.shop/learn-hindi-from-iceland/,"noindex, follow",no,NOINDEX,RESEARCH_REQUIRED,1299,1,,,0,79,1,0,no,0,yes,yes,
learn-hindi-from-india/index.html,country-funnel-research,Learn Hindi from India | EkGuru,https://ekguru.shop/learn-hindi-from-india/,"index, follow",yes,PUBLISHED,MEDIUM_CONTENT,1342,1,,,0,81,1,0,no,0,yes,yes,
learn-hindi-from-indonesia/index.html,country-funnel-research,Learn Hindi from Indonesia | EkGuru,https://ekguru.shop/learn-hindi-from-indonesia/,"index, follow",yes,PUBLISHED,MEDIUM_CONTENT,1348,1,,,0,82,1,0,no,0,yes,yes,
learn-hindi-from-iran/index.html,country-funnel-research,Learn Hindi from Iran | EkGuru,https://ekguru.shop/learn-hindi-from-iran/,"index, follow",yes,PUBLISHED,MEDIUM_CONTENT,1294,1,,,0,81,1,0,no,0,yes,yes,
learn-hindi-from-iraq/index.html,country-funnel-research,Learn Hindi from Iraq | EkGuru,https://ekguru.shop/learn-hindi-from-iraq/,"index, follow",yes,PUBLISHED,MEDIUM_CONTENT,1333,1,,,0,82,1,0,no,0,yes,yes,
learn-hindi-from-ireland/index.html,country-funnel-research,Learn Hindi from Ireland | EkGuru,https://ekguru.shop/learn-hindi-from-ireland/,"noindex, follow",no,NOINDEX,RESEARCH_REQUIRED,1382,1,,,0,81,1,0,no,0,yes,yes,
learn-hindi-from-israel/index.html,country-funnel-research,Learn Hindi from Israel | EkGuru,https://ekguru.shop/learn-hindi-from-israel/,"index, follow",yes,PUBLISHED,MEDIUM_CONTENT,1315,1,,,0,81,1,0,no,0,yes,yes,
learn-hindi-from-italy/index.html,country-funnel-research,Learn Hindi from Italy | EkGuru,https://ekguru.shop/learn-hindi-from-italy/,"noindex, follow",no,NOINDEX,RESEARCH_REQUIRED,1339,1,,,0,82,1,0,no,0,yes,yes,
learn-hindi-from-jamaica/index.html,country-funnel-research,Learn Hindi from Jamaica | EkGuru,https://ekguru.shop/learn-hindi-from-jamaica/,"noindex, follow",no,NOINDEX,RESEARCH_REQUIRED,1374,1,,,0,81,1,0,no,0,yes,yes,
learn-hindi-from-japan/index.html,country-funnel-research,Learn Hindi from Japan | EkGuru,https://ekguru.shop/learn-hindi-from-japan/,"noindex, follow",no,NOINDEX,RESEARCH_REQUIRED,1467,1,,,0,82,1,0,no,0,yes,yes,
learn-hindi-from-jordan/index.html,country-funnel-research,Learn Hindi from Jordan | EkGuru,https://ekguru.shop/learn-hindi-from-jordan/,"index, follow",yes,PUBLISHED,MEDIUM_CONTENT,1332,1,,,0,82,1,0,no,0,yes,yes,
learn-hindi-from-kazakhstan/index.html,country-funnel-research,Learn Hindi from Kazakhstan | EkGuru,https://ekguru.shop/learn-hindi-from-kazakhstan/,"index, follow",yes,PUBLISHED,MEDIUM_CONTENT,1314,1,,,0,82,1,0,no,0,yes,yes,
learn-hindi-from-kenya/index.html,country-funnel-research,Learn Hindi from Kenya | EkGuru,https://ekguru.shop/learn-hindi-from-kenya/,"noindex, follow",no,NOINDEX,RESEARCH_REQUIRED,1343,1,,,0,82,1,0,no,0,yes,yes,
learn-hindi-from-kiribati/index.html,country-funnel-research,Learn Hindi from Kiribati | EkGuru,https://ekguru.shop/learn-hindi-from-kiribati/,"noindex, follow",no,NOINDEX,RESEARCH_REQUIRED,1314,1,,,0,79,1,0,no,0,yes,yes,
learn-hindi-from-kosovo/index.html,country-funnel-research,Learn Hindi from Kosovo | EkGuru,https://ekguru.shop/learn-hindi-from-kosovo/,"index, follow",yes,PUBLISHED,MEDIUM_CONTENT,1179,1,,,0,77,1,0,no,0,yes,yes,
learn-hindi-from-kuwait/index.html,country-funnel-research,Learn Hindi from Kuwait | EkGuru,https://ekguru.shop/learn-hindi-from-kuwait/,"index, follow",yes,PUBLISHED,MEDIUM_CONTENT,1356,1,,,0,82,1,0,no,0,yes,yes,
learn-hindi-from-kyrgyzstan/index.html,country-funnel-research,Learn Hindi from Kyrgyzstan | EkGuru,https://ekguru.shop/learn-hindi-from-kyrgyzstan/,"index, follow",yes,PUBLISHED,MEDIUM_CONTENT,1332,1,,,0,82,1,0,no,0,yes,yes,
learn-hindi-from-laos/index.html,country-funnel-research,Learn Hindi from Laos | EkGuru,https://ekguru.shop/learn-hindi-from-laos/,"index, follow",yes,PUBLISHED,MEDIUM_CONTENT,1275,1,,,0,79,1,0,no,0,yes,yes,
learn-hindi-from-latvia/index.html,country-funnel-research,Learn Hindi from Latvia | EkGuru,https://ekguru.shop/learn-hindi-from-latvia/,"noindex, follow",no,NOINDEX,RESEARCH_REQUIRED,1328,1,,,0,79,1,0,no,0,yes,yes,
learn-hindi-from-lebanon/index.html,country-funnel-research,Learn Hindi from Lebanon | EkGuru,https://ekguru.shop/learn-hindi-from-lebanon/,"index, follow",yes,PUBLISHED,MEDIUM_CONTENT,1327,1,,,0,82,1,0,no,0,yes,yes,
learn-hindi-from-lesotho/index.html,country-funnel-research,Learn Hindi from Lesotho | EkGuru,https://ekguru.shop/learn-hindi-from-lesotho/,"noindex, follow",no,NOINDEX,RESEARCH_REQUIRED,1337,1,,,0,81,1,0,no,0,yes,yes,
learn-hindi-from-liberia/index.html,country-funnel-research,Learn Hindi from Liberia | EkGuru,https://ekguru.shop/learn-hindi-from-liberia/,"noindex, follow",no,NOINDEX,RESEARCH_REQUIRED,1276,1,,,0,79,1,0,no,0,yes,yes,
learn-hindi-from-libya/index.html,country-funnel-research,Learn Hindi from Libya | EkGuru,https://ekguru.shop/learn-hindi-from-libya/,"noindex, follow",no,NOINDEX,RESEARCH_REQUIRED,1345,1,,,0,82,1,0,no,0,yes,yes,
learn-hindi-from-liechtenstein/index.html,country-funnel-research,Learn Hindi from Liechtenstein | EkGuru,https://ekguru.shop/learn-hindi-from-liechtenstein/,"noindex, follow",no,NOINDEX,RESEARCH_REQUIRED,1279,1,,,0,79,1,0,no,0,yes,yes,
learn-hindi-from-lithuania/index.html,country-funnel-research,Learn Hindi from Lithuania | EkGuru,https://ekguru.shop/learn-hindi-from-lithuania/,"noindex, follow",no,NOINDEX,RESEARCH_REQUIRED,1311,1,,,0,79,1,0,no,0,yes,yes,
learn-hindi-from-luxembourg/index.html,country-funnel-research,Learn Hindi from Luxembourg | EkGuru,https://ekguru.shop/learn-hindi-from-luxembourg/,"noindex, follow",no,NOINDEX,RESEARCH_REQUIRED,1395,1,,,0,84,1,0,no,0,yes,yes,
learn-hindi-from-madagascar/index.html,country-funnel-research,Learn Hindi from Madagascar | EkGuru,https://ekguru.shop/learn-hindi-from-madagascar/,"noindex, follow",no,NOINDEX,RESEARCH_REQUIRED,1349,1,,,0,82,1,0,no,0,yes,yes,
learn-hindi-from-malawi/index.html,country-funnel-research,Learn Hindi from Malawi | EkGuru,https://ekguru.shop/learn-hindi-from-malawi/,"noindex, follow",no,NOINDEX,RESEARCH_REQUIRED,1345,1,,,0,81,1,0,no,0,yes,yes,
learn-hindi-from-malaysia/index.html,country-funnel-research,Learn Hindi from Malaysia | EkGuru,https://ekguru.shop/learn-hindi-from-malaysia/,"index, follow",yes,PUBLISHED,MEDIUM_CONTENT,1337,1,,,0,82,1,0,no,0,yes,yes,
learn-hindi-from-maldives/index.html,country-funnel-research,Learn Hindi from Maldives | EkGuru,https://ekguru.shop/learn-hindi-from-maldives/,"index, follow",yes,PUBLISHED,MEDIUM_CONTENT,1259,1,,,0,79,1,0,no,0,yes,yes,
learn-hindi-from-mali/index.html,country-funnel-research,Learn Hindi from Mali | EkGuru,https://ekguru.shop/learn-hindi-from-mali/,"noindex, follow",no,NOINDEX,RESEARCH_REQUIRED,1284,1,,,0,79,1,0,no,0,yes,yes,
learn-hindi-from-malta/index.html,country-funnel-research,Learn Hindi from Malta | EkGuru,https://ekguru.shop/learn-hindi-from-malta/,"noindex, follow",no,NOINDEX,RESEARCH_REQUIRED,1376,1,,,0,81,1,0,no,0,yes,yes,
learn-hindi-from-marshall-islands/index.html,country-funnel-research,Learn Hindi from Marshall Islands | EkGuru,https://ekguru.shop/learn-hindi-from-marshall-islands/,"noindex, follow",no,NOINDEX,RESEARCH_REQUIRED,1294,1,,,0,79,1,0,no,0,yes,yes,
learn-hindi-from-mauritania/index.html,country-funnel-research,Learn Hindi from Mauritania | EkGuru,https://ekguru.shop/learn-hindi-from-mauritania/,"noindex, follow",no,NOINDEX,RESEARCH_REQUIRED,1345,1,,,0,82,1,0,no,0,yes,yes,
learn-hindi-from-mauritius/index.html,country-funnel-research,Learn Hindi from Mauritius | EkGuru,https://ekguru.shop/learn-hindi-from-mauritius/,"noindex, follow",no,NOINDEX,RESEARCH_REQUIRED,1358,1,,,0,83,1,0,no,0,yes,yes,
learn-hindi-from-mexico/index.html,country-funnel-research,Learn Hindi from Mexico | EkGuru,https://ekguru.shop/learn-hindi-from-mexico/,"noindex, follow",no,NOINDEX,RESEARCH_REQUIRED,1368,1,,,0,82,1,0,no,0,yes,yes,
learn-hindi-from-micronesia/index.html,country-funnel-research,Learn Hindi from Micronesia | EkGuru,https://ekguru.shop/learn-hindi-from-micronesia/,"noindex, follow",no,NOINDEX,RESEARCH_REQUIRED,1322,1,,,0,79,1,0,no,0,yes,yes,
learn-hindi-from-moldova/index.html,country-funnel-research,Learn Hindi from Moldova | EkGuru,https://ekguru.shop/learn-hindi-from-moldova/,"index, follow",yes,PUBLISHED,MEDIUM_CONTENT,1279,1,,,0,79,1,0,no,0,yes,yes,
learn-hindi-from-monaco/index.html,country-funnel-research,Learn Hindi from Monaco | EkGuru,https://ekguru.shop/learn-hindi-from-monaco/,"noindex, follow",no,NOINDEX,RESEARCH_REQUIRED,1279,1,,,0,79,1,0,no,0,yes,yes,
learn-hindi-from-mongolia/index.html,country-funnel-research,Learn Hindi from Mongolia | EkGuru,https://ekguru.shop/learn-hindi-from-mongolia/,"noindex, follow",no,NOINDEX,RESEARCH_REQUIRED,1312,1,,,0,79,1,0,no,0,yes,yes,
learn-hindi-from-montenegro/index.html,country-funnel-research,Learn Hindi from Montenegro | EkGuru,https://ekguru.shop/learn-hindi-from-montenegro/,"noindex, follow",no,NOINDEX,RESEARCH_REQUIRED,1329,1,,,0,79,1,0,no,0,yes,yes,
learn-hindi-from-morocco/index.html,country-funnel-research,Learn Hindi from Morocco | EkGuru,https://ekguru.shop/learn-hindi-from-morocco/,"noindex, follow",no,NOINDEX,RESEARCH_REQUIRED,1378,1,,,0,84,1,0,no,0,yes,yes,
learn-hindi-from-mozambique/index.html,country-funnel-research,Learn Hindi from Mozambique | EkGuru,https://ekguru.shop/learn-hindi-from-mozambique/,"noindex, follow",no,NOINDEX,RESEARCH_REQUIRED,1349,1,,,0,82,1,0,no,0,yes,yes,
learn-hindi-from-myanmar/index.html,country-funnel-research,Learn Hindi from Myanmar | EkGuru,https://ekguru.shop/learn-hindi-from-myanmar/,"index, follow",yes,PUBLISHED,MEDIUM_CONTENT,1276,1,,,0,79,1,0,no,0,yes,yes,
learn-hindi-from-namibia/index.html,country-funnel-research,Learn Hindi from Namibia | EkGuru,https://ekguru.shop/learn-hindi-from-namibia/,"noindex, follow",no,NOINDEX,RESEARCH_REQUIRED,1347,1,,,0,81,1,0,no,0,yes,yes,
learn-hindi-from-nauru/index.html,country-funnel-research,Learn Hindi from Nauru | EkGuru,https://ekguru.shop/learn-hindi-from-nauru/,"noindex, follow",no,NOINDEX,RESEARCH_REQUIRED,1277,1,,,0,79,1,0,no,0,yes,yes,
learn-hindi-from-nepal/index.html,country-funnel-research,Learn Hindi from Nepal | EkGuru,https://ekguru.shop/learn-hindi-from-nepal/,"index, follow",yes,PUBLISHED,MEDIUM_CONTENT,1347,1,,,0,81,1,0,no,0,yes,yes,
learn-hindi-from-netherlands/index.html,country-funnel-research,Learn Hindi from Netherlands | EkGuru,https://ekguru.shop/learn-hindi-from-netherlands/,"noindex, follow",no,NOINDEX,RESEARCH_REQUIRED,1323,1,,,0,81,1,0,no,0,yes,yes,
learn-hindi-from-new-zealand/index.html,country-funnel-research,Learn Hindi from New Zealand | EkGuru,https://ekguru.shop/learn-hindi-from-new-zealand/,"index, follow",yes,PUBLISHED,MEDIUM_CONTENT,1342,1,,,0,81,1,0,no,0,yes,yes,
learn-hindi-from-nicaragua/index.html,country-funnel-research,Learn Hindi from Nicaragua | EkGuru,https://ekguru.shop/learn-hindi-from-nicaragua/,"noindex, follow",no,NOINDEX,RESEARCH_REQUIRED,1382,1,,,0,82,1,0,no,0,yes,yes,
learn-hindi-from-niger/index.html,country-funnel-research,Learn Hindi from Niger | EkGuru,https://ekguru.shop/learn-hindi-from-niger/,"noindex, follow",no,NOINDEX,RESEARCH_REQUIRED,1290,1,,,0,79,1,0,no,0,yes,yes,
learn-hindi-from-nigeria/index.html,country-funnel-research,Learn Hindi from Nigeria | EkGuru,https://ekguru.shop/learn-hindi-from-nigeria/,"noindex, follow",no,NOINDEX,RESEARCH_REQUIRED,1330,1,,,0,81,1,0,no,0,yes,yes,
learn-hindi-from-north-korea/index.html,country-funnel-research,Learn Hindi from North Korea | EkGuru,https://ekguru.shop/learn-hindi-from-north-korea/,"noindex, follow",no,NOINDEX,RESEARCH_REQUIRED,1326,1,,,0,79,1,0,no,0,yes,yes,
learn-hindi-from-north-macedonia/index.html,country-funnel-research,Learn Hindi from North Macedonia | EkGuru,https://ekguru.shop/learn-hindi-from-north-macedonia/,"noindex, follow",no,NOINDEX,RESEARCH_REQUIRED,1330,1,,,0,79,1,0,no,0,yes,yes,
learn-hindi-from-norway/index.html,country-funnel-research,Learn Hindi from Norway | EkGuru,https://ekguru.shop/learn-hindi-from-norway/,"noindex, follow",no,NOINDEX,RESEARCH_REQUIRED,1329,1,,,0,79,1,0,no,0,yes,yes,
learn-hindi-from-oman/index.html,country-funnel-research,Learn Hindi from Oman | EkGuru,https://ekguru.shop/learn-hindi-from-oman/,"index, follow",yes,PUBLISHED,MEDIUM_CONTENT,1353,1,,,0,82,1,0,no,0,yes,yes,
learn-hindi-from-pakistan/index.html,country-funnel-research,Learn Hindi from Pakistan | EkGuru,https://ekguru.shop/learn-hindi-from-pakistan/,"index, follow",yes,PUBLISHED,MEDIUM_CONTENT,1334,1,,,0,82,1,0,no,0,yes,yes,
learn-hindi-from-palau/index.html,country-funnel-research,Learn Hindi from Palau | EkGuru,https://ekguru.shop/learn-hindi-from-palau/,"noindex, follow",no,NOINDEX,RESEARCH_REQUIRED,1292,1,,,0,79,1,0,no,0,yes,yes,
learn-hindi-from-palestine/index.html,country-funnel-research,Learn Hindi from Palestine | EkGuru,https://ekguru.shop/learn-hindi-from-palestine/,"index, follow",yes,PUBLISHED,MEDIUM_CONTENT,1233,1,,,0,80,1,0,no,0,yes,yes,
learn-hindi-from-panama/index.html,country-funnel-research,Learn Hindi from Panama | EkGuru,https://ekguru.shop/learn-hindi-from-panama/,"noindex, follow",no,NOINDEX,RESEARCH_REQUIRED,1376,1,,,0,82,1,0,no,0,yes,yes,
learn-hindi-from-papua-new-guinea/index.html,country-funnel-research,Learn Hindi from Papua New Guinea | EkGuru,https://ekguru.shop/learn-hindi-from-papua-new-guinea/,"noindex, follow",no,NOINDEX,RESEARCH_REQUIRED,1384,1,,,0,81,1,0,no,0,yes,yes,
learn-hindi-from-paraguay/index.html,country-funnel-research,Learn Hindi from Paraguay | EkGuru,https://ekguru.shop/learn-hindi-from-paraguay/,"noindex, follow",no,NOINDEX,RESEARCH_REQUIRED,1351,1,,,0,82,1,0,no,0,yes,yes,
learn-hindi-from-peru/index.html,country-funnel-research,Learn Hindi from Peru | EkGuru,https://ekguru.shop/learn-hindi-from-peru/,"index, follow",yes,PUBLISHED,MEDIUM_CONTENT,1366,1,,,0,82,1,0,no,0,yes,yes,
learn-hindi-from-philippines/index.html,country-funnel-research,Learn Hindi from Philippines | EkGuru,https://ekguru.shop/learn-hindi-from-philippines/,"index, follow",yes,PUBLISHED,MEDIUM_CONTENT,1305,1,,,0,81,1,0,no,0,yes,yes,
learn-hindi-from-poland/index.html,country-funnel-research,Learn Hindi from Poland | EkGuru,https://ekguru.shop/learn-hindi-from-poland/,"index, follow",yes,PUBLISHED,MEDIUM_CONTENT,1313,1,,,0,82,1,0,no,0,yes,yes,
learn-hindi-from-portugal/index.html,country-funnel-research,Learn Hindi from Portugal | EkGuru,https://ekguru.shop/learn-hindi-from-portugal/,"noindex, follow",no,NOINDEX,RESEARCH_REQUIRED,1330,1,,,0,82,1,0,no,0,yes,yes,
learn-hindi-from-qatar/index.html,country-funnel-research,Learn Hindi from Qatar | EkGuru,https://ekguru.shop/learn-hindi-from-qatar/,"index, follow",yes,PUBLISHED,MEDIUM_CONTENT,1333,1,,,0,82,1,0,no,0,yes,yes,
learn-hindi-from-romania/index.html,country-funnel-research,Learn Hindi from Romania | EkGuru,https://ekguru.shop/learn-hindi-from-romania/,"index, follow",yes,PUBLISHED,MEDIUM_CONTENT,1286,1,,,0,79,1,0,no,0,yes,yes,
learn-hindi-from-russia/index.html,country-funnel-research,Learn Hindi from Russia | EkGuru,https://ekguru.shop/learn-hindi-from-russia/,"noindex, follow",no,NOINDEX,RESEARCH_REQUIRED,1356,1,,,0,82,1,0,no,0,yes,yes,
learn-hindi-from-rwanda/index.html,country-funnel-research,Learn Hindi from Rwanda | EkGuru,https://ekguru.shop/learn-hindi-from-rwanda/,"noindex, follow",no,NOINDEX,RESEARCH_REQUIRED,1353,1,,,0,83,1,0,no,0,yes,yes,
learn-hindi-from-saint-kitts-and-nevis/index.html,country-funnel-research,Learn Hindi from Saint Kitts and Nevis | EkGuru,https://ekguru.shop/learn-hindi-from-saint-kitts-and-nevis/,"noindex, follow",no,NOINDEX,RESEARCH_REQUIRED,1346,1,,,0,79,1,0,no,0,yes,yes,
learn-hindi-from-saint-lucia/index.html,country-funnel-research,Learn Hindi from Saint Lucia | EkGuru,https://ekguru.shop/learn-hindi-from-saint-lucia/,"noindex, follow",no,NOINDEX,RESEARCH_REQUIRED,1368,1,,,0,81,1,0,no,0,yes,yes,
learn-hindi-from-saint-vincent-and-the-grenadines/index.html,country-funnel-research,Learn Hindi from Saint Vincent and the Grenadines | EkGuru,https://ekguru.shop/learn-hindi-from-saint-vincent-and-the-grenadines/,"noindex, follow",no,NOINDEX,RESEARCH_REQUIRED,1423,1,,,0,81,1,0,no,0,yes,yes,
learn-hindi-from-samoa/index.html,country-funnel-research,Learn Hindi from Samoa | EkGuru,https://ekguru.shop/learn-hindi-from-samoa/,"noindex, follow",no,NOINDEX,RESEARCH_REQUIRED,1282,1,,,0,79,1,0,no,0,yes,yes,
learn-hindi-from-san-marino/index.html,country-funnel-research,Learn Hindi from San Marino | EkGuru,https://ekguru.shop/learn-hindi-from-san-marino/,"noindex, follow",no,NOINDEX,RESEARCH_REQUIRED,1292,1,,,0,79,1,0,no,0,yes,yes,
learn-hindi-from-sao-tome-and-principe/index.html,country-funnel-research,Learn Hindi from São Tomé and Príncipe | EkGuru,https://ekguru.shop/learn-hindi-from-sao-tome-and-principe/,"noindex, follow",no,NOINDEX,RESEARCH_REQUIRED,1229,1,,,0,78,1,0,no,0,yes,yes,
learn-hindi-from-saudi-arabia/index.html,country-funnel-research,Learn Hindi from Saudi Arabia | EkGuru,https://ekguru.shop/learn-hindi-from-saudi-arabia/,"index, follow",yes,PUBLISHED,MEDIUM_CONTENT,1342,1,,,0,82,1,0,no,0,yes,yes,
learn-hindi-from-senegal/index.html,country-funnel-research,Learn Hindi from Senegal | EkGuru,https://ekguru.shop/learn-hindi-from-senegal/,"noindex, follow",no,NOINDEX,RESEARCH_REQUIRED,1351,1,,,0,82,1,0,no,0,yes,yes,
learn-hindi-from-serbia/index.html,country-funnel-research,Learn Hindi from Serbia | EkGuru,https://ekguru.shop/learn-hindi-from-serbia/,"noindex, follow",no,NOINDEX,RESEARCH_REQUIRED,1297,1,,,0,79,1,0,no,0,yes,yes,
learn-hindi-from-seychelles/index.html,country-funnel-research,Learn Hindi from Seychelles | EkGuru,https://ekguru.shop/learn-hindi-from-seychelles/,"noindex, follow",no,NOINDEX,RESEARCH_REQUIRED,1354,1,,,0,83,1,0,no,0,yes,yes,
learn-hindi-from-sierra-leone/index.html,country-funnel-research,Learn Hindi from Sierra Leone | EkGuru,https://ekguru.shop/learn-hindi-from-sierra-leone/,"noindex, follow",no,NOINDEX,RESEARCH_REQUIRED,1290,1,,,0,79,1,0,no,0,yes,yes,
learn-hindi-from-singapore/index.html,country-funnel-research,Learn Hindi from Singapore | EkGuru,https://ekguru.shop/learn-hindi-from-singapore/,"index, follow",yes,PUBLISHED,MEDIUM_CONTENT,1359,1,,,0,85,1,0,no,0,yes,yes,
learn-hindi-from-slovakia/index.html,country-funnel-research,Learn Hindi from Slovakia | EkGuru,https://ekguru.shop/learn-hindi-from-slovakia/,"noindex, follow",no,NOINDEX,RESEARCH_REQUIRED,1325,1,,,0,79,1,0,no,0,yes,yes,
learn-hindi-from-slovenia/index.html,country-funnel-research,Learn Hindi from Slovenia | EkGuru,https://ekguru.shop/learn-hindi-from-slovenia/,"noindex, follow",no,NOINDEX,RESEARCH_REQUIRED,1325,1,,,0,79,1,0,no,0,yes,yes,
learn-hindi-from-solomon-islands/index.html,country-funnel-research,Learn Hindi from Solomon Islands | EkGuru,https://ekguru.shop/learn-hindi-from-solomon-islands/,"noindex, follow",no,NOINDEX,RESEARCH_REQUIRED,1298,1,,,0,79,1,0,no,0,yes,yes,
learn-hindi-from-somalia/index.html,country-funnel-research,Learn Hindi from Somalia | EkGuru,https://ekguru.shop/learn-hindi-from-somalia/,"noindex, follow",no,NOINDEX,RESEARCH_REQUIRED,1355,1,,,0,82,1,0,no,0,yes,yes,
learn-hindi-from-south-africa/index.html,country-funnel-research,Learn Hindi from South Africa | EkGuru,https://ekguru.shop/learn-hindi-from-south-africa/,"index, follow",yes,PUBLISHED,MEDIUM_CONTENT,1355,1,,,0,81,1,0,no,0,yes,yes,
learn-hindi-from-south-korea/index.html,country-funnel-research,Learn Hindi from South Korea | EkGuru,https://ekguru.shop/learn-hindi-from-south-korea/,"noindex, follow",no,NOINDEX,RESEARCH_REQUIRED,1383,1,,,0,82,1,0,no,0,yes,yes,
learn-hindi-from-south-sudan/index.html,country-funnel-research,Learn Hindi from South Sudan | EkGuru,https://ekguru.shop/learn-hindi-from-south-sudan/,"noindex, follow",no,NOINDEX,RESEARCH_REQUIRED,1290,1,,,0,79,1,0,no,0,yes,yes,
learn-hindi-from-spain/index.html,country-funnel-research,Learn Hindi from Spain | EkGuru,https://ekguru.shop/learn-hindi-from-spain/,"noindex, follow",no,NOINDEX,RESEARCH_REQUIRED,1392,1,,,0,82,1,0,no,0,yes,yes,
learn-hindi-from-sri-lanka/index.html,country-funnel-research,Learn Hindi from Sri Lanka | EkGuru,https://ekguru.shop/learn-hindi-from-sri-lanka/,"index, follow",yes,PUBLISHED,MEDIUM_CONTENT,1324,1,,,0,81,1,0,no,0,yes,yes,
learn-hindi-from-sudan/index.html,country-funnel-research,Learn Hindi from Sudan | EkGuru,https://ekguru.shop/learn-hindi-from-sudan/,"noindex, follow",no,NOINDEX,RESEARCH_REQUIRED,1354,1,,,0,83,1,0,no,0,yes,yes,
learn-hindi-from-suriname/index.html,country-funnel-research,Learn Hindi from Suriname | EkGuru,https://ekguru.shop/learn-hindi-from-suriname/,"noindex, follow",no,NOINDEX,RESEARCH_REQUIRED,1313,1,,,0,81,1,0,no,0,yes,yes,
learn-hindi-from-sweden/index.html,country-funnel-research,Learn Hindi from Sweden | EkGuru,https://ekguru.shop/learn-hindi-from-sweden/,"noindex, follow",no,NOINDEX,RESEARCH_REQUIRED,1328,1,,,0,79,1,0,no,0,yes,yes,
learn-hindi-from-switzerland/index.html,country-funnel-research,Learn Hindi from Switzerland | EkGuru,https://ekguru.shop/learn-hindi-from-switzerland/,"noindex, follow",no,NOINDEX,RESEARCH_REQUIRED,1407,1,,,0,86,1,0,no,0,yes,yes,
learn-hindi-from-syria/index.html,country-funnel-research,Learn Hindi from Syria | EkGuru,https://ekguru.shop/learn-hindi-from-syria/,"index, follow",yes,PUBLISHED,MEDIUM_CONTENT,1326,1,,,0,82,1,0,no,0,yes,yes,
learn-hindi-from-tajikistan/index.html,country-funnel-research,Learn Hindi from Tajikistan | EkGuru,https://ekguru.shop/learn-hindi-from-tajikistan/,"index, follow",yes,PUBLISHED,MEDIUM_CONTENT,1258,1,,,0,79,1,0,no,0,yes,yes,
learn-hindi-from-tanzania/index.html,country-funnel-research,Learn Hindi from Tanzania | EkGuru,https://ekguru.shop/learn-hindi-from-tanzania/,"noindex, follow",no,NOINDEX,RESEARCH_REQUIRED,1361,1,,,0,82,1,0,no,0,yes,yes,
learn-hindi-from-thailand/index.html,country-funnel-research,Learn Hindi from Thailand | EkGuru,https://ekguru.shop/learn-hindi-from-thailand/,"index, follow",yes,PUBLISHED,MEDIUM_CONTENT,1354,1,,,0,81,1,0,no,0,yes,yes,
learn-hindi-from-timor-leste/index.html,country-funnel-research,Learn Hindi from Timor-Leste | EkGuru,https://ekguru.shop/learn-hindi-from-timor-leste/,"index, follow",yes,PUBLISHED,MEDIUM_CONTENT,1341,1,,,0,82,1,0,no,0,yes,yes,
learn-hindi-from-togo/index.html,country-funnel-research,Learn Hindi from Togo | EkGuru,https://ekguru.shop/learn-hindi-from-togo/,"noindex, follow",no,NOINDEX,RESEARCH_REQUIRED,1280,1,,,0,79,1,0,no,0,yes,yes,
learn-hindi-from-tonga/index.html,country-funnel-research,Learn Hindi from Tonga | EkGuru,https://ekguru.shop/learn-hindi-from-tonga/,"noindex, follow",no,NOINDEX,RESEARCH_REQUIRED,1282,1,,,0,79,1,0,no,0,yes,yes,
learn-hindi-from-trinidad-and-tobago/index.html,country-funnel-research,Learn Hindi from Trinidad and Tobago | EkGuru,https://ekguru.shop/learn-hindi-from-trinidad-and-tobago/,"noindex, follow",no,NOINDEX,RESEARCH_REQUIRED,1373,1,,,0,81,1,0,no,0,yes,yes,
learn-hindi-from-tunisia/index.html,country-funnel-research,Learn Hindi from Tunisia | EkGuru,https://ekguru.shop/learn-hindi-from-tunisia/,"noindex, follow",no,NOINDEX,RESEARCH_REQUIRED,1372,1,,,0,84,1,0,no,0,yes,yes,
learn-hindi-from-turkiye/index.html,country-funnel-research,Learn Hindi from Türkiye | EkGuru,https://ekguru.shop/learn-hindi-from-turkiye/,"index, follow",yes,PUBLISHED,MEDIUM_CONTENT,1314,1,,,0,82,1,0,no,0,yes,yes,
learn-hindi-from-turkmenistan/index.html,country-funnel-research,Learn Hindi from Turkmenistan | EkGuru,https://ekguru.shop/learn-hindi-from-turkmenistan/,"index, follow",yes,PUBLISHED,MEDIUM_CONTENT,1290,1,,,0,79,1,0,no,0,yes,yes,
learn-hindi-from-tuvalu/index.html,country-funnel-research,Learn Hindi from Tuvalu | EkGuru,https://ekguru.shop/learn-hindi-from-tuvalu/,"noindex, follow",no,NOINDEX,RESEARCH_REQUIRED,1279,1,,,0,79,1,0,no,0,yes,yes,
learn-hindi-from-uae/index.html,country-funnel-research,Learn Hindi from United Arab Emirates | EkGuru,https://ekguru.shop/learn-hindi-from-uae/,"index, follow",yes,PUBLISHED,MEDIUM_CONTENT,1457,1,,,0,82,1,0,no,0,yes,yes,
learn-hindi-from-uganda/index.html,country-funnel-research,Learn Hindi from Uganda | EkGuru,https://ekguru.shop/learn-hindi-from-uganda/,"noindex, follow",no,NOINDEX,RESEARCH_REQUIRED,1325,1,,,0,82,1,0,no,0,yes,yes,
learn-hindi-from-uk/index.html,country-funnel-research,Learn Hindi from United Kingdom | EkGuru,https://ekguru.shop/learn-hindi-from-uk/,"index, follow",yes,PUBLISHED,MEDIUM_CONTENT,1406,1,,,0,81,1,0,no,0,yes,yes,
learn-hindi-from-ukraine/index.html,country-funnel-research,Learn Hindi from Ukraine | EkGuru,https://ekguru.shop/learn-hindi-from-ukraine/,"noindex, follow",no,NOINDEX,RESEARCH_REQUIRED,1363,1,,,0,81,1,0,no,0,yes,yes,
learn-hindi-from-uruguay/index.html,country-funnel-research,Learn Hindi from Uruguay | EkGuru,https://ekguru.shop/learn-hindi-from-uruguay/,"noindex, follow",no,NOINDEX,RESEARCH_REQUIRED,1359,1,,,0,82,1,0,no,0,yes,yes,
learn-hindi-from-usa/index.html,country-funnel-research,Learn Hindi from United States | EkGuru,https://ekguru.shop/learn-hindi-from-usa/,"index, follow",yes,PUBLISHED,MEDIUM_CONTENT,1468,1,,,0,81,1,0,no,0,yes,yes,
learn-hindi-from-uzbekistan/index.html,country-funnel-research,Learn Hindi from Uzbekistan | EkGuru,https://ekguru.shop/learn-hindi-from-uzbekistan/,"index, follow",yes,PUBLISHED,MEDIUM_CONTENT,1256,1,,,0,79,1,0,no,0,yes,yes,
learn-hindi-from-vanuatu/index.html,country-funnel-research,Learn Hindi from Vanuatu | EkGuru,https://ekguru.shop/learn-hindi-from-vanuatu/,"noindex, follow",no,NOINDEX,RESEARCH_REQUIRED,1277,1,,,0,79,1,0,no,0,yes,yes,
learn-hindi-from-vatican-city/index.html,country-funnel-research,Learn Hindi from Vatican City | EkGuru,https://ekguru.shop/learn-hindi-from-vatican-city/,"noindex, follow",no,NOINDEX,RESEARCH_REQUIRED,1292,1,,,0,79,1,0,no,0,yes,yes,
learn-hindi-from-venezuela/index.html,country-funnel-research,Learn Hindi from Venezuela | EkGuru,https://ekguru.shop/learn-hindi-from-venezuela/,"noindex, follow",no,NOINDEX,RESEARCH_REQUIRED,1367,1,,,0,82,1,0,no,0,yes,yes,
learn-hindi-from-vietnam/index.html,country-funnel-research,Learn Hindi from Vietnam | EkGuru,https://ekguru.shop/learn-hindi-from-vietnam/,"index, follow",yes,PUBLISHED,MEDIUM_CONTENT,1348,1,,,0,82,1,0,no,0,yes,yes,
learn-hindi-from-yemen/index.html,country-funnel-research,Learn Hindi from Yemen | EkGuru,https://ekguru.shop/learn-hindi-from-yemen/,"index, follow",yes,PUBLISHED,MEDIUM_CONTENT,1332,1,,,0,82,1,0,no,0,yes,yes,
learn-hindi-from-zambia/index.html,country-funnel-research,Learn Hindi from Zambia | EkGuru,https://ekguru.shop/learn-hindi-from-zambia/,"noindex, follow",no,NOINDEX,RESEARCH_REQUIRED,1335,1,,,0,81,1,0,no,0,yes,yes,
learn-hindi-from-zimbabwe/index.html,country-funnel-research,Learn Hindi from Zimbabwe | EkGuru,https://ekguru.shop/learn-hindi-from-zimbabwe/,"noindex, follow",no,NOINDEX,RESEARCH_REQUIRED,1343,1,,,0,81,1,0,no,0,yes,yes,
malayalam/alphabet/index.html,other,Malayalam alphabet | EkGuru,https://ekguru.shop/malayalam/alphabet/,"noindex, follow",no,NOINDEX,RESEARCH_REQUIRED,802,1,,,0,84,1,0,no,0,yes,no,
malayalam/beginners/index.html,other,Malayalam for absolute beginners | EkGuru,https://ekguru.shop/malayalam/beginners/,"noindex, follow",no,NOINDEX,RESEARCH_REQUIRED,761,1,,,0,84,1,0,no,0,yes,no,
malayalam/business/index.html,other,Malayalam for work and business | EkGuru,https://ekguru.shop/malayalam/business/,"noindex, follow",no,NOINDEX,RESEARCH_REQUIRED,677,1,,,0,84,1,0,no,0,yes,no,
malayalam/conversation/index.html,other,Real Malayalam conversation | EkGuru,https://ekguru.shop/malayalam/conversation/,"noindex, follow",no,NOINDEX,RESEARCH_REQUIRED,828,1,,,0,84,1,0,no,0,yes,no,
malayalam/emergency/index.html,other,Emergency Malayalam | EkGuru,https://ekguru.shop/malayalam/emergency/,"noindex, follow",no,NOINDEX,RESEARCH_REQUIRED,706,1,,,0,84,1,0,no,0,yes,no,
malayalam/family/index.html,other,Family words in Malayalam | EkGuru,https://ekguru.shop/malayalam/family/,"noindex, follow",no,NOINDEX,RESEARCH_REQUIRED,739,1,,,0,84,1,0,no,0,yes,no,
malayalam/flashcards-topic/index.html,other,Flashcards by topic in Malayalam | EkGuru,https://ekguru.shop/malayalam/flashcards-topic/,"noindex, follow",no,NOINDEX,RESEARCH_REQUIRED,674,1,,,0,83,1,0,no,0,yes,no,
malayalam/for-kids/index.html,other,Malayalam for kids | EkGuru,https://ekguru.shop/malayalam/for-kids/,"noindex, follow",no,NOINDEX,RESEARCH_REQUIRED,666,1,,,0,84,1,0,no,0,yes,no,
malayalam/formal-informal/index.html,other,Formal and informal Malayalam | EkGuru,https://ekguru.shop/malayalam/formal-informal/,"noindex, follow",no,NOINDEX,RESEARCH_REQUIRED,737,1,,,0,84,1,0,no,0,yes,no,
malayalam/grammar/index.html,other,Malayalam grammar | EkGuru,https://ekguru.shop/malayalam/grammar/,"noindex, follow",no,NOINDEX,RESEARCH_REQUIRED,790,1,,,0,84,1,0,no,0,yes,no,
malayalam/greetings/index.html,other,Saying hello the Malayalam way | EkGuru,https://ekguru.shop/malayalam/greetings/,"noindex, follow",no,NOINDEX,RESEARCH_REQUIRED,803,1,,,0,83,1,0,no,0,yes,no,
malayalam/heritage/index.html,other,Malayalam for heritage learners | EkGuru,https://ekguru.shop/malayalam/heritage/,"noindex, follow",no,NOINDEX,RESEARCH_REQUIRED,710,1,,,0,84,1,0,no,0,yes,no,
malayalam/how-long/index.html,other,How long does Malayalam take? | EkGuru,https://ekguru.shop/malayalam/how-long/,"noindex, follow",no,NOINDEX,RESEARCH_REQUIRED,715,1,,,0,84,1,0,no,0,yes,no,
malayalam/index.html,other,Learn Malayalam (മലയാളം) | EkGuru,https://ekguru.shop/malayalam/,"noindex, follow",no,NOINDEX,RESEARCH_REQUIRED,946,1,,,0,45,1,0,no,0,yes,no,
malayalam/indian-languages/index.html,other,Malayalam among Indian languages | EkGuru,https://ekguru.shop/malayalam/indian-languages/,"noindex, follow",no,NOINDEX,RESEARCH_REQUIRED,679,1,,,0,84,1,0,no,0,yes,no,
malayalam/listening/index.html,other,Understanding spoken Malayalam | EkGuru,https://ekguru.shop/malayalam/listening/,"noindex, follow",no,NOINDEX,RESEARCH_REQUIRED,729,1,,,0,84,1,0,no,0,yes,no,
malayalam/malayalam-vs-tamil/index.html,other,Malayalam vs Tamil | EkGuru,https://ekguru.shop/malayalam/malayalam-vs-tamil/,"noindex, follow",no,NOINDEX,RESEARCH_REQUIRED,766,1,,,0,84,1,0,no,0,yes,no,
malayalam/mistakes/index.html,other,Mistakes every learner makes in Malayalam | EkGuru,https://ekguru.shop/malayalam/mistakes/,"noindex, follow",no,NOINDEX,RESEARCH_REQUIRED,765,1,,,0,84,1,0,no,0,yes,no,
malayalam/mollywood/index.html,other,Learning from Malayalam cinema | EkGuru,https://ekguru.shop/malayalam/mollywood/,"noindex, follow",no,NOINDEX,RESEARCH_REQUIRED,686,1,,,0,84,1,0,no,0,yes,no,
malayalam/name-topic/index.html,other,Write your name in Malayalam | EkGuru,https://ekguru.shop/malayalam/name-topic/,"noindex, follow",no,NOINDEX,RESEARCH_REQUIRED,742,1,,,0,84,1,0,no,0,yes,no,
malayalam/numbers/index.html,other,Counting in Malayalam | EkGuru,https://ekguru.shop/malayalam/numbers/,"noindex, follow",no,NOINDEX,RESEARCH_REQUIRED,760,1,,,0,84,1,0,no,0,yes,no,
malayalam/phrases-food/index.html,other,Food phrases in Malayalam | EkGuru,https://ekguru.shop/malayalam/phrases-food/,"noindex, follow",no,NOINDEX,RESEARCH_REQUIRED,777,1,,,0,84,1,0,no,0,yes,no,
malayalam/phrases-travel/index.html,other,Travel phrases in Malayalam | EkGuru,https://ekguru.shop/malayalam/phrases-travel/,"noindex, follow",no,NOINDEX,RESEARCH_REQUIRED,723,1,,,0,84,1,0,no,0,yes,no,
malayalam/pronunciation/index.html,other,Malayalam pronunciation | EkGuru,https://ekguru.shop/malayalam/pronunciation/,"noindex, follow",no,NOINDEX,RESEARCH_REQUIRED,803,1,,,0,84,1,0,no,0,yes,no,
malayalam/reading/index.html,other,Reading Malayalam | EkGuru,https://ekguru.shop/malayalam/reading/,"noindex, follow",no,NOINDEX,RESEARCH_REQUIRED,685,1,,,0,84,1,0,no,0,yes,no,
malayalam/relationships/index.html,other,Talking about relationships in Malayalam | EkGuru,https://ekguru.shop/malayalam/relationships/,"noindex, follow",no,NOINDEX,RESEARCH_REQUIRED,692,1,,,0,84,1,0,no,0,yes,no,
malayalam/sentence-structure/index.html,other,Malayalam sentence structure | EkGuru,https://ekguru.shop/malayalam/sentence-structure/,"noindex, follow",no,NOINDEX,RESEARCH_REQUIRED,789,1,,,0,84,1,0,no,0,yes,no,
malayalam/shopping/index.html,other,Shopping and bargaining in Malayalam | EkGuru,https://ekguru.shop/malayalam/shopping/,"noindex, follow",no,NOINDEX,RESEARCH_REQUIRED,752,1,,,0,84,1,0,no,0,yes,no,
malayalam/slang/index.html,other,Malayalam slang | EkGuru,https://ekguru.shop/malayalam/slang/,"noindex, follow",no,NOINDEX,RESEARCH_REQUIRED,700,1,,,0,84,1,0,no,0,yes,no,
malayalam/speaking/index.html,other,Speaking practice in Malayalam | EkGuru,https://ekguru.shop/malayalam/speaking/,"noindex, follow",no,NOINDEX,RESEARCH_REQUIRED,721,1,,,0,84,1,0,no,0,yes,no,
malayalam/time-date/index.html,other,Time and dates in Malayalam | EkGuru,https://ekguru.shop/malayalam/time-date/,"noindex, follow",no,NOINDEX,RESEARCH_REQUIRED,698,1,,,0,84,1,0,no,0,yes,no,
malayalam/verbs/index.html,other,Malayalam verbs | EkGuru,https://ekguru.shop/malayalam/verbs/,"noindex, follow",no,NOINDEX,RESEARCH_REQUIRED,785,1,,,0,84,1,0,no,0,yes,no,
malayalam/vocabulary/index.html,other,Core Malayalam vocabulary | EkGuru,https://ekguru.shop/malayalam/vocabulary/,"noindex, follow",no,NOINDEX,RESEARCH_REQUIRED,739,1,,,0,84,1,0,no,0,yes,no,
malayalam/writing/index.html,other,Writing Malayalam | EkGuru,https://ekguru.shop/malayalam/writing/,"noindex, follow",no,NOINDEX,RESEARCH_REQUIRED,686,1,,,0,84,1,0,no,0,yes,no,
marathi/alphabet/index.html,other,Marathi alphabet | EkGuru,https://ekguru.shop/marathi/alphabet/,"index, follow, max-snippet:-1, max-image-preview:large",yes,PUBLISHED,MEDIUM_CONTENT,731,1,,,0,83,1,0,no,0,yes,no,
marathi/beginners/index.html,other,Marathi for absolute beginners | EkGuru,https://ekguru.shop/marathi/beginners/,"index, follow, max-snippet:-1, max-image-preview:large",yes,PUBLISHED,MEDIUM_CONTENT,687,1,,,0,83,1,0,no,0,yes,no,
marathi/business/index.html,other,Marathi for work and business | EkGuru,https://ekguru.shop/marathi/business/,"index, follow, max-snippet:-1, max-image-preview:large",yes,PUBLISHED,MEDIUM_CONTENT,657,1,,,0,83,1,0,no,0,yes,no,
marathi/conversation/index.html,other,Real Marathi conversation | EkGuru,https://ekguru.shop/marathi/conversation/,"index, follow, max-snippet:-1, max-image-preview:large",yes,PUBLISHED,MEDIUM_CONTENT,680,1,,,0,83,1,0,no,0,yes,no,
marathi/emergency/index.html,other,Emergency Marathi | EkGuru,https://ekguru.shop/marathi/emergency/,"index, follow, max-snippet:-1, max-image-preview:large",yes,PUBLISHED,MEDIUM_CONTENT,706,1,,,0,83,1,0,no,0,yes,no,
marathi/family/index.html,other,Family words in Marathi | EkGuru,https://ekguru.shop/marathi/family/,"index, follow, max-snippet:-1, max-image-preview:large",yes,PUBLISHED,MEDIUM_CONTENT,636,1,,,0,83,1,0,no,0,yes,no,
marathi/flashcards-topic/index.html,other,Flashcards by topic in Marathi | EkGuru,https://ekguru.shop/marathi/flashcards-topic/,"index, follow, max-snippet:-1, max-image-preview:large",yes,PUBLISHED,MEDIUM_CONTENT,653,1,,,0,82,1,0,no,0,yes,no,
marathi/for-kids/index.html,other,Marathi for kids | EkGuru,https://ekguru.shop/marathi/for-kids/,"index, follow, max-snippet:-1, max-image-preview:large",yes,PUBLISHED,MEDIUM_CONTENT,646,1,,,0,83,1,0,no,0,yes,no,
marathi/formal-informal/index.html,other,Formal and informal Marathi | EkGuru,https://ekguru.shop/marathi/formal-informal/,"index, follow, max-snippet:-1, max-image-preview:large",yes,PUBLISHED,MEDIUM_CONTENT,732,1,,,0,83,1,0,no,0,yes,no,
marathi/grammar/index.html,other,"Marathi grammar, plainly explained | EkGuru",https://ekguru.shop/marathi/grammar/,"index, follow, max-snippet:-1, max-image-preview:large",yes,PUBLISHED,MEDIUM_CONTENT,697,1,,,0,83,1,0,no,0,yes,no,
marathi/greetings/index.html,other,Saying hello the Marathi way | EkGuru,https://ekguru.shop/marathi/greetings/,"index, follow, max-snippet:-1, max-image-preview:large",yes,PUBLISHED,MEDIUM_CONTENT,722,1,,,0,82,1,0,no,0,yes,no,
marathi/heritage/index.html,other,Marathi for heritage learners | EkGuru,https://ekguru.shop/marathi/heritage/,"index, follow, max-snippet:-1, max-image-preview:large",yes,PUBLISHED,MEDIUM_CONTENT,690,1,,,0,83,1,0,no,0,yes,no,
marathi/how-long/index.html,other,How long does Marathi take? | EkGuru,https://ekguru.shop/marathi/how-long/,"index, follow, max-snippet:-1, max-image-preview:large",yes,PUBLISHED,MEDIUM_CONTENT,690,1,,,0,83,1,0,no,0,yes,no,
marathi/index.html,other,Learn Marathi (मराठी) | EkGuru,https://ekguru.shop/learn/marathi/,"noindex, follow",no,NOINDEX,RESEARCH_REQUIRED,915,1,,,0,45,1,0,no,0,yes,no,
marathi/indian-languages/index.html,other,Marathi among Indian languages | EkGuru,https://ekguru.shop/marathi/indian-languages/,"index, follow, max-snippet:-1, max-image-preview:large",yes,PUBLISHED,MEDIUM_CONTENT,650,1,,,0,83,1,0,no,0,yes,no,
marathi/listening/index.html,other,Understanding spoken Marathi | EkGuru,https://ekguru.shop/marathi/listening/,"index, follow, max-snippet:-1, max-image-preview:large",yes,PUBLISHED,MEDIUM_CONTENT,718,1,,,0,83,1,0,no,0,yes,no,
marathi/marathi-cinema/index.html,other,Learning from Marathi cinema | EkGuru,https://ekguru.shop/marathi/marathi-cinema/,"index, follow, max-snippet:-1, max-image-preview:large",yes,PUBLISHED,MEDIUM_CONTENT,661,1,,,0,83,1,0,no,0,yes,no,
marathi/marathi-vs-hindi/index.html,other,Marathi vs Hindi | EkGuru,https://ekguru.shop/marathi/marathi-vs-hindi/,"index, follow, max-snippet:-1, max-image-preview:large",yes,PUBLISHED,MEDIUM_CONTENT,714,1,,,0,83,1,0,no,0,yes,no,
marathi/mistakes/index.html,other,Mistakes every learner makes in Marathi | EkGuru,https://ekguru.shop/marathi/mistakes/,"index, follow, max-snippet:-1, max-image-preview:large",yes,PUBLISHED,MEDIUM_CONTENT,753,1,,,0,83,1,0,no,0,yes,no,
marathi/name-topic/index.html,other,Write your name in Marathi | EkGuru,https://ekguru.shop/marathi/name-topic/,"index, follow, max-snippet:-1, max-image-preview:large",yes,PUBLISHED,MEDIUM_CONTENT,709,1,,,0,83,1,0,no,0,yes,no,
marathi/numbers/index.html,other,Counting in Marathi | EkGuru,https://ekguru.shop/marathi/numbers/,"index, follow, max-snippet:-1, max-image-preview:large",yes,PUBLISHED,MEDIUM_CONTENT,657,1,,,0,83,1,0,no,0,yes,no,
marathi/phrases-food/index.html,other,Food phrases in Marathi | EkGuru,https://ekguru.shop/marathi/phrases-food/,"index, follow, max-snippet:-1, max-image-preview:large",yes,PUBLISHED,MEDIUM_CONTENT,688,1,,,0,83,1,0,no,0,yes,no,
marathi/phrases-travel/index.html,other,Travel phrases in Marathi | EkGuru,https://ekguru.shop/marathi/phrases-travel/,"index, follow, max-snippet:-1, max-image-preview:large",yes,PUBLISHED,MEDIUM_CONTENT,636,1,,,0,83,1,0,no,0,yes,no,
marathi/pronunciation/index.html,other,Marathi pronunciation | EkGuru,https://ekguru.shop/marathi/pronunciation/,"index, follow, max-snippet:-1, max-image-preview:large",yes,PUBLISHED,MEDIUM_CONTENT,674,1,,,0,83,1,0,no,0,yes,no,
marathi/reading/index.html,other,Reading Marathi | EkGuru,https://ekguru.shop/marathi/reading/,"index, follow, max-snippet:-1, max-image-preview:large",yes,PUBLISHED,MEDIUM_CONTENT,660,1,,,0,83,1,0,no,0,yes,no,
marathi/relationships/index.html,other,Talking about relationships in Marathi | EkGuru,https://ekguru.shop/marathi/relationships/,"index, follow, max-snippet:-1, max-image-preview:large",yes,PUBLISHED,MEDIUM_CONTENT,672,1,,,0,83,1,0,no,0,yes,no,
marathi/sentence-structure/index.html,other,Marathi sentence structure | EkGuru,https://ekguru.shop/marathi/sentence-structure/,"index, follow, max-snippet:-1, max-image-preview:large",yes,PUBLISHED,MEDIUM_CONTENT,785,1,,,0,83,1,0,no,0,yes,no,
marathi/shopping/index.html,other,Shopping and bargaining in Marathi | EkGuru,https://ekguru.shop/marathi/shopping/,"index, follow, max-snippet:-1, max-image-preview:large",yes,PUBLISHED,MEDIUM_CONTENT,739,1,,,0,83,1,0,no,0,yes,no,
marathi/slang/index.html,other,Marathi slang | EkGuru,https://ekguru.shop/marathi/slang/,"index, follow, max-snippet:-1, max-image-preview:large",yes,PUBLISHED,MEDIUM_CONTENT,694,1,,,0,83,1,0,no,0,yes,no,
marathi/speaking/index.html,other,Speaking practice in Marathi | EkGuru,https://ekguru.shop/marathi/speaking/,"index, follow, max-snippet:-1, max-image-preview:large",yes,PUBLISHED,MEDIUM_CONTENT,699,1,,,0,83,1,0,no,0,yes,no,
marathi/time-date/index.html,other,Time and dates in Marathi | EkGuru,https://ekguru.shop/marathi/time-date/,"index, follow, max-snippet:-1, max-image-preview:large",yes,PUBLISHED,MEDIUM_CONTENT,634,1,,,0,83,1,0,no,0,yes,no,
marathi/verbs/index.html,other,Marathi verbs | EkGuru,https://ekguru.shop/marathi/verbs/,"index, follow, max-snippet:-1, max-image-preview:large",yes,PUBLISHED,MEDIUM_CONTENT,702,1,,,0,83,1,0,no,0,yes,no,
marathi/vocabulary/index.html,other,Core Marathi vocabulary | EkGuru,https://ekguru.shop/marathi/vocabulary/,"index, follow, max-snippet:-1, max-image-preview:large",yes,PUBLISHED,MEDIUM_CONTENT,642,1,,,0,83,1,0,no,0,yes,no,
marathi/writing/index.html,other,Writing Marathi | EkGuru,https://ekguru.shop/marathi/writing/,"index, follow, max-snippet:-1, max-image-preview:large",yes,PUBLISHED,MEDIUM_CONTENT,664,1,,,0,83,1,0,no,0,yes,no,
materials/alphabet/devanagari-chart/index.html,other,Devanagari Vowels & Consonants — Quick Chart | EkGuru,https://ekguru.shop/materials/alphabet/devanagari-chart/,"index, follow, max-snippet:-1, max-image-preview:large",yes,PUBLISHED,HIGH_CONTENT,893,1,,,0,51,1,0,no,0,yes,yes,
materials/beginner/reading-guide/index.html,other,Reading Devanagari in a Week — A Practical Plan | EkGuru,https://ekguru.shop/materials/beginner/reading-guide/,"index, follow, max-snippet:-1, max-image-preview:large",yes,PUBLISHED,HIGH_CONTENT,820,1,,,0,52,1,0,no,0,yes,yes,
materials/conversation/polite-vs-casual/index.html,other,"Polite vs Casual — Aap, Tum, Tu in Practice | EkGuru",https://ekguru.shop/materials/conversation/polite-vs-casual/,"index, follow, max-snippet:-1, max-image-preview:large",yes,PUBLISHED,HIGH_CONTENT,728,1,,,0,51,1,0,no,0,yes,yes,
materials/family/family-words-quick-ref/index.html,other,Family Words Quick Reference | EkGuru,https://ekguru.shop/materials/family/family-words-quick-ref/,"index, follow, max-snippet:-1, max-image-preview:large",yes,PUBLISHED,HIGH_CONTENT,720,1,,,0,51,1,0,no,0,yes,yes,
materials/grammar/beginner-grammar-reference/index.html,other,Beginner Grammar Reference — One Page | EkGuru,https://ekguru.shop/materials/grammar/beginner-grammar-reference/,"index, follow, max-snippet:-1, max-image-preview:large",yes,PUBLISHED,HIGH_CONTENT,777,1,,,0,52,1,0,no,0,yes,yes,
materials/grammar/postpositions/index.html,other,"Hindi Postpositions — ka, ko, se, meṃ, par | EkGuru",https://ekguru.shop/materials/grammar/postpositions/,"index, follow, max-snippet:-1, max-image-preview:large",yes,PUBLISHED,HIGH_CONTENT,754,1,,,0,51,1,0,no,0,yes,yes,
materials/grammar/sentence-patterns/index.html,other,Sentence Patterns That Cover Most of What You Say | EkGuru,https://ekguru.shop/materials/grammar/sentence-patterns/,"index, follow, max-snippet:-1, max-image-preview:large",yes,PUBLISHED,HIGH_CONTENT,839,1,,,0,52,1,0,no,0,yes,yes,
materials/index.html,other,"Hindi Learning Materials — Charts, Worksheets & Qu | EkGuru",https://ekguru.shop/materials/,"index, follow, max-snippet:-1, max-image-preview:large",yes,PUBLISHED,HIGH_CONTENT,969,1,,,0,45,1,0,no,0,yes,yes,
materials/pronunciation/pronunciation-guide/index.html,other,Hindi Sounds English Speakers Get Wrong | EkGuru,https://ekguru.shop/materials/pronunciation/pronunciation-guide/,"index, follow, max-snippet:-1, max-image-preview:large",yes,PUBLISHED,HIGH_CONTENT,894,1,,,0,51,1,0,no,0,yes,yes,
materials/reading/reading-practice/index.html,other,First Reading Practice — Short Paragraphs | EkGuru,https://ekguru.shop/materials/reading/reading-practice/,"index, follow, max-snippet:-1, max-image-preview:large",yes,PUBLISHED,HIGH_CONTENT,887,1,,,0,51,1,0,no,0,yes,yes,
materials/revision/mistakes-checklist/index.html,other,The Mistakes Every Learner Makes — A Checklist | EkGuru,https://ekguru.shop/materials/revision/mistakes-checklist/,"index, follow, max-snippet:-1, max-image-preview:large",yes,PUBLISHED,HIGH_CONTENT,775,1,,,0,51,1,0,no,0,yes,yes,
materials/travel/restaurant-shopping-transport/index.html,other,"Restaurant, Shopping & Transport Phrases | EkGuru",https://ekguru.shop/materials/travel/restaurant-shopping-transport/,"index, follow, max-snippet:-1, max-image-preview:large",yes,PUBLISHED,HIGH_CONTENT,723,1,,,0,51,1,0,no,0,yes,yes,
materials/verbs/essential-verbs/index.html,other,25 Essential Hindi Verbs — With Their Present Forms | EkGuru,https://ekguru.shop/materials/verbs/essential-verbs/,"index, follow, max-snippet:-1, max-image-preview:large",yes,PUBLISHED,HIGH_CONTENT,865,1,,,0,52,1,0,no,0,yes,yes,
materials/vocabulary/100-essential-words/index.html,other,100 Essential Hindi Words — Grouped to Memorise | EkGuru,https://ekguru.shop/materials/vocabulary/100-essential-words/,"index, follow, max-snippet:-1, max-image-preview:large",yes,PUBLISHED,HIGH_CONTENT,953,1,,,0,53,1,0,no,0,yes,yes,
materials/work/work-phrases/index.html,other,Work & Courtesy Phrases | EkGuru,https://ekguru.shop/materials/work/work-phrases/,"index, follow, max-snippet:-1, max-image-preview:large",yes,PUBLISHED,HIGH_CONTENT,713,1,,,0,51,1,0,no,0,yes,yes,
materials/writing/writing-practice/index.html,other,Writing Practice — Form the Letters Yourself | EkGuru,https://ekguru.shop/materials/writing/writing-practice/,"index, follow, max-snippet:-1, max-image-preview:large",yes,PUBLISHED,HIGH_CONTENT,808,1,,,0,52,1,0,no,0,yes,yes,
monetization-disclosure/index.html,legal,Monetization Disclosure | EkGuru,https://ekguru.shop/monetization-disclosure/,"index, follow, max-snippet:-1, max-image-preview:large",yes,PUBLISHED,MEDIUM_CONTENT,489,1,,,0,43,1,0,no,0,no,no,
name-in-hindi/index.html,interactive-tool,Write Your Name in Hindi — Free Tool | EkGuru,https://ekguru.shop/name-in-hindi/,"index, follow, max-snippet:-1, max-image-preview:large",yes,PUBLISHED,MEDIUM_CONTENT,1117,1,,,0,56,1,0,no,0,yes,yes,
pl/hindi/index.html,other,Nauka hindi — kompletny przewodnik | EkGuru,https://ekguru.shop/pl/hindi/,"index, follow, max-snippet:-1, max-image-preview:large",yes,PUBLISHED,MEDIUM_CONTENT,900,1,,,0,59,13,0,no,0,yes,yes,
privacy/index.html,legal,Privacy Policy — What EkGuru Does and Does Not… | EkGuru,https://ekguru.shop/privacy/,"index, follow, max-snippet:-1, max-image-preview:large",yes,PUBLISHED,UTILITY,974,1,,,0,40,6,0,no,0,yes,yes,
pt/find-tutors.html,other,Encontre um professor de hindi online | EkGuru,https://ekguru.shop/pt/find-tutors.html,"index, follow, max-snippet:-1, max-image-preview:large",yes,PUBLISHED,MEDIUM_CONTENT,506,1,,,0,39,16,0,no,0,yes,yes,
pt/hindi/index.html,other,Aprender hindi online — guia completo | EkGuru,https://ekguru.shop/pt/hindi/,"index, follow, max-snippet:-1, max-image-preview:large",yes,PUBLISHED,MEDIUM_CONTENT,922,1,,,0,60,13,0,no,0,yes,yes,
pt/index.html,other,Aprenda hindi online com professor particular | EkGuru,https://ekguru.shop/pt/,"index, follow, max-snippet:-1, max-image-preview:large",yes,PUBLISHED,MEDIUM_CONTENT,588,1,,,0,65,16,0,no,0,yes,yes,
pt/join.html,other,Seja professor de hindi — Ensine na EkGuru,https://ekguru.shop/pt/join.html,"index, follow, max-snippet:-1, max-image-preview:large",yes,PUBLISHED,MEDIUM_CONTENT,516,1,,,0,32,16,0,no,0,yes,yes,
punjabi/alphabet/index.html,other,Punjabi alphabet | EkGuru,https://ekguru.shop/punjabi/alphabet/,"index, follow, max-snippet:-1, max-image-preview:large",yes,PUBLISHED,MEDIUM_CONTENT,725,1,,,0,83,1,0,no,0,yes,no,
punjabi/beginners/index.html,other,Punjabi for absolute beginners | EkGuru,https://ekguru.shop/punjabi/beginners/,"index, follow, max-snippet:-1, max-image-preview:large",yes,PUBLISHED,MEDIUM_CONTENT,697,1,,,0,83,1,0,no,0,yes,no,
punjabi/business/index.html,other,Punjabi for work and business | EkGuru,https://ekguru.shop/punjabi/business/,"index, follow, max-snippet:-1, max-image-preview:large",yes,PUBLISHED,MEDIUM_CONTENT,664,1,,,0,83,1,0,no,0,yes,no,
punjabi/conversation/index.html,other,Real Punjabi conversation | EkGuru,https://ekguru.shop/punjabi/conversation/,"index, follow, max-snippet:-1, max-image-preview:large",yes,PUBLISHED,MEDIUM_CONTENT,698,1,,,0,83,1,0,no,0,yes,no,
punjabi/emergency/index.html,other,Emergency Punjabi | EkGuru,https://ekguru.shop/punjabi/emergency/,"index, follow, max-snippet:-1, max-image-preview:large",yes,PUBLISHED,MEDIUM_CONTENT,717,1,,,0,83,1,0,no,0,yes,no,
punjabi/family/index.html,other,Family words in Punjabi | EkGuru,https://ekguru.shop/punjabi/family/,"index, follow, max-snippet:-1, max-image-preview:large",yes,PUBLISHED,MEDIUM_CONTENT,642,1,,,0,83,1,0,no,0,yes,no,
punjabi/flashcards-topic/index.html,other,Flashcards by topic in Punjabi | EkGuru,https://ekguru.shop/punjabi/flashcards-topic/,"index, follow, max-snippet:-1, max-image-preview:large",yes,PUBLISHED,MEDIUM_CONTENT,652,1,,,0,82,1,0,no,0,yes,no,
punjabi/for-kids/index.html,other,Punjabi for kids | EkGuru,https://ekguru.shop/punjabi/for-kids/,"index, follow, max-snippet:-1, max-image-preview:large",yes,PUBLISHED,MEDIUM_CONTENT,650,1,,,0,83,1,0,no,0,yes,no,
punjabi/formal-informal/index.html,other,Formal and informal Punjabi | EkGuru,https://ekguru.shop/punjabi/formal-informal/,"index, follow, max-snippet:-1, max-image-preview:large",yes,PUBLISHED,MEDIUM_CONTENT,732,1,,,0,83,1,0,no,0,yes,no,
punjabi/grammar/index.html,other,"Punjabi grammar, plainly explained | EkGuru",https://ekguru.shop/punjabi/grammar/,"index, follow, max-snippet:-1, max-image-preview:large",yes,PUBLISHED,MEDIUM_CONTENT,692,1,,,0,83,1,0,no,0,yes,no,
punjabi/greetings/index.html,other,Saying hello the Punjabi way | EkGuru,https://ekguru.shop/punjabi/greetings/,"index, follow, max-snippet:-1, max-image-preview:large",yes,PUBLISHED,MEDIUM_CONTENT,749,1,,,0,82,1,0,no,0,yes,no,
punjabi/heritage/index.html,other,Punjabi for heritage learners | EkGuru,https://ekguru.shop/punjabi/heritage/,"index, follow, max-snippet:-1, max-image-preview:large",yes,PUBLISHED,MEDIUM_CONTENT,712,1,,,0,83,1,0,no,0,yes,no,
punjabi/how-long/index.html,other,How long does Punjabi take? | EkGuru,https://ekguru.shop/punjabi/how-long/,"index, follow, max-snippet:-1, max-image-preview:large",yes,PUBLISHED,MEDIUM_CONTENT,694,1,,,0,83,1,0,no,0,yes,no,
punjabi/index.html,other,Learn Punjabi (ਪੰਜਾਬੀ) | EkGuru,https://ekguru.shop/learn/punjabi/,"noindex, follow",no,NOINDEX,RESEARCH_REQUIRED,930,1,,,0,45,1,0,no,0,yes,no,
punjabi/indian-languages/index.html,other,Punjabi among Indian languages | EkGuru,https://ekguru.shop/punjabi/indian-languages/,"index, follow, max-snippet:-1, max-image-preview:large",yes,PUBLISHED,MEDIUM_CONTENT,643,1,,,0,83,1,0,no,0,yes,no,
punjabi/listening/index.html,other,Understanding spoken Punjabi | EkGuru,https://ekguru.shop/punjabi/listening/,"index, follow, max-snippet:-1, max-image-preview:large",yes,PUBLISHED,MEDIUM_CONTENT,720,1,,,0,83,1,0,no,0,yes,no,
punjabi/mistakes/index.html,other,Mistakes every learner makes in Punjabi | EkGuru,https://ekguru.shop/punjabi/mistakes/,"index, follow, max-snippet:-1, max-image-preview:large",yes,PUBLISHED,MEDIUM_CONTENT,755,1,,,0,83,1,0,no,0,yes,no,
punjabi/name-topic/index.html,other,Write your name in Punjabi | EkGuru,https://ekguru.shop/punjabi/name-topic/,"index, follow, max-snippet:-1, max-image-preview:large",yes,PUBLISHED,MEDIUM_CONTENT,725,1,,,0,83,1,0,no,0,yes,no,
punjabi/numbers/index.html,other,Counting in Punjabi | EkGuru,https://ekguru.shop/punjabi/numbers/,"index, follow, max-snippet:-1, max-image-preview:large",yes,PUBLISHED,MEDIUM_CONTENT,655,1,,,0,83,1,0,no,0,yes,no,
punjabi/phrases-food/index.html,other,Food phrases in Punjabi | EkGuru,https://ekguru.shop/punjabi/phrases-food/,"index, follow, max-snippet:-1, max-image-preview:large",yes,PUBLISHED,MEDIUM_CONTENT,695,1,,,0,83,1,0,no,0,yes,no,
punjabi/phrases-travel/index.html,other,Travel phrases in Punjabi | EkGuru,https://ekguru.shop/punjabi/phrases-travel/,"index, follow, max-snippet:-1, max-image-preview:large",yes,PUBLISHED,MEDIUM_CONTENT,645,1,,,0,83,1,0,no,0,yes,no,
punjabi/pollywood/index.html,other,Learning from Punjabi cinema | EkGuru,https://ekguru.shop/punjabi/pollywood/,"index, follow, max-snippet:-1, max-image-preview:large",yes,PUBLISHED,MEDIUM_CONTENT,666,1,,,0,83,1,0,no,0,yes,no,
punjabi/pronunciation/index.html,other,Punjabi pronunciation | EkGuru,https://ekguru.shop/punjabi/pronunciation/,"index, follow, max-snippet:-1, max-image-preview:large",yes,PUBLISHED,MEDIUM_CONTENT,684,1,,,0,83,1,0,no,0,yes,no,
punjabi/punjabi-vs-hindi/index.html,other,Punjabi vs Hindi | EkGuru,https://ekguru.shop/punjabi/punjabi-vs-hindi/,"index, follow, max-snippet:-1, max-image-preview:large",yes,PUBLISHED,MEDIUM_CONTENT,710,1,,,0,83,1,0,no,0,yes,no,
punjabi/reading/index.html,other,Reading Punjabi | EkGuru,https://ekguru.shop/punjabi/reading/,"index, follow, max-snippet:-1, max-image-preview:large",yes,PUBLISHED,MEDIUM_CONTENT,660,1,,,0,83,1,0,no,0,yes,no,
punjabi/relationships/index.html,other,Talking about relationships in Punjabi | EkGuru,https://ekguru.shop/punjabi/relationships/,"index, follow, max-snippet:-1, max-image-preview:large",yes,PUBLISHED,MEDIUM_CONTENT,675,1,,,0,83,1,0,no,0,yes,no,
punjabi/sentence-structure/index.html,other,Punjabi sentence structure | EkGuru,https://ekguru.shop/punjabi/sentence-structure/,"index, follow, max-snippet:-1, max-image-preview:large",yes,PUBLISHED,MEDIUM_CONTENT,811,1,,,0,83,1,0,no,0,yes,no,
punjabi/shopping/index.html,other,Shopping and bargaining in Punjabi | EkGuru,https://ekguru.shop/punjabi/shopping/,"index, follow, max-snippet:-1, max-image-preview:large",yes,PUBLISHED,MEDIUM_CONTENT,743,1,,,0,83,1,0,no,0,yes,no,
punjabi/slang/index.html,other,Punjabi slang | EkGuru,https://ekguru.shop/punjabi/slang/,"index, follow, max-snippet:-1, max-image-preview:large",yes,PUBLISHED,MEDIUM_CONTENT,723,1,,,0,83,1,0,no,0,yes,no,
punjabi/speaking/index.html,other,Speaking practice in Punjabi | EkGuru,https://ekguru.shop/punjabi/speaking/,"index, follow, max-snippet:-1, max-image-preview:large",yes,PUBLISHED,MEDIUM_CONTENT,702,1,,,0,83,1,0,no,0,yes,no,
punjabi/time-date/index.html,other,Time and dates in Punjabi | EkGuru,https://ekguru.shop/punjabi/time-date/,"index, follow, max-snippet:-1, max-image-preview:large",yes,PUBLISHED,MEDIUM_CONTENT,642,1,,,0,83,1,0,no,0,yes,no,
punjabi/verbs/index.html,other,Punjabi verbs | EkGuru,https://ekguru.shop/punjabi/verbs/,"index, follow, max-snippet:-1, max-image-preview:large",yes,PUBLISHED,MEDIUM_CONTENT,712,1,,,0,83,1,0,no,0,yes,no,
punjabi/vocabulary/index.html,other,Core Punjabi vocabulary | EkGuru,https://ekguru.shop/punjabi/vocabulary/,"index, follow, max-snippet:-1, max-image-preview:large",yes,PUBLISHED,MEDIUM_CONTENT,641,1,,,0,83,1,0,no,0,yes,no,
punjabi/writing/index.html,other,Writing Punjabi | EkGuru,https://ekguru.shop/punjabi/writing/,"index, follow, max-snippet:-1, max-image-preview:large",yes,PUBLISHED,MEDIUM_CONTENT,661,1,,,0,83,1,0,no,0,yes,no,
ru/hindi/index.html,other,Изучение хинди — полное руководство | EkGuru,https://ekguru.shop/ru/hindi/,"index, follow, max-snippet:-1, max-image-preview:large",yes,PUBLISHED,MEDIUM_CONTENT,891,1,,,0,59,13,0,no,0,yes,yes,
search/index.html,utility,"Search every Hindi lesson, tool and tutor | EkGuru",https://ekguru.shop/search/,"noindex, follow",no,NOINDEX,RESEARCH_REQUIRED,493,1,,,0,54,1,0,no,0,yes,yes,
start/index.html,other,Find your starting point — a rule-based plan | EkGuru,https://ekguru.shop/start/,"index, follow, max-snippet:-1, max-image-preview:large",yes,PUBLISHED,MEDIUM_CONTENT,542,1,,,0,41,1,0,no,0,yes,no,
support/index.html,payment,Support EkGuru — one-time contribution via Razorpay | EkGuru,https://ekguru.shop/support/,"index, follow, max-snippet:-1, max-image-preview:large",yes,PUBLISHED,TRANSACTIONAL,566,1,,,0,44,2,0,no,0,yes,yes,
tamil/alphabet/index.html,other,Tamil alphabet | EkGuru,https://ekguru.shop/tamil/alphabet/,"index, follow, max-snippet:-1, max-image-preview:large",yes,PUBLISHED,MEDIUM_CONTENT,803,1,,,0,83,1,0,no,0,yes,no,
tamil/beginners/index.html,other,Tamil for absolute beginners | EkGuru,https://ekguru.shop/tamil/beginners/,"index, follow, max-snippet:-1, max-image-preview:large",yes,PUBLISHED,MEDIUM_CONTENT,742,1,,,0,83,1,0,no,0,yes,no,
tamil/business/index.html,other,Tamil for work and business | EkGuru,https://ekguru.shop/tamil/business/,"index, follow, max-snippet:-1, max-image-preview:large",yes,PUBLISHED,MEDIUM_CONTENT,660,1,,,0,83,1,0,no,0,yes,no,
tamil/conversation/index.html,other,Real Tamil conversation | EkGuru,https://ekguru.shop/tamil/conversation/,"index, follow, max-snippet:-1, max-image-preview:large",yes,PUBLISHED,MEDIUM_CONTENT,821,1,,,0,83,1,0,no,0,yes,no,
tamil/emergency/index.html,other,Emergency Tamil | EkGuru,https://ekguru.shop/tamil/emergency/,"index, follow, max-snippet:-1, max-image-preview:large",yes,PUBLISHED,MEDIUM_CONTENT,685,1,,,0,83,1,0,no,0,yes,no,
tamil/family/index.html,other,Family words in Tamil | EkGuru,https://ekguru.shop/tamil/family/,"index, follow, max-snippet:-1, max-image-preview:large",yes,PUBLISHED,MEDIUM_CONTENT,735,1,,,0,83,1,0,no,0,yes,no,
tamil/flashcards-topic/index.html,other,Flashcards by topic in Tamil | EkGuru,https://ekguru.shop/tamil/flashcards-topic/,"index, follow, max-snippet:-1, max-image-preview:large",yes,PUBLISHED,MEDIUM_CONTENT,651,1,,,0,82,1,0,no,0,yes,no,
tamil/for-kids/index.html,other,Tamil for kids | EkGuru,https://ekguru.shop/tamil/for-kids/,"index, follow, max-snippet:-1, max-image-preview:large",yes,PUBLISHED,MEDIUM_CONTENT,642,1,,,0,83,1,0,no,0,yes,no,
tamil/formal-informal/index.html,other,Formal and informal Tamil | EkGuru,https://ekguru.shop/tamil/formal-informal/,"index, follow, max-snippet:-1, max-image-preview:large",yes,PUBLISHED,MEDIUM_CONTENT,723,1,,,0,83,1,0,no,0,yes,no,
tamil/grammar/index.html,other,Tamil grammar | EkGuru,https://ekguru.shop/tamil/grammar/,"index, follow, max-snippet:-1, max-image-preview:large",yes,PUBLISHED,MEDIUM_CONTENT,768,1,,,0,83,1,0,no,0,yes,no,
tamil/greetings/index.html,other,Saying hello the Tamil way | EkGuru,https://ekguru.shop/tamil/greetings/,"index, follow, max-snippet:-1, max-image-preview:large",yes,PUBLISHED,MEDIUM_CONTENT,796,1,,,0,82,1,0,no,0,yes,no,
tamil/heritage/index.html,other,Tamil for heritage learners | EkGuru,https://ekguru.shop/tamil/heritage/,"index, follow, max-snippet:-1, max-image-preview:large",yes,PUBLISHED,MEDIUM_CONTENT,691,1,,,0,83,1,0,no,0,yes,no,
tamil/how-long/index.html,other,How long does Tamil take? | EkGuru,https://ekguru.shop/tamil/how-long/,"index, follow, max-snippet:-1, max-image-preview:large",yes,PUBLISHED,MEDIUM_CONTENT,691,1,,,0,83,1,0,no,0,yes,no,
tamil/index.html,other,Learn Tamil (தமிழ்) | EkGuru,https://ekguru.shop/learn/tamil/,"noindex, follow",no,NOINDEX,RESEARCH_REQUIRED,949,1,,,0,45,1,0,no,0,yes,no,
tamil/indian-languages/index.html,other,Tamil among Indian languages | EkGuru,https://ekguru.shop/tamil/indian-languages/,"index, follow, max-snippet:-1, max-image-preview:large",yes,PUBLISHED,MEDIUM_CONTENT,664,1,,,0,83,1,0,no,0,yes,no,
tamil/kollywood/index.html,other,Learning from Tamil cinema | EkGuru,https://ekguru.shop/tamil/kollywood/,"index, follow, max-snippet:-1, max-image-preview:large",yes,PUBLISHED,MEDIUM_CONTENT,663,1,,,0,83,1,0,no,0,yes,no,
tamil/listening/index.html,other,Understanding spoken Tamil | EkGuru,https://ekguru.shop/tamil/listening/,"index, follow, max-snippet:-1, max-image-preview:large",yes,PUBLISHED,MEDIUM_CONTENT,709,1,,,0,83,1,0,no,0,yes,no,
tamil/mistakes/index.html,other,Mistakes every learner makes in Tamil | EkGuru,https://ekguru.shop/tamil/mistakes/,"index, follow, max-snippet:-1, max-image-preview:large",yes,PUBLISHED,MEDIUM_CONTENT,744,1,,,0,83,1,0,no,0,yes,no,
tamil/name-topic/index.html,other,Write your name in Tamil | EkGuru,https://ekguru.shop/tamil/name-topic/,"index, follow, max-snippet:-1, max-image-preview:large",yes,PUBLISHED,MEDIUM_CONTENT,713,1,,,0,83,1,0,no,0,yes,no,
tamil/numbers/index.html,other,Counting in Tamil | EkGuru,https://ekguru.shop/tamil/numbers/,"index, follow, max-snippet:-1, max-image-preview:large",yes,PUBLISHED,MEDIUM_CONTENT,774,1,,,0,83,1,0,no,0,yes,no,
tamil/phrases-food/index.html,other,Food phrases in Tamil | EkGuru,https://ekguru.shop/tamil/phrases-food/,"index, follow, max-snippet:-1, max-image-preview:large",yes,PUBLISHED,MEDIUM_CONTENT,762,1,,,0,83,1,0,no,0,yes,no,
tamil/phrases-travel/index.html,other,Travel phrases in Tamil | EkGuru,https://ekguru.shop/tamil/phrases-travel/,"index, follow, max-snippet:-1, max-image-preview:large",yes,PUBLISHED,MEDIUM_CONTENT,709,1,,,0,83,1,0,no,0,yes,no,
tamil/pronunciation/index.html,other,Tamil pronunciation | EkGuru,https://ekguru.shop/tamil/pronunciation/,"index, follow, max-snippet:-1, max-image-preview:large",yes,PUBLISHED,MEDIUM_CONTENT,814,1,,,0,83,1,0,no,0,yes,no,
tamil/reading/index.html,other,Reading Tamil | EkGuru,https://ekguru.shop/tamil/reading/,"index, follow, max-snippet:-1, max-image-preview:large",yes,PUBLISHED,MEDIUM_CONTENT,663,1,,,0,83,1,0,no,0,yes,no,
tamil/relationships/index.html,other,Talking about relationships in Tamil | EkGuru,https://ekguru.shop/tamil/relationships/,"index, follow, max-snippet:-1, max-image-preview:large",yes,PUBLISHED,MEDIUM_CONTENT,669,1,,,0,83,1,0,no,0,yes,no,
tamil/sentence-structure/index.html,other,Tamil sentence structure | EkGuru,https://ekguru.shop/tamil/sentence-structure/,"index, follow, max-snippet:-1, max-image-preview:large",yes,PUBLISHED,MEDIUM_CONTENT,761,1,,,0,83,1,0,no,0,yes,no,
tamil/shopping/index.html,other,Shopping and bargaining in Tamil | EkGuru,https://ekguru.shop/tamil/shopping/,"index, follow, max-snippet:-1, max-image-preview:large",yes,PUBLISHED,MEDIUM_CONTENT,735,1,,,0,83,1,0,no,0,yes,no,
tamil/slang/index.html,other,Tamil slang | EkGuru,https://ekguru.shop/tamil/slang/,"index, follow, max-snippet:-1, max-image-preview:large",yes,PUBLISHED,MEDIUM_CONTENT,678,1,,,0,83,1,0,no,0,yes,no,
tamil/speaking/index.html,other,Speaking practice in Tamil | EkGuru,https://ekguru.shop/tamil/speaking/,"index, follow, max-snippet:-1, max-image-preview:large",yes,PUBLISHED,MEDIUM_CONTENT,698,1,,,0,83,1,0,no,0,yes,no,
tamil/tamil-vs-malayalam/index.html,other,Tamil vs Malayalam | EkGuru,https://ekguru.shop/tamil/tamil-vs-malayalam/,"noindex, follow",no,NOINDEX,RESEARCH_REQUIRED,742,1,,,0,83,1,0,no,0,yes,no,
tamil/time-date/index.html,other,Time and dates in Tamil | EkGuru,https://ekguru.shop/tamil/time-date/,"index, follow, max-snippet:-1, max-image-preview:large",yes,PUBLISHED,MEDIUM_CONTENT,692,1,,,0,83,1,0,no,0,yes,no,
tamil/verbs/index.html,other,Tamil verbs | EkGuru,https://ekguru.shop/tamil/verbs/,"index, follow, max-snippet:-1, max-image-preview:large",yes,PUBLISHED,MEDIUM_CONTENT,768,1,,,0,83,1,0,no,0,yes,no,
tamil/vocabulary/index.html,other,Core Tamil vocabulary | EkGuru,https://ekguru.shop/tamil/vocabulary/,"index, follow, max-snippet:-1, max-image-preview:large",yes,PUBLISHED,MEDIUM_CONTENT,719,1,,,0,83,1,0,no,0,yes,no,
tamil/writing/index.html,other,Writing Tamil | EkGuru,https://ekguru.shop/tamil/writing/,"index, follow, max-snippet:-1, max-image-preview:large",yes,PUBLISHED,MEDIUM_CONTENT,660,1,,,0,83,1,0,no,0,yes,no,
telugu/alphabet/index.html,other,Telugu alphabet | EkGuru,https://ekguru.shop/telugu/alphabet/,"index, follow, max-snippet:-1, max-image-preview:large",yes,PUBLISHED,MEDIUM_CONTENT,778,1,,,0,83,1,0,no,0,yes,no,
telugu/beginners/index.html,other,Telugu for absolute beginners | EkGuru,https://ekguru.shop/telugu/beginners/,"index, follow, max-snippet:-1, max-image-preview:large",yes,PUBLISHED,MEDIUM_CONTENT,738,1,,,0,83,1,0,no,0,yes,no,
telugu/business/index.html,other,Telugu for work and business | EkGuru,https://ekguru.shop/telugu/business/,"index, follow, max-snippet:-1, max-image-preview:large",yes,PUBLISHED,MEDIUM_CONTENT,655,1,,,0,83,1,0,no,0,yes,no,
telugu/conversation/index.html,other,Real Telugu conversation | EkGuru,https://ekguru.shop/telugu/conversation/,"index, follow, max-snippet:-1, max-image-preview:large",yes,PUBLISHED,MEDIUM_CONTENT,823,1,,,0,83,1,0,no,0,yes,no,
telugu/emergency/index.html,other,Emergency Telugu | EkGuru,https://ekguru.shop/telugu/emergency/,"index, follow, max-snippet:-1, max-image-preview:large",yes,PUBLISHED,MEDIUM_CONTENT,693,1,,,0,83,1,0,no,0,yes,no,
telugu/family/index.html,other,Family words in Telugu | EkGuru,https://ekguru.shop/telugu/family/,"index, follow, max-snippet:-1, max-image-preview:large",yes,PUBLISHED,MEDIUM_CONTENT,721,1,,,0,83,1,0,no,0,yes,no,
telugu/flashcards-topic/index.html,other,Flashcards by topic in Telugu | EkGuru,https://ekguru.shop/telugu/flashcards-topic/,"index, follow, max-snippet:-1, max-image-preview:large",yes,PUBLISHED,MEDIUM_CONTENT,650,1,,,0,82,1,0,no,0,yes,no,
telugu/for-kids/index.html,other,Telugu for kids | EkGuru,https://ekguru.shop/telugu/for-kids/,"index, follow, max-snippet:-1, max-image-preview:large",yes,PUBLISHED,MEDIUM_CONTENT,647,1,,,0,83,1,0,no,0,yes,no,
telugu/formal-informal/index.html,other,Formal and informal Telugu | EkGuru,https://ekguru.shop/telugu/formal-informal/,"index, follow, max-snippet:-1, max-image-preview:large",yes,PUBLISHED,MEDIUM_CONTENT,716,1,,,0,83,1,0,no,0,yes,no,
telugu/grammar/index.html,other,Telugu grammar | EkGuru,https://ekguru.shop/telugu/grammar/,"index, follow, max-snippet:-1, max-image-preview:large",yes,PUBLISHED,MEDIUM_CONTENT,768,1,,,0,83,1,0,no,0,yes,no,
telugu/greetings/index.html,other,Saying hello the Telugu way | EkGuru,https://ekguru.shop/telugu/greetings/,"index, follow, max-snippet:-1, max-image-preview:large",yes,PUBLISHED,MEDIUM_CONTENT,778,1,,,0,82,1,0,no,0,yes,no,
telugu/heritage/index.html,other,Telugu for heritage learners | EkGuru,https://ekguru.shop/telugu/heritage/,"index, follow, max-snippet:-1, max-image-preview:large",yes,PUBLISHED,MEDIUM_CONTENT,683,1,,,0,83,1,0,no,0,yes,no,
telugu/how-long/index.html,other,How long does Telugu take? | EkGuru,https://ekguru.shop/telugu/how-long/,"index, follow, max-snippet:-1, max-image-preview:large",yes,PUBLISHED,MEDIUM_CONTENT,692,1,,,0,83,1,0,no,0,yes,no,
telugu/index.html,other,Learn Telugu (తెలుగు) | EkGuru,https://ekguru.shop/learn/telugu/,"noindex, follow",no,NOINDEX,RESEARCH_REQUIRED,939,1,,,0,45,1,0,no,0,yes,no,
telugu/indian-languages/index.html,other,Telugu among Indian languages | EkGuru,https://ekguru.shop/telugu/indian-languages/,"index, follow, max-snippet:-1, max-image-preview:large",yes,PUBLISHED,MEDIUM_CONTENT,660,1,,,0,83,1,0,no,0,yes,no,
telugu/listening/index.html,other,Understanding spoken Telugu | EkGuru,https://ekguru.shop/telugu/listening/,"index, follow, max-snippet:-1, max-image-preview:large",yes,PUBLISHED,MEDIUM_CONTENT,705,1,,,0,83,1,0,no,0,yes,no,
telugu/mistakes/index.html,other,Mistakes every learner makes in Telugu | EkGuru,https://ekguru.shop/telugu/mistakes/,"index, follow, max-snippet:-1, max-image-preview:large",yes,PUBLISHED,MEDIUM_CONTENT,742,1,,,0,83,1,0,no,0,yes,no,
telugu/name-topic/index.html,other,Write your name in Telugu | EkGuru,https://ekguru.shop/telugu/name-topic/,"index, follow, max-snippet:-1, max-image-preview:large",yes,PUBLISHED,MEDIUM_CONTENT,718,1,,,0,83,1,0,no,0,yes,no,
telugu/numbers/index.html,other,Counting in Telugu | EkGuru,https://ekguru.shop/telugu/numbers/,"index, follow, max-snippet:-1, max-image-preview:large",yes,PUBLISHED,MEDIUM_CONTENT,739,1,,,0,83,1,0,no,0,yes,no,
telugu/phrases-food/index.html,other,Food phrases in Telugu | EkGuru,https://ekguru.shop/telugu/phrases-food/,"index, follow, max-snippet:-1, max-image-preview:large",yes,PUBLISHED,MEDIUM_CONTENT,749,1,,,0,83,1,0,no,0,yes,no,
telugu/phrases-travel/index.html,other,Travel phrases in Telugu | EkGuru,https://ekguru.shop/telugu/phrases-travel/,"index, follow, max-snippet:-1, max-image-preview:large",yes,PUBLISHED,MEDIUM_CONTENT,704,1,,,0,83,1,0,no,0,yes,no,
telugu/pronunciation/index.html,other,Telugu pronunciation | EkGuru,https://ekguru.shop/telugu/pronunciation/,"index, follow, max-snippet:-1, max-image-preview:large",yes,PUBLISHED,MEDIUM_CONTENT,764,1,,,0,83,1,0,no,0,yes,no,
telugu/reading/index.html,other,Reading Telugu | EkGuru,https://ekguru.shop/telugu/reading/,"index, follow, max-snippet:-1, max-image-preview:large",yes,PUBLISHED,MEDIUM_CONTENT,660,1,,,0,83,1,0,no,0,yes,no,
telugu/relationships/index.html,other,Talking about relationships in Telugu | EkGuru,https://ekguru.shop/telugu/relationships/,"index, follow, max-snippet:-1, max-image-preview:large",yes,PUBLISHED,MEDIUM_CONTENT,670,1,,,0,83,1,0,no,0,yes,no,
telugu/sentence-structure/index.html,other,Telugu sentence structure | EkGuru,https://ekguru.shop/telugu/sentence-structure/,"index, follow, max-snippet:-1, max-image-preview:large",yes,PUBLISHED,MEDIUM_CONTENT,761,1,,,0,83,1,0,no,0,yes,no,
telugu/shopping/index.html,other,Shopping and bargaining in Telugu | EkGuru,https://ekguru.shop/telugu/shopping/,"index, follow, max-snippet:-1, max-image-preview:large",yes,PUBLISHED,MEDIUM_CONTENT,730,1,,,0,83,1,0,no,0,yes,no,
telugu/slang/index.html,other,Telugu slang | EkGuru,https://ekguru.shop/telugu/slang/,"index, follow, max-snippet:-1, max-image-preview:large",yes,PUBLISHED,MEDIUM_CONTENT,682,1,,,0,83,1,0,no,0,yes,no,
telugu/speaking/index.html,other,Speaking practice in Telugu | EkGuru,https://ekguru.shop/telugu/speaking/,"index, follow, max-snippet:-1, max-image-preview:large",yes,PUBLISHED,MEDIUM_CONTENT,698,1,,,0,83,1,0,no,0,yes,no,
telugu/telugu-vs-tamil/index.html,other,Telugu vs Tamil | EkGuru,https://ekguru.shop/telugu/telugu-vs-tamil/,"index, follow, max-snippet:-1, max-image-preview:large",yes,PUBLISHED,MEDIUM_CONTENT,708,1,,,0,83,1,0,no,0,yes,no,
telugu/time-date/index.html,other,Time and dates in Telugu | EkGuru,https://ekguru.shop/telugu/time-date/,"index, follow, max-snippet:-1, max-image-preview:large",yes,PUBLISHED,MEDIUM_CONTENT,681,1,,,0,83,1,0,no,0,yes,no,
telugu/tollywood/index.html,other,Learning from Telugu cinema | EkGuru,https://ekguru.shop/telugu/tollywood/,"index, follow, max-snippet:-1, max-image-preview:large",yes,PUBLISHED,MEDIUM_CONTENT,663,1,,,0,83,1,0,no,0,yes,no,
telugu/verbs/index.html,other,Telugu verbs | EkGuru,https://ekguru.shop/telugu/verbs/,"index, follow, max-snippet:-1, max-image-preview:large",yes,PUBLISHED,MEDIUM_CONTENT,756,1,,,0,83,1,0,no,0,yes,no,
telugu/vocabulary/index.html,other,Core Telugu vocabulary | EkGuru,https://ekguru.shop/telugu/vocabulary/,"index, follow, max-snippet:-1, max-image-preview:large",yes,PUBLISHED,MEDIUM_CONTENT,717,1,,,0,83,1,0,no,0,yes,no,
telugu/writing/index.html,other,Writing Telugu | EkGuru,https://ekguru.shop/telugu/writing/,"index, follow, max-snippet:-1, max-image-preview:large",yes,PUBLISHED,MEDIUM_CONTENT,661,1,,,0,83,1,0,no,0,yes,no,
terms/index.html,legal,Terms of Use — EkGuru Hindi Lessons | EkGuru,https://ekguru.shop/terms/,"index, follow, max-snippet:-1, max-image-preview:large",yes,PUBLISHED,UTILITY,694,1,,,0,43,2,0,no,0,yes,yes,
toolbox/hindi-alphabet/index.html,interactive-tool,Hindi Alphabet Explorer — All 44 Letters | EkGuru,https://ekguru.shop/toolbox/hindi-alphabet/,"index, follow, max-snippet:-1, max-image-preview:large",yes,PUBLISHED,INTERACTIVE_LEARNING,1409,1,,,0,52,1,0,no,0,yes,yes,
toolbox/hindi-date-time/index.html,interactive-tool,"Hindi Days, Months and Telling the Time | EkGuru",https://ekguru.shop/toolbox/hindi-date-time/,"index, follow, max-snippet:-1, max-image-preview:large",yes,PUBLISHED,INTERACTIVE_LEARNING,927,1,,,0,50,1,0,no,0,yes,yes,
toolbox/hindi-flashcards/index.html,interactive-tool,"Hindi Flashcards — Free, No Sign-Up, Saves Progress | EkGuru",https://ekguru.shop/toolbox/hindi-flashcards/,"index, follow, max-snippet:-1, max-image-preview:large",yes,PUBLISHED,INTERACTIVE_LEARNING,718,1,,,0,52,1,0,no,0,yes,yes,
toolbox/hindi-level-test/index.html,interactive-tool,What Level Is My Hindi? — Free Self-Assessment | EkGuru,https://ekguru.shop/toolbox/hindi-level-test/,"index, follow, max-snippet:-1, max-image-preview:large",yes,PUBLISHED,INTERACTIVE_LEARNING,952,1,,,0,51,1,0,no,0,yes,yes,
toolbox/hindi-numbers/index.html,interactive-tool,Hindi Numbers 0 to 100 — Tool and Full Table | EkGuru,https://ekguru.shop/toolbox/hindi-numbers/,"index, follow, max-snippet:-1, max-image-preview:large",yes,PUBLISHED,INTERACTIVE_LEARNING,1197,1,,,0,51,1,0,no,0,yes,yes,
toolbox/hindi-phrasebook/index.html,interactive-tool,Hindi Phrasebook — 69 Phrases People Actually Say | EkGuru,https://ekguru.shop/toolbox/hindi-phrasebook/,"index, follow, max-snippet:-1, max-image-preview:large",yes,PUBLISHED,INTERACTIVE_LEARNING,1734,1,,,0,51,1,0,no,0,yes,yes,
toolbox/hindi-pronunciation/index.html,interactive-tool,Hindi Pronunciation Trainer — Minimal Pairs | EkGuru,https://ekguru.shop/toolbox/hindi-pronunciation/,"index, follow, max-snippet:-1, max-image-preview:large",yes,PUBLISHED,INTERACTIVE_LEARNING,1014,1,,,0,50,1,0,no,0,yes,yes,
toolbox/hindi-quiz/index.html,interactive-tool,"Free Hindi Quiz — Ten Questions, Different Every Time | EkGuru",https://ekguru.shop/toolbox/hindi-quiz/,"index, follow, max-snippet:-1, max-image-preview:large",yes,PUBLISHED,INTERACTIVE_LEARNING,587,1,,,0,54,1,0,no,0,yes,yes,
toolbox/hindi-time-planner/index.html,interactive-tool,How Long Does It Take to Learn Hindi? — Planner | EkGuru,https://ekguru.shop/toolbox/hindi-time-planner/,"index, follow, max-snippet:-1, max-image-preview:large",yes,PUBLISHED,INTERACTIVE_LEARNING,806,1,,,0,49,1,0,no,0,yes,yes,
toolbox/hindi-typing/index.html,interactive-tool,Type in Hindi — Free Devanagari Typing Tool | EkGuru,https://ekguru.shop/toolbox/hindi-typing/,"index, follow, max-snippet:-1, max-image-preview:large",yes,PUBLISHED,INTERACTIVE_LEARNING,830,1,,,0,51,1,0,no,0,yes,yes,
toolbox/hindi-verbs/index.html,interactive-tool,"Hindi Verbs — The First 20, in Three Tenses | EkGuru",https://ekguru.shop/toolbox/hindi-verbs/,"index, follow, max-snippet:-1, max-image-preview:large",yes,PUBLISHED,INTERACTIVE_LEARNING,946,1,,,0,51,1,0,no,0,yes,yes,
toolbox/hindi-vocabulary/index.html,interactive-tool,Hindi Vocabulary by Situation — 69 Words | EkGuru,https://ekguru.shop/toolbox/hindi-vocabulary/,"index, follow, max-snippet:-1, max-image-preview:large",yes,PUBLISHED,INTERACTIVE_LEARNING,1664,1,,,0,50,1,0,no,0,yes,yes,
toolbox/index.html,interactive-tool,"Free Hindi Learning Tools — Alphabet, Numbers, Quiz | EkGuru",https://ekguru.shop/toolbox/,"index, follow, max-snippet:-1, max-image-preview:large",yes,PUBLISHED,INTERACTIVE_LEARNING,770,1,,,0,74,1,0,no,0,yes,yes,
tr/hindi/index.html,other,Hintçe öğrenmek — kapsamlı rehber | EkGuru,https://ekguru.shop/tr/hindi/,"index, follow, max-snippet:-1, max-image-preview:large",yes,PUBLISHED,MEDIUM_CONTENT,857,1,,,0,59,13,0,no,0,yes,yes,
tutor/hemlata/index.html,tutor,Tutor profile not published | EkGuru,https://ekguru.shop/tutor/hemlata/,"noindex, follow",no,NOINDEX,RESEARCH_REQUIRED,155,1,,,0,41,1,0,no,0,yes,yes,
tutor/index.html,tutor,All Hindi Tutors — text directory | EkGuru,https://ekguru.shop/tutor/,"index, follow, max-snippet:-1, max-image-preview:large",yes,PUBLISHED,UTILITY,663,1,,,0,49,1,0,no,0,yes,yes,
tutor/sarshtee-baliyan/index.html,tutor,Tutor profile not published | EkGuru,https://ekguru.shop/tutor/sarshtee-baliyan/,"noindex, follow",no,NOINDEX,RESEARCH_REQUIRED,154,1,,,0,41,1,0,no,0,yes,yes,
tutor/shikha-dutta/index.html,tutor,Shikha Dutta — Online Hindi Tutor Profile | EkGuru,https://ekguru.shop/tutor/shikha-dutta/,"index, follow, max-snippet:-1, max-image-preview:large, max-video-preview:-1",yes,PUBLISHED,UTILITY,802,1,,,0,50,1,0,no,0,yes,yes,
tutor/sushila-g/index.html,tutor,Sushila G. — Online Hindi Tutor Profile | EkGuru,https://ekguru.shop/tutor/sushila-g/,"index, follow, max-snippet:-1, max-image-preview:large, max-video-preview:-1",yes,PUBLISHED,UTILITY,925,1,,,0,50,6,0,no,0,yes,yes,
tutor/tara/index.html,tutor,Tutor profile not published | EkGuru,https://ekguru.shop/tutor/tara/,"noindex, follow",no,NOINDEX,RESEARCH_REQUIRED,152,1,,,0,41,1,0,no,0,yes,yes,
tutor.html,tutor,Hindi Tutor Profile | EkGuru,https://ekguru.shop/tutor/,"noindex, follow",no,NOINDEX,RESEARCH_REQUIRED,120,2,,,0,0,3,0,no,0,yes,yes,
ur/hindi/index.html,other,ہندی سیکھیں — مکمل رہنما | EkGuru,https://ekguru.shop/ur/hindi/,"index, follow, max-snippet:-1, max-image-preview:large",yes,PUBLISHED,MEDIUM_CONTENT,899,1,,,0,59,13,0,no,0,yes,yes,
urdu/alphabet/index.html,other,Urdu alphabet | EkGuru,https://ekguru.shop/urdu/alphabet/,"index, follow, max-snippet:-1, max-image-preview:large",yes,PUBLISHED,MEDIUM_CONTENT,714,1,,,0,83,1,0,no,0,yes,no,
urdu/beginners/index.html,other,Urdu for absolute beginners | EkGuru,https://ekguru.shop/urdu/beginners/,"index, follow, max-snippet:-1, max-image-preview:large",yes,PUBLISHED,MEDIUM_CONTENT,693,1,,,0,83,1,0,no,0,yes,no,
urdu/business/index.html,other,Urdu for work and business | EkGuru,https://ekguru.shop/urdu/business/,"index, follow, max-snippet:-1, max-image-preview:large",yes,PUBLISHED,MEDIUM_CONTENT,668,1,,,0,83,1,0,no,0,yes,no,
urdu/conversation/index.html,other,Real Urdu conversation | EkGuru,https://ekguru.shop/urdu/conversation/,"index, follow, max-snippet:-1, max-image-preview:large",yes,PUBLISHED,MEDIUM_CONTENT,701,1,,,0,83,1,0,no,0,yes,no,
urdu/emergency/index.html,other,Emergency Urdu | EkGuru,https://ekguru.shop/urdu/emergency/,"index, follow, max-snippet:-1, max-image-preview:large",yes,PUBLISHED,MEDIUM_CONTENT,719,1,,,0,83,1,0,no,0,yes,no,
urdu/family/index.html,other,Family words in Urdu | EkGuru,https://ekguru.shop/urdu/family/,"index, follow, max-snippet:-1, max-image-preview:large",yes,PUBLISHED,MEDIUM_CONTENT,638,1,,,0,83,1,0,no,0,yes,no,
urdu/flashcards-topic/index.html,other,Flashcards by topic in Urdu | EkGuru,https://ekguru.shop/urdu/flashcards-topic/,"index, follow, max-snippet:-1, max-image-preview:large",yes,PUBLISHED,MEDIUM_CONTENT,655,1,,,0,82,1,0,no,0,yes,no,
urdu/for-kids/index.html,other,Urdu for kids | EkGuru,https://ekguru.shop/urdu/for-kids/,"index, follow, max-snippet:-1, max-image-preview:large",yes,PUBLISHED,MEDIUM_CONTENT,646,1,,,0,83,1,0,no,0,yes,no,
urdu/formal-informal/index.html,other,Formal and informal Urdu | EkGuru,https://ekguru.shop/urdu/formal-informal/,"index, follow, max-snippet:-1, max-image-preview:large",yes,PUBLISHED,MEDIUM_CONTENT,724,1,,,0,83,1,0,no,0,yes,no,
urdu/grammar/index.html,other,"Urdu grammar, plainly explained | EkGuru",https://ekguru.shop/urdu/grammar/,"index, follow, max-snippet:-1, max-image-preview:large",yes,PUBLISHED,MEDIUM_CONTENT,708,1,,,0,83,1,0,no,0,yes,no,
urdu/greetings/index.html,other,Saying hello the Urdu way | EkGuru,https://ekguru.shop/urdu/greetings/,"index, follow, max-snippet:-1, max-image-preview:large",yes,PUBLISHED,MEDIUM_CONTENT,706,1,,,0,82,1,0,no,0,yes,no,
urdu/heritage/index.html,other,Urdu for heritage learners | EkGuru,https://ekguru.shop/urdu/heritage/,"index, follow, max-snippet:-1, max-image-preview:large",yes,PUBLISHED,MEDIUM_CONTENT,711,1,,,0,83,1,0,no,0,yes,no,
urdu/how-long/index.html,other,How long does Urdu take? | EkGuru,https://ekguru.shop/urdu/how-long/,"index, follow, max-snippet:-1, max-image-preview:large",yes,PUBLISHED,MEDIUM_CONTENT,698,1,,,0,83,1,0,no,0,yes,no,
urdu/index.html,other,Learn Urdu (اردو) | EkGuru,https://ekguru.shop/learn/urdu/,"noindex, follow",no,NOINDEX,RESEARCH_REQUIRED,927,1,,,0,45,1,0,no,0,yes,no,
urdu/indian-languages/index.html,other,Urdu among world languages | EkGuru,https://ekguru.shop/urdu/indian-languages/,"index, follow, max-snippet:-1, max-image-preview:large",yes,PUBLISHED,MEDIUM_CONTENT,640,1,,,0,83,1,0,no,0,yes,no,
urdu/listening/index.html,other,Understanding spoken Urdu | EkGuru,https://ekguru.shop/urdu/listening/,"index, follow, max-snippet:-1, max-image-preview:large",yes,PUBLISHED,MEDIUM_CONTENT,719,1,,,0,83,1,0,no,0,yes,no,
urdu/lollywood/index.html,other,Learning from Pakistani cinema in Urdu | EkGuru,https://ekguru.shop/urdu/lollywood/,"index, follow, max-snippet:-1, max-image-preview:large",yes,PUBLISHED,MEDIUM_CONTENT,664,1,,,0,83,1,0,no,0,yes,no,
urdu/mistakes/index.html,other,Mistakes every learner makes in Urdu | EkGuru,https://ekguru.shop/urdu/mistakes/,"index, follow, max-snippet:-1, max-image-preview:large",yes,PUBLISHED,MEDIUM_CONTENT,760,1,,,0,83,1,0,no,0,yes,no,
urdu/name-topic/index.html,other,Write your name in Urdu | EkGuru,https://ekguru.shop/urdu/name-topic/,"index, follow, max-snippet:-1, max-image-preview:large",yes,PUBLISHED,MEDIUM_CONTENT,725,1,,,0,83,1,0,no,0,yes,no,
urdu/numbers/index.html,other,Counting in Urdu | EkGuru,https://ekguru.shop/urdu/numbers/,"index, follow, max-snippet:-1, max-image-preview:large",yes,PUBLISHED,MEDIUM_CONTENT,654,1,,,0,83,1,0,no,0,yes,no,
urdu/phrases-food/index.html,other,Food phrases in Urdu | EkGuru,https://ekguru.shop/urdu/phrases-food/,"index, follow, max-snippet:-1, max-image-preview:large",yes,PUBLISHED,MEDIUM_CONTENT,678,1,,,0,83,1,0,no,0,yes,no,
urdu/phrases-travel/index.html,other,Travel phrases in Urdu | EkGuru,https://ekguru.shop/urdu/phrases-travel/,"index, follow, max-snippet:-1, max-image-preview:large",yes,PUBLISHED,MEDIUM_CONTENT,645,1,,,0,83,1,0,no,0,yes,no,
urdu/pronunciation/index.html,other,Urdu pronunciation | EkGuru,https://ekguru.shop/urdu/pronunciation/,"index, follow, max-snippet:-1, max-image-preview:large",yes,PUBLISHED,MEDIUM_CONTENT,682,1,,,0,83,1,0,no,0,yes,no,
urdu/reading/index.html,other,Reading Urdu | EkGuru,https://ekguru.shop/urdu/reading/,"index, follow, max-snippet:-1, max-image-preview:large",yes,PUBLISHED,MEDIUM_CONTENT,656,1,,,0,83,1,0,no,0,yes,no,
urdu/relationships/index.html,other,Talking about relationships in Urdu | EkGuru,https://ekguru.shop/urdu/relationships/,"index, follow, max-snippet:-1, max-image-preview:large",yes,PUBLISHED,MEDIUM_CONTENT,666,1,,,0,83,1,0,no,0,yes,no,
urdu/sentence-structure/index.html,other,Urdu sentence structure | EkGuru,https://ekguru.shop/urdu/sentence-structure/,"index, follow, max-snippet:-1, max-image-preview:large",yes,PUBLISHED,MEDIUM_CONTENT,815,1,,,0,83,1,0,no,0,yes,no,
urdu/shopping/index.html,other,Shopping and bargaining in Urdu | EkGuru,https://ekguru.shop/urdu/shopping/,"index, follow, max-snippet:-1, max-image-preview:large",yes,PUBLISHED,MEDIUM_CONTENT,745,1,,,0,83,1,0,no,0,yes,no,
urdu/slang/index.html,other,Urdu slang | EkGuru,https://ekguru.shop/urdu/slang/,"index, follow, max-snippet:-1, max-image-preview:large",yes,PUBLISHED,MEDIUM_CONTENT,709,1,,,0,83,1,0,no,0,yes,no,
urdu/speaking/index.html,other,Speaking practice in Urdu | EkGuru,https://ekguru.shop/urdu/speaking/,"index, follow, max-snippet:-1, max-image-preview:large",yes,PUBLISHED,MEDIUM_CONTENT,707,1,,,0,83,1,0,no,0,yes,no,
urdu/time-date/index.html,other,Time and dates in Urdu | EkGuru,https://ekguru.shop/urdu/time-date/,"index, follow, max-snippet:-1, max-image-preview:large",yes,PUBLISHED,MEDIUM_CONTENT,639,1,,,0,83,1,0,no,0,yes,no,
urdu/urdu-vs-hindi/index.html,other,Urdu vs Hindi | EkGuru,https://ekguru.shop/urdu/urdu-vs-hindi/,"index, follow, max-snippet:-1, max-image-preview:large",yes,PUBLISHED,MEDIUM_CONTENT,696,1,,,0,83,1,0,no,0,yes,no,
urdu/verbs/index.html,other,Urdu verbs | EkGuru,https://ekguru.shop/urdu/verbs/,"index, follow, max-snippet:-1, max-image-preview:large",yes,PUBLISHED,MEDIUM_CONTENT,712,1,,,0,83,1,0,no,0,yes,no,
urdu/vocabulary/index.html,other,Core Urdu vocabulary | EkGuru,https://ekguru.shop/urdu/vocabulary/,"index, follow, max-snippet:-1, max-image-preview:large",yes,PUBLISHED,MEDIUM_CONTENT,639,1,,,0,83,1,0,no,0,yes,no,
urdu/writing/index.html,other,Writing Urdu | EkGuru,https://ekguru.shop/urdu/writing/,"index, follow, max-snippet:-1, max-image-preview:large",yes,PUBLISHED,MEDIUM_CONTENT,662,1,,,0,83,1,0,no,0,yes,no,
vi/hindi/index.html,other,Học tiếng Hindi — hướng dẫn đầy đủ | EkGuru,https://ekguru.shop/vi/hindi/,"index, follow, max-snippet:-1, max-image-preview:large",yes,PUBLISHED,MEDIUM_CONTENT,1107,1,,,0,59,13,0,no,0,yes,yes,
world-languages/afghanistan/index.html,country-language-research,Languages of Afghanistan | EkGuru,https://ekguru.shop/world-languages/afghanistan/,"noindex, follow",no,NOINDEX,RESEARCH_REQUIRED,926,1,,,0,53,1,0,no,0,yes,no,
world-languages/albania/index.html,country-language-research,Languages of Albania | EkGuru,https://ekguru.shop/world-languages/albania/,"noindex, follow",no,NOINDEX,RESEARCH_REQUIRED,571,1,,,0,52,1,0,no,0,yes,no,
world-languages/algeria/index.html,country-language-research,Languages of Algeria | EkGuru,https://ekguru.shop/world-languages/algeria/,"noindex, follow",no,NOINDEX,RESEARCH_REQUIRED,581,1,,,0,50,1,0,no,0,yes,no,
world-languages/andorra/index.html,country-language-research,Languages of Andorra | EkGuru,https://ekguru.shop/world-languages/andorra/,"noindex, follow",no,NOINDEX,RESEARCH_REQUIRED,517,1,,,0,53,1,0,no,0,yes,no,
world-languages/angola/index.html,country-language-research,Languages of Angola | EkGuru,https://ekguru.shop/world-languages/angola/,"noindex, follow",no,NOINDEX,RESEARCH_REQUIRED,611,1,,,0,54,1,0,no,0,yes,no,
world-languages/antigua-and-barbuda/index.html,country-language-research,Languages of Antigua and Barbuda | EkGuru,https://ekguru.shop/world-languages/antigua-and-barbuda/,"noindex, follow",no,NOINDEX,RESEARCH_REQUIRED,521,1,,,0,57,1,0,no,0,yes,no,
world-languages/argentina/index.html,country-language-research,Languages of Argentina | EkGuru,https://ekguru.shop/world-languages/argentina/,"noindex, follow",no,NOINDEX,RESEARCH_REQUIRED,657,1,,,0,56,1,0,no,0,yes,no,
world-languages/armenia/index.html,country-language-research,Languages of Armenia | EkGuru,https://ekguru.shop/world-languages/armenia/,"noindex, follow",no,NOINDEX,RESEARCH_REQUIRED,617,1,,,0,60,1,0,no,0,yes,no,
world-languages/australia/index.html,country-language-research,Languages of Australia | EkGuru,https://ekguru.shop/world-languages/australia/,"noindex, follow",no,NOINDEX,RESEARCH_REQUIRED,699,1,,,0,46,1,0,no,0,yes,no,
world-languages/austria/index.html,country-language-research,Languages of Austria | EkGuru,https://ekguru.shop/world-languages/austria/,"noindex, follow",no,NOINDEX,RESEARCH_REQUIRED,625,1,,,0,50,1,0,no,0,yes,no,
world-languages/azerbaijan/index.html,country-language-research,Languages of Azerbaijan | EkGuru,https://ekguru.shop/world-languages/azerbaijan/,"noindex, follow",no,NOINDEX,RESEARCH_REQUIRED,760,1,,,0,60,1,0,no,0,yes,no,
world-languages/bahamas/index.html,country-language-research,Languages of Bahamas | EkGuru,https://ekguru.shop/world-languages/bahamas/,"noindex, follow",no,NOINDEX,RESEARCH_REQUIRED,517,1,,,0,57,1,0,no,0,yes,no,
world-languages/bahrain/index.html,country-language-research,Languages of Bahrain | EkGuru,https://ekguru.shop/world-languages/bahrain/,"noindex, follow",no,NOINDEX,RESEARCH_REQUIRED,670,1,,,0,61,1,0,no,0,yes,no,
world-languages/bangladesh/index.html,country-language-research,Languages of Bangladesh | EkGuru,https://ekguru.shop/world-languages/bangladesh/,"noindex, follow",no,NOINDEX,RESEARCH_REQUIRED,899,1,,,0,55,1,0,no,0,yes,no,
world-languages/barbados/index.html,country-language-research,Languages of Barbados | EkGuru,https://ekguru.shop/world-languages/barbados/,"noindex, follow",no,NOINDEX,RESEARCH_REQUIRED,478,1,,,0,57,1,0,no,0,yes,no,
world-languages/belarus/index.html,country-language-research,Languages of Belarus | EkGuru,https://ekguru.shop/world-languages/belarus/,"noindex, follow",no,NOINDEX,RESEARCH_REQUIRED,529,1,,,0,48,1,0,no,0,yes,no,
world-languages/belgium/index.html,country-language-research,Languages of Belgium | EkGuru,https://ekguru.shop/world-languages/belgium/,"noindex, follow",no,NOINDEX,RESEARCH_REQUIRED,714,1,,,0,52,1,0,no,0,yes,no,
world-languages/belize/index.html,country-language-research,Languages of Belize | EkGuru,https://ekguru.shop/world-languages/belize/,"noindex, follow",no,NOINDEX,RESEARCH_REQUIRED,553,1,,,0,51,1,0,no,0,yes,no,
world-languages/benin/index.html,country-language-research,Languages of Benin | EkGuru,https://ekguru.shop/world-languages/benin/,"noindex, follow",no,NOINDEX,RESEARCH_REQUIRED,641,1,,,0,60,1,0,no,0,yes,no,
world-languages/bhutan/index.html,country-language-research,Languages of Bhutan | EkGuru,https://ekguru.shop/world-languages/bhutan/,"noindex, follow",no,NOINDEX,RESEARCH_REQUIRED,732,1,,,0,53,1,0,no,0,yes,no,
world-languages/bolivia/index.html,country-language-research,Languages of Bolivia | EkGuru,https://ekguru.shop/world-languages/bolivia/,"noindex, follow",no,NOINDEX,RESEARCH_REQUIRED,606,1,,,0,56,1,0,no,0,yes,no,
world-languages/bosnia-and-herzegovina/index.html,country-language-research,Languages of Bosnia and Herzegovina | EkGuru,https://ekguru.shop/world-languages/bosnia-and-herzegovina/,"noindex, follow",no,NOINDEX,RESEARCH_REQUIRED,602,1,,,0,52,1,0,no,0,yes,no,
world-languages/botswana/index.html,country-language-research,Languages of Botswana | EkGuru,https://ekguru.shop/world-languages/botswana/,"noindex, follow",no,NOINDEX,RESEARCH_REQUIRED,504,1,,,0,49,1,0,no,0,yes,no,
world-languages/brazil/index.html,country-language-research,Languages of Brazil | EkGuru,https://ekguru.shop/world-languages/brazil/,"noindex, follow",no,NOINDEX,RESEARCH_REQUIRED,706,1,,,0,56,1,0,no,0,yes,no,
world-languages/brunei/index.html,country-language-research,Languages of Brunei | EkGuru,https://ekguru.shop/world-languages/brunei/,"noindex, follow",no,NOINDEX,RESEARCH_REQUIRED,692,1,,,0,55,1,0,no,0,yes,no,
world-languages/bulgaria/index.html,country-language-research,Languages of Bulgaria | EkGuru,https://ekguru.shop/world-languages/bulgaria/,"noindex, follow",no,NOINDEX,RESEARCH_REQUIRED,552,1,,,0,52,1,0,no,0,yes,no,
world-languages/burkina-faso/index.html,country-language-research,Languages of Burkina Faso | EkGuru,https://ekguru.shop/world-languages/burkina-faso/,"noindex, follow",no,NOINDEX,RESEARCH_REQUIRED,630,1,,,0,60,1,0,no,0,yes,no,
world-languages/burundi/index.html,country-language-research,Languages of Burundi | EkGuru,https://ekguru.shop/world-languages/burundi/,"noindex, follow",no,NOINDEX,RESEARCH_REQUIRED,504,1,,,0,61,1,0,no,0,yes,no,
world-languages/cambodia/index.html,country-language-research,Languages of Cambodia | EkGuru,https://ekguru.shop/world-languages/cambodia/,"noindex, follow",no,NOINDEX,RESEARCH_REQUIRED,683,1,,,0,55,1,0,no,0,yes,no,
world-languages/cameroon/index.html,country-language-research,Languages of Cameroon | EkGuru,https://ekguru.shop/world-languages/cameroon/,"noindex, follow",no,NOINDEX,RESEARCH_REQUIRED,607,1,,,0,54,1,0,no,0,yes,no,
world-languages/canada/index.html,country-language-research,Languages of Canada | EkGuru,https://ekguru.shop/world-languages/canada/,"noindex, follow",no,NOINDEX,RESEARCH_REQUIRED,801,1,,,0,48,1,0,no,0,yes,no,
world-languages/cape-verde/index.html,country-language-research,Languages of Cape Verde | EkGuru,https://ekguru.shop/world-languages/cape-verde/,"noindex, follow",no,NOINDEX,RESEARCH_REQUIRED,490,1,,,0,60,1,0,no,0,yes,no,
world-languages/central-african-republic/index.html,country-language-research,Languages of Central African Republic | EkGuru,https://ekguru.shop/world-languages/central-african-republic/,"noindex, follow",no,NOINDEX,RESEARCH_REQUIRED,565,1,,,0,54,1,0,no,0,yes,no,
world-languages/chad/index.html,country-language-research,Languages of Chad | EkGuru,https://ekguru.shop/world-languages/chad/,"noindex, follow",no,NOINDEX,RESEARCH_REQUIRED,604,1,,,0,54,1,0,no,0,yes,no,
world-languages/chile/index.html,country-language-research,Languages of Chile | EkGuru,https://ekguru.shop/world-languages/chile/,"noindex, follow",no,NOINDEX,RESEARCH_REQUIRED,609,1,,,0,56,1,0,no,0,yes,no,
world-languages/china/index.html,country-language-research,Languages of China | EkGuru,https://ekguru.shop/world-languages/china/,"noindex, follow",no,NOINDEX,RESEARCH_REQUIRED,1001,1,,,0,49,1,0,no,0,yes,no,
world-languages/colombia/index.html,country-language-research,Languages of Colombia | EkGuru,https://ekguru.shop/world-languages/colombia/,"noindex, follow",no,NOINDEX,RESEARCH_REQUIRED,672,1,,,0,56,1,0,no,0,yes,no,
world-languages/comoros/index.html,country-language-research,Languages of Comoros | EkGuru,https://ekguru.shop/world-languages/comoros/,"noindex, follow",no,NOINDEX,RESEARCH_REQUIRED,507,1,,,0,61,1,0,no,0,yes,no,
world-languages/congo/index.html,country-language-research,Languages of Congo | EkGuru,https://ekguru.shop/world-languages/congo/,"noindex, follow",no,NOINDEX,RESEARCH_REQUIRED,516,1,,,0,54,1,0,no,0,yes,no,
world-languages/costa-rica/index.html,country-language-research,Languages of Costa Rica | EkGuru,https://ekguru.shop/world-languages/costa-rica/,"noindex, follow",no,NOINDEX,RESEARCH_REQUIRED,578,1,,,0,51,1,0,no,0,yes,no,
world-languages/cote-divoire/index.html,country-language-research,Languages of Ivory Coast | EkGuru,https://ekguru.shop/world-languages/cote-divoire/,"noindex, follow",no,NOINDEX,RESEARCH_REQUIRED,576,1,,,0,60,1,0,no,0,yes,no,
world-languages/croatia/index.html,country-language-research,Languages of Croatia | EkGuru,https://ekguru.shop/world-languages/croatia/,"noindex, follow",no,NOINDEX,RESEARCH_REQUIRED,575,1,,,0,52,1,0,no,0,yes,no,
world-languages/cuba/index.html,country-language-research,Languages of Cuba | EkGuru,https://ekguru.shop/world-languages/cuba/,"noindex, follow",no,NOINDEX,RESEARCH_REQUIRED,531,1,,,0,57,1,0,no,0,yes,no,
world-languages/cyprus/index.html,country-language-research,Languages of Cyprus | EkGuru,https://ekguru.shop/world-languages/cyprus/,"noindex, follow",no,NOINDEX,RESEARCH_REQUIRED,558,1,,,0,53,1,0,no,0,yes,no,
world-languages/czechia/index.html,country-language-research,Languages of Czechia | EkGuru,https://ekguru.shop/world-languages/czechia/,"noindex, follow",no,NOINDEX,RESEARCH_REQUIRED,630,1,,,0,50,1,0,no,0,yes,no,
world-languages/denmark/index.html,country-language-research,Languages of Denmark | EkGuru,https://ekguru.shop/world-languages/denmark/,"noindex, follow",no,NOINDEX,RESEARCH_REQUIRED,620,1,,,0,54,1,0,no,0,yes,no,
world-languages/djibouti/index.html,country-language-research,Languages of Djibouti | EkGuru,https://ekguru.shop/world-languages/djibouti/,"noindex, follow",no,NOINDEX,RESEARCH_REQUIRED,505,1,,,0,61,1,0,no,0,yes,no,
world-languages/dominica/index.html,country-language-research,Languages of Dominica | EkGuru,https://ekguru.shop/world-languages/dominica/,"noindex, follow",no,NOINDEX,RESEARCH_REQUIRED,490,1,,,0,57,1,0,no,0,yes,no,
world-languages/dominican-republic/index.html,country-language-research,Languages of Dominican Republic | EkGuru,https://ekguru.shop/world-languages/dominican-republic/,"noindex, follow",no,NOINDEX,RESEARCH_REQUIRED,533,1,,,0,57,1,0,no,0,yes,no,
world-languages/dr-congo/index.html,country-language-research,Languages of DR Congo | EkGuru,https://ekguru.shop/world-languages/dr-congo/,"noindex, follow",no,NOINDEX,RESEARCH_REQUIRED,630,1,,,0,54,1,0,no,0,yes,no,
world-languages/ecuador/index.html,country-language-research,Languages of Ecuador | EkGuru,https://ekguru.shop/world-languages/ecuador/,"noindex, follow",no,NOINDEX,RESEARCH_REQUIRED,594,1,,,0,56,1,0,no,0,yes,no,
world-languages/egypt/index.html,country-language-research,Languages of Egypt | EkGuru,https://ekguru.shop/world-languages/egypt/,"noindex, follow",no,NOINDEX,RESEARCH_REQUIRED,608,1,,,0,50,1,0,no,0,yes,no,
world-languages/el-salvador/index.html,country-language-research,Languages of El Salvador | EkGuru,https://ekguru.shop/world-languages/el-salvador/,"noindex, follow",no,NOINDEX,RESEARCH_REQUIRED,531,1,,,0,51,1,0,no,0,yes,no,
world-languages/equatorial-guinea/index.html,country-language-research,Languages of Equatorial Guinea | EkGuru,https://ekguru.shop/world-languages/equatorial-guinea/,"noindex, follow",no,NOINDEX,RESEARCH_REQUIRED,537,1,,,0,54,1,0,no,0,yes,no,
world-languages/eritrea/index.html,country-language-research,Languages of Eritrea | EkGuru,https://ekguru.shop/world-languages/eritrea/,"noindex, follow",no,NOINDEX,RESEARCH_REQUIRED,568,1,,,0,61,1,0,no,0,yes,no,
world-languages/estonia/index.html,country-language-research,Languages of Estonia | EkGuru,https://ekguru.shop/world-languages/estonia/,"noindex, follow",no,NOINDEX,RESEARCH_REQUIRED,599,1,,,0,54,1,0,no,0,yes,no,
world-languages/eswatini/index.html,country-language-research,Languages of Eswatini | EkGuru,https://ekguru.shop/world-languages/eswatini/,"noindex, follow",no,NOINDEX,RESEARCH_REQUIRED,478,1,,,0,49,1,0,no,0,yes,no,
world-languages/ethiopia/index.html,country-language-research,Languages of Ethiopia | EkGuru,https://ekguru.shop/world-languages/ethiopia/,"noindex, follow",no,NOINDEX,RESEARCH_REQUIRED,1220,1,,,0,61,1,0,no,0,yes,no,
world-languages/fiji/index.html,country-language-research,Languages of Fiji | EkGuru,https://ekguru.shop/world-languages/fiji/,"noindex, follow",no,NOINDEX,RESEARCH_REQUIRED,532,1,,,0,48,1,0,no,0,yes,no,
world-languages/finland/index.html,country-language-research,Languages of Finland | EkGuru,https://ekguru.shop/world-languages/finland/,"noindex, follow",no,NOINDEX,RESEARCH_REQUIRED,671,1,,,0,54,1,0,no,0,yes,no,
world-languages/france/index.html,country-language-research,Languages of France | EkGuru,https://ekguru.shop/world-languages/france/,"noindex, follow",no,NOINDEX,RESEARCH_REQUIRED,634,1,,,0,52,1,0,no,0,yes,no,
world-languages/gabon/index.html,country-language-research,Languages of Gabon | EkGuru,https://ekguru.shop/world-languages/gabon/,"noindex, follow",no,NOINDEX,RESEARCH_REQUIRED,528,1,,,0,54,1,0,no,0,yes,no,
world-languages/gambia/index.html,country-language-research,Languages of Gambia | EkGuru,https://ekguru.shop/world-languages/gambia/,"noindex, follow",no,NOINDEX,RESEARCH_REQUIRED,551,1,,,0,60,1,0,no,0,yes,no,
world-languages/georgia/index.html,country-language-research,Languages of Georgia | EkGuru,https://ekguru.shop/world-languages/georgia/,"noindex, follow",no,NOINDEX,RESEARCH_REQUIRED,885,1,,,0,60,1,0,no,0,yes,no,
world-languages/germany/index.html,country-language-research,Languages of Germany | EkGuru,https://ekguru.shop/world-languages/germany/,"noindex, follow",no,NOINDEX,RESEARCH_REQUIRED,657,1,,,0,52,1,0,no,0,yes,no,
world-languages/ghana/index.html,country-language-research,Languages of Ghana | EkGuru,https://ekguru.shop/world-languages/ghana/,"noindex, follow",no,NOINDEX,RESEARCH_REQUIRED,636,1,,,0,60,1,0,no,0,yes,no,
world-languages/greece/index.html,country-language-research,Languages of Greece | EkGuru,https://ekguru.shop/world-languages/greece/,"noindex, follow",no,NOINDEX,RESEARCH_REQUIRED,550,1,,,0,53,1,0,no,0,yes,no,
world-languages/grenada/index.html,country-language-research,Languages of Grenada | EkGuru,https://ekguru.shop/world-languages/grenada/,"noindex, follow",no,NOINDEX,RESEARCH_REQUIRED,504,1,,,0,57,1,0,no,0,yes,no,
world-languages/guatemala/index.html,country-language-research,Languages of Guatemala | EkGuru,https://ekguru.shop/world-languages/guatemala/,"noindex, follow",no,NOINDEX,RESEARCH_REQUIRED,761,1,,,0,51,1,0,no,0,yes,no,
world-languages/guinea/index.html,country-language-research,Languages of Guinea | EkGuru,https://ekguru.shop/world-languages/guinea/,"noindex, follow",no,NOINDEX,RESEARCH_REQUIRED,599,1,,,0,60,1,0,no,0,yes,no,
world-languages/guinea-bissau/index.html,country-language-research,Languages of Guinea-Bissau | EkGuru,https://ekguru.shop/world-languages/guinea-bissau/,"noindex, follow",no,NOINDEX,RESEARCH_REQUIRED,578,1,,,0,60,1,0,no,0,yes,no,
world-languages/guyana/index.html,country-language-research,Languages of Guyana | EkGuru,https://ekguru.shop/world-languages/guyana/,"noindex, follow",no,NOINDEX,RESEARCH_REQUIRED,532,1,,,0,56,1,0,no,0,yes,no,
world-languages/haiti/index.html,country-language-research,Languages of Haiti | EkGuru,https://ekguru.shop/world-languages/haiti/,"noindex, follow",no,NOINDEX,RESEARCH_REQUIRED,562,1,,,0,57,1,0,no,0,yes,no,
world-languages/honduras/index.html,country-language-research,Languages of Honduras | EkGuru,https://ekguru.shop/world-languages/honduras/,"noindex, follow",no,NOINDEX,RESEARCH_REQUIRED,531,1,,,0,51,1,0,no,0,yes,no,
world-languages/hungary/index.html,country-language-research,Languages of Hungary | EkGuru,https://ekguru.shop/world-languages/hungary/,"noindex, follow",no,NOINDEX,RESEARCH_REQUIRED,569,1,,,0,50,1,0,no,0,yes,no,
world-languages/iceland/index.html,country-language-research,Languages of Iceland | EkGuru,https://ekguru.shop/world-languages/iceland/,"noindex, follow",no,NOINDEX,RESEARCH_REQUIRED,534,1,,,0,54,1,0,no,0,yes,no,
world-languages/index.html,country-language-research,World languages by country | EkGuru,https://ekguru.shop/world-languages/,"noindex, follow",no,NOINDEX,RESEARCH_REQUIRED,1284,1,,,0,39,1,0,no,0,yes,no,
world-languages/india/index.html,country-language-research,Languages of India | EkGuru,https://ekguru.shop/world-languages/india/,"noindex, follow",no,NOINDEX,RESEARCH_REQUIRED,1891,1,,,0,63,1,0,no,0,yes,no,
world-languages/indonesia/index.html,country-language-research,Languages of Indonesia | EkGuru,https://ekguru.shop/world-languages/indonesia/,"noindex, follow",no,NOINDEX,RESEARCH_REQUIRED,1159,1,,,0,55,1,0,no,0,yes,no,
world-languages/iran/index.html,country-language-research,Languages of Iran | EkGuru,https://ekguru.shop/world-languages/iran/,"noindex, follow",no,NOINDEX,RESEARCH_REQUIRED,1052,1,,,0,53,1,0,no,0,yes,no,
world-languages/iraq/index.html,country-language-research,Languages of Iraq | EkGuru,https://ekguru.shop/world-languages/iraq/,"noindex, follow",no,NOINDEX,RESEARCH_REQUIRED,957,1,,,0,60,1,0,no,0,yes,no,
world-languages/ireland/index.html,country-language-research,Languages of Ireland | EkGuru,https://ekguru.shop/world-languages/ireland/,"noindex, follow",no,NOINDEX,RESEARCH_REQUIRED,529,1,,,0,54,1,0,no,0,yes,no,
world-languages/israel/index.html,country-language-research,Languages of Israel | EkGuru,https://ekguru.shop/world-languages/israel/,"noindex, follow",no,NOINDEX,RESEARCH_REQUIRED,924,1,,,0,60,1,0,no,0,yes,no,
world-languages/italy/index.html,country-language-research,Languages of Italy | EkGuru,https://ekguru.shop/world-languages/italy/,"noindex, follow",no,NOINDEX,RESEARCH_REQUIRED,794,1,,,0,53,1,0,no,0,yes,no,
world-languages/jamaica/index.html,country-language-research,Languages of Jamaica | EkGuru,https://ekguru.shop/world-languages/jamaica/,"noindex, follow",no,NOINDEX,RESEARCH_REQUIRED,531,1,,,0,57,1,0,no,0,yes,no,
world-languages/japan/index.html,country-language-research,Languages of Japan | EkGuru,https://ekguru.shop/world-languages/japan/,"noindex, follow",no,NOINDEX,RESEARCH_REQUIRED,622,1,,,0,49,1,0,no,0,yes,no,
world-languages/jordan/index.html,country-language-research,Languages of Jordan | EkGuru,https://ekguru.shop/world-languages/jordan/,"noindex, follow",no,NOINDEX,RESEARCH_REQUIRED,604,1,,,0,60,1,0,no,0,yes,no,
world-languages/kazakhstan/index.html,country-language-research,Languages of Kazakhstan | EkGuru,https://ekguru.shop/world-languages/kazakhstan/,"noindex, follow",no,NOINDEX,RESEARCH_REQUIRED,979,1,,,0,49,1,0,no,0,yes,no,
world-languages/kenya/index.html,country-language-research,Languages of Kenya | EkGuru,https://ekguru.shop/world-languages/kenya/,"noindex, follow",no,NOINDEX,RESEARCH_REQUIRED,636,1,,,0,61,1,0,no,0,yes,no,
world-languages/kiribati/index.html,country-language-research,Languages of Kiribati | EkGuru,https://ekguru.shop/world-languages/kiribati/,"noindex, follow",no,NOINDEX,RESEARCH_REQUIRED,461,1,,,0,49,1,0,no,0,yes,no,
world-languages/kuwait/index.html,country-language-research,Languages of Kuwait | EkGuru,https://ekguru.shop/world-languages/kuwait/,"noindex, follow",no,NOINDEX,RESEARCH_REQUIRED,711,1,,,0,63,1,0,no,0,yes,no,
world-languages/kyrgyzstan/index.html,country-language-research,Languages of Kyrgyzstan | EkGuru,https://ekguru.shop/world-languages/kyrgyzstan/,"noindex, follow",no,NOINDEX,RESEARCH_REQUIRED,820,1,,,0,49,1,0,no,0,yes,no,
world-languages/laos/index.html,country-language-research,Languages of Laos | EkGuru,https://ekguru.shop/world-languages/laos/,"noindex, follow",no,NOINDEX,RESEARCH_REQUIRED,777,1,,,0,55,1,0,no,0,yes,no,
world-languages/latvia/index.html,country-language-research,Languages of Latvia | EkGuru,https://ekguru.shop/world-languages/latvia/,"noindex, follow",no,NOINDEX,RESEARCH_REQUIRED,616,1,,,0,54,1,0,no,0,yes,no,
world-languages/lebanon/index.html,country-language-research,Languages of Lebanon | EkGuru,https://ekguru.shop/world-languages/lebanon/,"noindex, follow",no,NOINDEX,RESEARCH_REQUIRED,678,1,,,0,60,1,0,no,0,yes,no,
world-languages/lesotho/index.html,country-language-research,Languages of Lesotho | EkGuru,https://ekguru.shop/world-languages/lesotho/,"noindex, follow",no,NOINDEX,RESEARCH_REQUIRED,508,1,,,0,49,1,0,no,0,yes,no,
world-languages/liberia/index.html,country-language-research,Languages of Liberia | EkGuru,https://ekguru.shop/world-languages/liberia/,"noindex, follow",no,NOINDEX,RESEARCH_REQUIRED,545,1,,,0,60,1,0,no,0,yes,no,
world-languages/libya/index.html,country-language-research,Languages of Libya | EkGuru,https://ekguru.shop/world-languages/libya/,"noindex, follow",no,NOINDEX,RESEARCH_REQUIRED,546,1,,,0,50,1,0,no,0,yes,no,
world-languages/liechtenstein/index.html,country-language-research,Languages of Liechtenstein | EkGuru,https://ekguru.shop/world-languages/liechtenstein/,"noindex, follow",no,NOINDEX,RESEARCH_REQUIRED,455,1,,,0,52,1,0,no,0,yes,no,
world-languages/lithuania/index.html,country-language-research,Languages of Lithuania | EkGuru,https://ekguru.shop/world-languages/lithuania/,"noindex, follow",no,NOINDEX,RESEARCH_REQUIRED,573,1,,,0,54,1,0,no,0,yes,no,
world-languages/luxembourg/index.html,country-language-research,Languages of Luxembourg | EkGuru,https://ekguru.shop/world-languages/luxembourg/,"noindex, follow",no,NOINDEX,RESEARCH_REQUIRED,577,1,,,0,52,1,0,no,0,yes,no,
world-languages/madagascar/index.html,country-language-research,Languages of Madagascar | EkGuru,https://ekguru.shop/world-languages/madagascar/,"noindex, follow",no,NOINDEX,RESEARCH_REQUIRED,479,1,,,0,61,1,0,no,0,yes,no,
world-languages/malawi/index.html,country-language-research,Languages of Malawi | EkGuru,https://ekguru.shop/world-languages/malawi/,"noindex, follow",no,NOINDEX,RESEARCH_REQUIRED,546,1,,,0,61,1,0,no,0,yes,no,
world-languages/malaysia/index.html,country-language-research,Languages of Malaysia | EkGuru,https://ekguru.shop/world-languages/malaysia/,"noindex, follow",no,NOINDEX,RESEARCH_REQUIRED,924,1,,,0,56,1,0,no,0,yes,no,
world-languages/maldives/index.html,country-language-research,Languages of Maldives | EkGuru,https://ekguru.shop/world-languages/maldives/,"noindex, follow",no,NOINDEX,RESEARCH_REQUIRED,643,1,,,0,54,1,0,no,0,yes,no,
world-languages/mali/index.html,country-language-research,Languages of Mali | EkGuru,https://ekguru.shop/world-languages/mali/,"noindex, follow",no,NOINDEX,RESEARCH_REQUIRED,625,1,,,0,60,1,0,no,0,yes,no,
world-languages/malta/index.html,country-language-research,Languages of Malta | EkGuru,https://ekguru.shop/world-languages/malta/,"noindex, follow",no,NOINDEX,RESEARCH_REQUIRED,518,1,,,0,53,1,0,no,0,yes,no,
world-languages/marshall-islands/index.html,country-language-research,Languages of Marshall Islands | EkGuru,https://ekguru.shop/world-languages/marshall-islands/,"noindex, follow",no,NOINDEX,RESEARCH_REQUIRED,481,1,,,0,49,1,0,no,0,yes,no,
world-languages/mauritania/index.html,country-language-research,Languages of Mauritania | EkGuru,https://ekguru.shop/world-languages/mauritania/,"noindex, follow",no,NOINDEX,RESEARCH_REQUIRED,554,1,,,0,60,1,0,no,0,yes,no,
world-languages/mauritius/index.html,country-language-research,Languages of Mauritius | EkGuru,https://ekguru.shop/world-languages/mauritius/,"noindex, follow",no,NOINDEX,RESEARCH_REQUIRED,523,1,,,0,61,1,0,no,0,yes,no,
world-languages/mexico/index.html,country-language-research,Languages of Mexico | EkGuru,https://ekguru.shop/world-languages/mexico/,"noindex, follow",no,NOINDEX,RESEARCH_REQUIRED,924,1,,,0,47,1,0,no,0,yes,no,
world-languages/micronesia/index.html,country-language-research,Languages of Micronesia | EkGuru,https://ekguru.shop/world-languages/micronesia/,"noindex, follow",no,NOINDEX,RESEARCH_REQUIRED,536,1,,,0,49,1,0,no,0,yes,no,
world-languages/moldova/index.html,country-language-research,Languages of Moldova | EkGuru,https://ekguru.shop/world-languages/moldova/,"noindex, follow",no,NOINDEX,RESEARCH_REQUIRED,661,1,,,0,48,1,0,no,0,yes,no,
world-languages/monaco/index.html,country-language-research,Languages of Monaco | EkGuru,https://ekguru.shop/world-languages/monaco/,"noindex, follow",no,NOINDEX,RESEARCH_REQUIRED,533,1,,,0,52,1,0,no,0,yes,no,
world-languages/mongolia/index.html,country-language-research,Languages of Mongolia | EkGuru,https://ekguru.shop/world-languages/mongolia/,"noindex, follow",no,NOINDEX,RESEARCH_REQUIRED,579,1,,,0,49,1,0,no,0,yes,no,
world-languages/montenegro/index.html,country-language-research,Languages of Montenegro | EkGuru,https://ekguru.shop/world-languages/montenegro/,"noindex, follow",no,NOINDEX,RESEARCH_REQUIRED,556,1,,,0,52,1,0,no,0,yes,no,
world-languages/morocco/index.html,country-language-research,Languages of Morocco | EkGuru,https://ekguru.shop/world-languages/morocco/,"noindex, follow",no,NOINDEX,RESEARCH_REQUIRED,662,1,,,0,50,1,0,no,0,yes,no,
world-languages/mozambique/index.html,country-language-research,Languages of Mozambique | EkGuru,https://ekguru.shop/world-languages/mozambique/,"noindex, follow",no,NOINDEX,RESEARCH_REQUIRED,534,1,,,0,61,1,0,no,0,yes,no,
world-languages/myanmar/index.html,country-language-research,Languages of Myanmar | EkGuru,https://ekguru.shop/world-languages/myanmar/,"noindex, follow",no,NOINDEX,RESEARCH_REQUIRED,1034,1,,,0,55,1,0,no,0,yes,no,
world-languages/namibia/index.html,country-language-research,Languages of Namibia | EkGuru,https://ekguru.shop/world-languages/namibia/,"noindex, follow",no,NOINDEX,RESEARCH_REQUIRED,618,1,,,0,49,1,0,no,0,yes,no,
world-languages/nauru/index.html,country-language-research,Languages of Nauru | EkGuru,https://ekguru.shop/world-languages/nauru/,"noindex, follow",no,NOINDEX,RESEARCH_REQUIRED,463,1,,,0,49,1,0,no,0,yes,no,
world-languages/nepal/index.html,country-language-research,Languages of Nepal | EkGuru,https://ekguru.shop/world-languages/nepal/,"noindex, follow",no,NOINDEX,RESEARCH_REQUIRED,1254,1,,,0,55,1,0,no,0,yes,no,
world-languages/netherlands/index.html,country-language-research,Languages of Netherlands | EkGuru,https://ekguru.shop/world-languages/netherlands/,"noindex, follow",no,NOINDEX,RESEARCH_REQUIRED,666,1,,,0,52,1,0,no,0,yes,no,
world-languages/new-zealand/index.html,country-language-research,Languages of New Zealand | EkGuru,https://ekguru.shop/world-languages/new-zealand/,"noindex, follow",no,NOINDEX,RESEARCH_REQUIRED,708,1,,,0,47,1,0,no,0,yes,no,
world-languages/nicaragua/index.html,country-language-research,Languages of Nicaragua | EkGuru,https://ekguru.shop/world-languages/nicaragua/,"noindex, follow",no,NOINDEX,RESEARCH_REQUIRED,598,1,,,0,51,1,0,no,0,yes,no,
world-languages/niger/index.html,country-language-research,Languages of Niger | EkGuru,https://ekguru.shop/world-languages/niger/,"noindex, follow",no,NOINDEX,RESEARCH_REQUIRED,585,1,,,0,60,1,0,no,0,yes,no,
world-languages/nigeria/index.html,country-language-research,Languages of Nigeria | EkGuru,https://ekguru.shop/world-languages/nigeria/,"noindex, follow",no,NOINDEX,RESEARCH_REQUIRED,782,1,,,0,60,1,0,no,0,yes,no,
world-languages/north-korea/index.html,country-language-research,Languages of North Korea | EkGuru,https://ekguru.shop/world-languages/north-korea/,"noindex, follow",no,NOINDEX,RESEARCH_REQUIRED,498,1,,,0,49,1,0,no,0,yes,no,
world-languages/north-macedonia/index.html,country-language-research,Languages of North Macedonia | EkGuru,https://ekguru.shop/world-languages/north-macedonia/,"noindex, follow",no,NOINDEX,RESEARCH_REQUIRED,595,1,,,0,52,1,0,no,0,yes,no,
world-languages/norway/index.html,country-language-research,Languages of Norway | EkGuru,https://ekguru.shop/world-languages/norway/,"noindex, follow",no,NOINDEX,RESEARCH_REQUIRED,624,1,,,0,54,1,0,no,0,yes,no,
world-languages/oman/index.html,country-language-research,Languages of Oman | EkGuru,https://ekguru.shop/world-languages/oman/,"noindex, follow",no,NOINDEX,RESEARCH_REQUIRED,727,1,,,0,62,1,0,no,0,yes,no,
world-languages/pakistan/index.html,country-language-research,Languages of Pakistan | EkGuru,https://ekguru.shop/world-languages/pakistan/,"noindex, follow",no,NOINDEX,RESEARCH_REQUIRED,1383,1,,,0,54,1,0,no,0,yes,no,
world-languages/palau/index.html,country-language-research,Languages of Palau | EkGuru,https://ekguru.shop/world-languages/palau/,"noindex, follow",no,NOINDEX,RESEARCH_REQUIRED,559,1,,,0,49,1,0,no,0,yes,no,
world-languages/panama/index.html,country-language-research,Languages of Panama | EkGuru,https://ekguru.shop/world-languages/panama/,"noindex, follow",no,NOINDEX,RESEARCH_REQUIRED,552,1,,,0,51,1,0,no,0,yes,no,
world-languages/papua-new-guinea/index.html,country-language-research,Languages of Papua New Guinea | EkGuru,https://ekguru.shop/world-languages/papua-new-guinea/,"noindex, follow",no,NOINDEX,RESEARCH_REQUIRED,580,1,,,0,48,1,0,no,0,yes,no,
world-languages/paraguay/index.html,country-language-research,Languages of Paraguay | EkGuru,https://ekguru.shop/world-languages/paraguay/,"noindex, follow",no,NOINDEX,RESEARCH_REQUIRED,532,1,,,0,56,1,0,no,0,yes,no,
world-languages/peru/index.html,country-language-research,Languages of Peru | EkGuru,https://ekguru.shop/world-languages/peru/,"noindex, follow",no,NOINDEX,RESEARCH_REQUIRED,774,1,,,0,56,1,0,no,0,yes,no,
world-languages/philippines/index.html,country-language-research,Languages of Philippines | EkGuru,https://ekguru.shop/world-languages/philippines/,"noindex, follow",no,NOINDEX,RESEARCH_REQUIRED,1061,1,,,0,55,1,0,no,0,yes,no,
world-languages/poland/index.html,country-language-research,Languages of Poland | EkGuru,https://ekguru.shop/world-languages/poland/,"noindex, follow",no,NOINDEX,RESEARCH_REQUIRED,662,1,,,0,50,1,0,no,0,yes,no,
world-languages/portugal/index.html,country-language-research,Languages of Portugal | EkGuru,https://ekguru.shop/world-languages/portugal/,"noindex, follow",no,NOINDEX,RESEARCH_REQUIRED,571,1,,,0,53,1,0,no,0,yes,no,
world-languages/qatar/index.html,country-language-research,Languages of Qatar | EkGuru,https://ekguru.shop/world-languages/qatar/,"noindex, follow",no,NOINDEX,RESEARCH_REQUIRED,730,1,,,0,63,1,0,no,0,yes,no,
world-languages/romania/index.html,country-language-research,Languages of Romania | EkGuru,https://ekguru.shop/world-languages/romania/,"noindex, follow",no,NOINDEX,RESEARCH_REQUIRED,681,1,,,0,52,1,0,no,0,yes,no,
world-languages/russia/index.html,country-language-research,Languages of Russia | EkGuru,https://ekguru.shop/world-languages/russia/,"noindex, follow",no,NOINDEX,RESEARCH_REQUIRED,1259,1,,,0,48,1,0,no,0,yes,no,
world-languages/rwanda/index.html,country-language-research,Languages of Rwanda | EkGuru,https://ekguru.shop/world-languages/rwanda/,"noindex, follow",no,NOINDEX,RESEARCH_REQUIRED,525,1,,,0,61,1,0,no,0,yes,no,
world-languages/saint-kitts-and-nevis/index.html,country-language-research,Languages of Saint Kitts and Nevis | EkGuru,https://ekguru.shop/world-languages/saint-kitts-and-nevis/,"noindex, follow",no,NOINDEX,RESEARCH_REQUIRED,472,1,,,0,57,1,0,no,0,yes,no,
world-languages/saint-lucia/index.html,country-language-research,Languages of Saint Lucia | EkGuru,https://ekguru.shop/world-languages/saint-lucia/,"noindex, follow",no,NOINDEX,RESEARCH_REQUIRED,500,1,,,0,57,1,0,no,0,yes,no,
world-languages/saint-vincent-and-the-grenadines/index.html,country-language-research,Languages of Saint Vincent and the Grenadines | EkGuru,https://ekguru.shop/world-languages/saint-vincent-and-the-grenadines/,"noindex, follow",no,NOINDEX,RESEARCH_REQUIRED,526,1,,,0,57,1,0,no,0,yes,no,
world-languages/samoa/index.html,country-language-research,Languages of Samoa | EkGuru,https://ekguru.shop/world-languages/samoa/,"noindex, follow",no,NOINDEX,RESEARCH_REQUIRED,465,1,,,0,47,1,0,no,0,yes,no,
world-languages/san-marino/index.html,country-language-research,Languages of San Marino | EkGuru,https://ekguru.shop/world-languages/san-marino/,"noindex, follow",no,NOINDEX,RESEARCH_REQUIRED,467,1,,,0,53,1,0,no,0,yes,no,
world-languages/sao-tome-and-principe/index.html,country-language-research,Languages of São Tomé and Príncipe | EkGuru,https://ekguru.shop/world-languages/sao-tome-and-principe/,"noindex, follow",no,NOINDEX,RESEARCH_REQUIRED,426,1,,,0,53,1,0,no,0,yes,no,
world-languages/saudi-arabia/index.html,country-language-research,Languages of Saudi Arabia | EkGuru,https://ekguru.shop/world-languages/saudi-arabia/,"noindex, follow",no,NOINDEX,RESEARCH_REQUIRED,946,1,,,0,64,1,0,no,0,yes,no,
world-languages/senegal/index.html,country-language-research,Languages of Senegal | EkGuru,https://ekguru.shop/world-languages/senegal/,"noindex, follow",no,NOINDEX,RESEARCH_REQUIRED,575,1,,,0,60,1,0,no,0,yes,no,
world-languages/serbia/index.html,country-language-research,Languages of Serbia | EkGuru,https://ekguru.shop/world-languages/serbia/,"noindex, follow",no,NOINDEX,RESEARCH_REQUIRED,654,1,,,0,52,1,0,no,0,yes,no,
world-languages/seychelles/index.html,country-language-research,Languages of Seychelles | EkGuru,https://ekguru.shop/world-languages/seychelles/,"noindex, follow",no,NOINDEX,RESEARCH_REQUIRED,498,1,,,0,61,1,0,no,0,yes,no,
world-languages/sierra-leone/index.html,country-language-research,Languages of Sierra Leone | EkGuru,https://ekguru.shop/world-languages/sierra-leone/,"noindex, follow",no,NOINDEX,RESEARCH_REQUIRED,565,1,,,0,60,1,0,no,0,yes,no,
world-languages/singapore/index.html,country-language-research,Languages of Singapore | EkGuru,https://ekguru.shop/world-languages/singapore/,"noindex, follow",no,NOINDEX,RESEARCH_REQUIRED,765,1,,,0,56,1,0,no,0,yes,no,
world-languages/slovakia/index.html,country-language-research,Languages of Slovakia | EkGuru,https://ekguru.shop/world-languages/slovakia/,"noindex, follow",no,NOINDEX,RESEARCH_REQUIRED,619,1,,,0,50,1,0,no,0,yes,no,
world-languages/slovenia/index.html,country-language-research,Languages of Slovenia | EkGuru,https://ekguru.shop/world-languages/slovenia/,"noindex, follow",no,NOINDEX,RESEARCH_REQUIRED,611,1,,,0,50,1,0,no,0,yes,no,
world-languages/solomon-islands/index.html,country-language-research,Languages of Solomon Islands | EkGuru,https://ekguru.shop/world-languages/solomon-islands/,"noindex, follow",no,NOINDEX,RESEARCH_REQUIRED,516,1,,,0,48,1,0,no,0,yes,no,
world-languages/somalia/index.html,country-language-research,Languages of Somalia | EkGuru,https://ekguru.shop/world-languages/somalia/,"noindex, follow",no,NOINDEX,RESEARCH_REQUIRED,530,1,,,0,61,1,0,no,0,yes,no,
world-languages/south-africa/index.html,country-language-research,Languages of South Africa | EkGuru,https://ekguru.shop/world-languages/south-africa/,"noindex, follow",no,NOINDEX,RESEARCH_REQUIRED,923,1,,,0,49,1,0,no,0,yes,no,
world-languages/south-korea/index.html,country-language-research,Languages of South Korea | EkGuru,https://ekguru.shop/world-languages/south-korea/,"noindex, follow",no,NOINDEX,RESEARCH_REQUIRED,558,1,,,0,49,1,0,no,0,yes,no,
world-languages/south-sudan/index.html,country-language-research,Languages of South Sudan | EkGuru,https://ekguru.shop/world-languages/south-sudan/,"noindex, follow",no,NOINDEX,RESEARCH_REQUIRED,591,1,,,0,54,1,0,no,0,yes,no,
world-languages/spain/index.html,country-language-research,Languages of Spain | EkGuru,https://ekguru.shop/world-languages/spain/,"noindex, follow",no,NOINDEX,RESEARCH_REQUIRED,804,1,,,0,53,1,0,no,0,yes,no,
world-languages/sri-lanka/index.html,country-language-research,Languages of Sri Lanka | EkGuru,https://ekguru.shop/world-languages/sri-lanka/,"noindex, follow",no,NOINDEX,RESEARCH_REQUIRED,752,1,,,0,54,1,0,no,0,yes,no,
world-languages/sudan/index.html,country-language-research,Languages of Sudan | EkGuru,https://ekguru.shop/world-languages/sudan/,"noindex, follow",no,NOINDEX,RESEARCH_REQUIRED,593,1,,,0,50,1,0,no,0,yes,no,
world-languages/suriname/index.html,country-language-research,Languages of Suriname | EkGuru,https://ekguru.shop/world-languages/suriname/,"noindex, follow",no,NOINDEX,RESEARCH_REQUIRED,586,1,,,0,56,1,0,no,0,yes,no,
world-languages/sweden/index.html,country-language-research,Languages of Sweden | EkGuru,https://ekguru.shop/world-languages/sweden/,"noindex, follow",no,NOINDEX,RESEARCH_REQUIRED,633,1,,,0,54,1,0,no,0,yes,no,
world-languages/switzerland/index.html,country-language-research,Languages of Switzerland | EkGuru,https://ekguru.shop/world-languages/switzerland/,"noindex, follow",no,NOINDEX,RESEARCH_REQUIRED,693,1,,,0,52,1,0,no,0,yes,no,
world-languages/syria/index.html,country-language-research,Languages of Syria | EkGuru,https://ekguru.shop/world-languages/syria/,"noindex, follow",no,NOINDEX,RESEARCH_REQUIRED,746,1,,,0,60,1,0,no,0,yes,no,
world-languages/tajikistan/index.html,country-language-research,Languages of Tajikistan | EkGuru,https://ekguru.shop/world-languages/tajikistan/,"noindex, follow",no,NOINDEX,RESEARCH_REQUIRED,888,1,,,0,49,1,0,no,0,yes,no,
world-languages/tanzania/index.html,country-language-research,Languages of Tanzania | EkGuru,https://ekguru.shop/world-languages/tanzania/,"noindex, follow",no,NOINDEX,RESEARCH_REQUIRED,569,1,,,0,61,1,0,no,0,yes,no,
world-languages/thailand/index.html,country-language-research,Languages of Thailand | EkGuru,https://ekguru.shop/world-languages/thailand/,"noindex, follow",no,NOINDEX,RESEARCH_REQUIRED,921,1,,,0,55,1,0,no,0,yes,no,
world-languages/timor-leste/index.html,country-language-research,Languages of Timor-Leste | EkGuru,https://ekguru.shop/world-languages/timor-leste/,"noindex, follow",no,NOINDEX,RESEARCH_REQUIRED,751,1,,,0,55,1,0,no,0,yes,no,
world-languages/togo/index.html,country-language-research,Languages of Togo | EkGuru,https://ekguru.shop/world-languages/togo/,"noindex, follow",no,NOINDEX,RESEARCH_REQUIRED,532,1,,,0,60,1,0,no,0,yes,no,
world-languages/tonga/index.html,country-language-research,Languages of Tonga | EkGuru,https://ekguru.shop/world-languages/tonga/,"noindex, follow",no,NOINDEX,RESEARCH_REQUIRED,465,1,,,0,47,1,0,no,0,yes,no,
world-languages/trinidad-and-tobago/index.html,country-language-research,Languages of Trinidad and Tobago | EkGuru,https://ekguru.shop/world-languages/trinidad-and-tobago/,"noindex, follow",no,NOINDEX,RESEARCH_REQUIRED,590,1,,,0,57,1,0,no,0,yes,no,
world-languages/tunisia/index.html,country-language-research,Languages of Tunisia | EkGuru,https://ekguru.shop/world-languages/tunisia/,"noindex, follow",no,NOINDEX,RESEARCH_REQUIRED,514,1,,,0,50,1,0,no,0,yes,no,
world-languages/turkiye/index.html,country-language-research,Languages of Türkiye | EkGuru,https://ekguru.shop/world-languages/turkiye/,"noindex, follow",no,NOINDEX,RESEARCH_REQUIRED,972,1,,,0,60,1,0,no,0,yes,no,
world-languages/turkmenistan/index.html,country-language-research,Languages of Turkmenistan | EkGuru,https://ekguru.shop/world-languages/turkmenistan/,"noindex, follow",no,NOINDEX,RESEARCH_REQUIRED,750,1,,,0,49,1,0,no,0,yes,no,
world-languages/tuvalu/index.html,country-language-research,Languages of Tuvalu | EkGuru,https://ekguru.shop/world-languages/tuvalu/,"noindex, follow",no,NOINDEX,RESEARCH_REQUIRED,458,1,,,0,47,1,0,no,0,yes,no,
world-languages/uae/index.html,country-language-research,Languages of United Arab Emirates | EkGuru,https://ekguru.shop/world-languages/uae/,"noindex, follow",no,NOINDEX,RESEARCH_REQUIRED,888,1,,,0,64,1,0,no,0,yes,no,
world-languages/uganda/index.html,country-language-research,Languages of Uganda | EkGuru,https://ekguru.shop/world-languages/uganda/,"noindex, follow",no,NOINDEX,RESEARCH_REQUIRED,568,1,,,0,61,1,0,no,0,yes,no,
world-languages/uk/index.html,country-language-research,Languages of United Kingdom | EkGuru,https://ekguru.shop/world-languages/uk/,"noindex, follow",no,NOINDEX,RESEARCH_REQUIRED,856,1,,,0,56,1,0,no,0,yes,no,
world-languages/ukraine/index.html,country-language-research,Languages of Ukraine | EkGuru,https://ekguru.shop/world-languages/ukraine/,"noindex, follow",no,NOINDEX,RESEARCH_REQUIRED,655,1,,,0,48,1,0,no,0,yes,no,
world-languages/uruguay/index.html,country-language-research,Languages of Uruguay | EkGuru,https://ekguru.shop/world-languages/uruguay/,"noindex, follow",no,NOINDEX,RESEARCH_REQUIRED,521,1,,,0,56,1,0,no,0,yes,no,
world-languages/usa/index.html,country-language-research,Languages of United States | EkGuru,https://ekguru.shop/world-languages/usa/,"noindex, follow",no,NOINDEX,RESEARCH_REQUIRED,957,1,,,0,48,1,0,no,0,yes,no,
world-languages/uzbekistan/index.html,country-language-research,Languages of Uzbekistan | EkGuru,https://ekguru.shop/world-languages/uzbekistan/,"noindex, follow",no,NOINDEX,RESEARCH_REQUIRED,1068,1,,,0,49,1,0,no,0,yes,no,
world-languages/vanuatu/index.html,country-language-research,Languages of Vanuatu | EkGuru,https://ekguru.shop/world-languages/vanuatu/,"noindex, follow",no,NOINDEX,RESEARCH_REQUIRED,527,1,,,0,48,1,0,no,0,yes,no,
world-languages/vatican-city/index.html,country-language-research,Languages of Vatican City | EkGuru,https://ekguru.shop/world-languages/vatican-city/,"noindex, follow",no,NOINDEX,RESEARCH_REQUIRED,545,1,,,0,53,1,0,no,0,yes,no,
world-languages/venezuela/index.html,country-language-research,Languages of Venezuela | EkGuru,https://ekguru.shop/world-languages/venezuela/,"noindex, follow",no,NOINDEX,RESEARCH_REQUIRED,700,1,,,0,56,1,0,no,0,yes,no,
world-languages/vietnam/index.html,country-language-research,Languages of Vietnam | EkGuru,https://ekguru.shop/world-languages/vietnam/,"noindex, follow",no,NOINDEX,RESEARCH_REQUIRED,1156,1,,,0,55,1,0,no,0,yes,no,
world-languages/yemen/index.html,country-language-research,Languages of Yemen | EkGuru,https://ekguru.shop/world-languages/yemen/,"noindex, follow",no,NOINDEX,RESEARCH_REQUIRED,676,1,,,0,60,1,0,no,0,yes,no,
world-languages/zambia/index.html,country-language-research,Languages of Zambia | EkGuru,https://ekguru.shop/world-languages/zambia/,"noindex, follow",no,NOINDEX,RESEARCH_REQUIRED,573,1,,,0,61,1,0,no,0,yes,no,
world-languages/zimbabwe/index.html,country-language-research,Languages of Zimbabwe | EkGuru,https://ekguru.shop/world-languages/zimbabwe/,"noindex, follow",no,NOINDEX,RESEARCH_REQUIRED,563,1,,,0,61,1,0,no,0,yes,no,
zh/hindi/index.html,other,学习印地语 — 完整指南 | EkGuru,https://ekguru.shop/zh/hindi/,"index, follow, max-snippet:-1, max-image-preview:large",yes,PUBLISHED,MEDIUM_CONTENT,501,1,,,0,59,13,0,no,0,yes,yes,
